household_type,income_group,year,all_means_tested_transfers,medicaid_and_chip,snap,ssi,other_transfers
all_households,all_quintiles,1979,100.0,100.0,100.0,100.0,100.0
all_households,all_quintiles,1980,100.0,100.0,100.0,100.0,100.0
all_households,all_quintiles,1981,100.0,100.0,100.0,100.0,100.0
all_households,all_quintiles,1982,100.0,100.0,100.0,100.0,100.0
all_households,all_quintiles,1983,100.0,100.0,100.0,100.0,100.0
all_households,all_quintiles,1984,100.0,100.0,100.0,100.0,100.0
all_households,all_quintiles,1985,100.0,100.0,100.0,100.0,100.0
all_households,all_quintiles,1986,100.0,100.0,100.0,100.0,100.0
all_households,all_quintiles,1987,100.0,100.0,100.0,100.0,100.0
all_households,all_quintiles,1988,100.0,100.0,100.0,100.0,100.0
all_households,all_quintiles,1989,100.0,100.0,100.0,100.0,100.0
all_households,all_quintiles,1990,100.0,100.0,100.0,100.0,100.0
all_households,all_quintiles,1991,100.0,100.0,100.0,100.0,100.0
all_households,all_quintiles,1992,100.0,100.0,100.0,100.0,100.0
all_households,all_quintiles,1993,100.0,100.0,100.0,100.0,100.0
all_households,all_quintiles,1994,100.0,100.0,100.0,100.0,100.0
all_households,all_quintiles,1995,100.0,100.0,100.0,100.0,100.0
all_households,all_quintiles,1996,100.0,100.0,100.0,100.0,100.0
all_households,all_quintiles,1997,100.0,100.0,100.0,100.0,100.0
all_households,all_quintiles,1998,100.0,100.0,100.0,100.0,100.0
all_households,all_quintiles,1999,100.0,100.0,100.0,100.0,100.0
all_households,all_quintiles,2000,100.0,100.0,100.0,100.0,100.0
all_households,all_quintiles,2001,100.0,100.0,100.0,100.0,100.0
all_households,all_quintiles,2002,100.0,100.0,100.0,100.0,100.0
all_households,all_quintiles,2003,100.0,100.0,100.0,100.0,100.0
all_households,all_quintiles,2004,100.0,100.0,100.0,100.0,100.0
all_households,all_quintiles,2005,100.0,100.0,100.0,100.0,100.0
all_households,all_quintiles,2006,100.0,100.0,100.0,100.0,100.0
all_households,all_quintiles,2007,100.0,100.0,100.0,100.0,100.0
all_households,all_quintiles,2008,100.0,100.0,100.0,100.0,100.0
all_households,all_quintiles,2009,100.0,100.0,100.0,100.0,100.0
all_households,all_quintiles,2010,100.0,100.0,100.0,100.0,100.0
all_households,all_quintiles,2011,100.0,100.0,100.0,100.0,100.0
all_households,all_quintiles,2012,100.0,100.0,100.0,100.0,100.0
all_households,all_quintiles,2013,100.0,100.0,100.0,100.0,100.0
all_households,all_quintiles,2014,100.0,100.0,100.0,100.0,100.0
all_households,all_quintiles,2015,100.0,100.0,100.0,100.0,100.0
all_households,all_quintiles,2016,100.0,100.0,100.0,100.0,100.0
all_households,all_quintiles,2017,100.0,100.0,100.0,100.0,100.0
all_households,lowest_quintile,1979,72.3,71.5,74.0,74.5,71.4
all_households,lowest_quintile,1980,71.7,71.8,71.8,74.9,70.2
all_households,lowest_quintile,1981,71.4,71.0,70.3,73.1,71.6
all_households,lowest_quintile,1982,73.5,72.1,73.6,73.9,74.4
all_households,lowest_quintile,1983,76.4,76.2,76.2,73.1,77.7
all_households,lowest_quintile,1984,73.9,73.9,73.3,72.0,74.8
all_households,lowest_quintile,1985,76.2,75.1,77.7,72.3,77.8
all_households,lowest_quintile,1986,75.9,74.7,78.9,72.0,77.3
all_households,lowest_quintile,1987,77.2,75.5,82.4,71.0,79.5
all_households,lowest_quintile,1988,77.4,75.0,81.8,72.8,80.1
all_households,lowest_quintile,1989,75.6,73.1,80.8,69.4,78.8
all_households,lowest_quintile,1990,74.1,71.1,78.2,66.9,79.0
all_households,lowest_quintile,1991,71.7,69.1,72.8,67.9,76.2
all_households,lowest_quintile,1992,68.8,66.0,69.2,66.8,74.0
all_households,lowest_quintile,1993,68.0,64.8,68.6,65.3,73.9
all_households,lowest_quintile,1994,67.9,63.6,69.9,68.5,73.5
all_households,lowest_quintile,1995,68.4,64.1,70.5,67.6,75.2
all_households,lowest_quintile,1996,68.7,64.3,70.7,69.7,74.9
all_households,lowest_quintile,1997,68.1,63.3,69.9,70.3,75.7
all_households,lowest_quintile,1998,66.1,61.1,71.7,68.6,74.9
all_households,lowest_quintile,1999,64.7,60.0,72.0,66.5,74.7
all_households,lowest_quintile,2000,64.4,59.6,72.6,69.4,73.6
all_households,lowest_quintile,2001,63.4,58.6,73.1,69.0,72.8
all_households,lowest_quintile,2002,61.1,56.6,67.7,66.3,72.5
all_households,lowest_quintile,2003,60.0,55.3,67.5,66.8,71.4
all_households,lowest_quintile,2004,59.2,54.9,66.5,64.0,72.0
all_households,lowest_quintile,2005,59.4,54.3,67.3,65.3,73.7
all_households,lowest_quintile,2006,59.4,53.9,68.7,63.5,73.1
all_households,lowest_quintile,2007,58.9,53.1,68.9,64.3,72.3
all_households,lowest_quintile,2008,57.7,52.7,64.7,62.1,71.0
all_households,lowest_quintile,2009,55.8,50.4,60.4,62.5,70.1
all_households,lowest_quintile,2010,55.8,50.8,57.4,63.7,69.2
all_households,lowest_quintile,2011,55.2,49.9,57.4,63.0,68.8
all_households,lowest_quintile,2012,55.3,50.1,59.0,63.4,68.0
all_households,lowest_quintile,2013,55.6,50.6,58.8,64.3,68.1
all_households,lowest_quintile,2014,53.1,48.5,58.8,62.3,66.5
all_households,lowest_quintile,2015,50.9,45.8,58.4,62.1,65.6
all_households,lowest_quintile,2016,50.8,45.4,60.3,63.0,66.2
all_households,lowest_quintile,2017,50.1,44.7,60.7,60.6,66.8
all_households,second_quintile,1979,14.9,14.9,17.4,12.1,15.0
all_households,second_quintile,1980,16.2,16.0,20.0,11.7,16.2
all_households,second_quintile,1981,15.9,15.5,19.4,11.7,16.1
all_households,second_quintile,1982,15.8,15.5,19.2,12.5,15.6
all_households,second_quintile,1983,13.3,13.4,16.2,12.6,12.3
all_households,second_quintile,1984,14.4,14.4,17.0,11.7,14.3
all_households,second_quintile,1985,12.8,13.5,14.7,10.9,12.2
all_households,second_quintile,1986,13.7,14.1,14.9,12.6,13.4
all_households,second_quintile,1987,12.3,13.6,11.1,12.7,11.5
all_households,second_quintile,1988,12.1,13.0,11.8,12.5,11.2
all_households,second_quintile,1989,13.5,14.5,12.6,14.5,12.4
all_households,second_quintile,1990,14.0,15.0,15.0,14.2,12.3
all_households,second_quintile,1991,15.8,16.7,18.3,15.3,13.7
all_households,second_quintile,1992,17.8,18.7,20.8,16.6,15.7
all_households,second_quintile,1993,18.7,20.4,21.1,17.3,15.9
all_households,second_quintile,1994,18.2,19.3,20.9,16.4,16.2
all_households,second_quintile,1995,17.9,19.4,20.0,17.4,14.7
all_households,second_quintile,1996,18.1,19.6,20.8,15.4,15.8
all_households,second_quintile,1997,18.3,19.7,21.9,14.5,16.5
all_households,second_quintile,1998,19.8,21.7,20.8,16.7,16.8
all_households,second_quintile,1999,19.9,22.1,19.8,16.5,16.1
all_households,second_quintile,2000,19.7,21.6,19.9,15.2,16.3
all_households,second_quintile,2001,20.7,22.8,19.6,15.5,17.0
all_households,second_quintile,2002,21.5,23.1,22.8,16.6,17.8
all_households,second_quintile,2003,22.1,23.8,23.7,16.3,18.5
all_households,second_quintile,2004,23.1,24.7,25.0,17.5,18.6
all_households,second_quintile,2005,22.4,24.3,24.0,16.8,16.7
all_households,second_quintile,2006,22.1,24.3,23.3,17.5,16.2
all_households,second_quintile,2007,22.1,24.5,22.5,16.9,16.4
all_households,second_quintile,2008,23.1,24.8,25.3,17.8,18.0
all_households,second_quintile,2009,23.9,25.3,27.9,18.3,18.2
all_households,second_quintile,2010,24.6,25.7,28.9,18.9,19.6
all_households,second_quintile,2011,25.0,26.4,29.9,17.7,19.3
all_households,second_quintile,2012,25.0,26.4,29.3,18.0,19.2
all_households,second_quintile,2013,25.2,26.7,28.7,18.8,19.3
all_households,second_quintile,2014,25.4,26.8,27.8,19.9,19.8
all_households,second_quintile,2015,26.5,28.4,28.1,18.6,19.6
all_households,second_quintile,2016,26.1,28.1,26.3,19.0,19.3
all_households,second_quintile,2017,26.3,28.3,26.0,18.6,19.4
all_households,middle_quintile,1979,5.8,5.9,3.9,6.1,6.4
all_households,middle_quintile,1980,5.5,5.7,4.0,4.9,6.2
all_households,middle_quintile,1981,5.2,5.6,4.8,4.8,5.2
all_households,middle_quintile,1982,4.5,5.0,3.1,5.6,4.3
all_households,middle_quintile,1983,4.1,4.1,3.2,5.8,4.0
all_households,middle_quintile,1984,4.9,5.0,4.2,6.6,4.4
all_households,middle_quintile,1985,4.3,4.4,2.9,6.7,3.9
all_households,middle_quintile,1986,4.7,5.5,2.9,7.1,3.8
all_households,middle_quintile,1987,4.6,4.8,2.5,6.8,4.2
all_households,middle_quintile,1988,5.1,5.8,2.8,7.2,4.3
all_households,middle_quintile,1989,4.6,5.3,2.7,6.3,3.8
all_households,middle_quintile,1990,5.1,6.1,2.8,7.8,3.6
all_households,middle_quintile,1991,5.5,6.3,4.2,7.2,4.2
all_households,middle_quintile,1992,6.3,7.2,5.2,7.3,5.0
all_households,middle_quintile,1993,6.6,7.3,6.1,8.1,5.2
all_households,middle_quintile,1994,6.5,7.8,5.3,5.9,5.1
all_households,middle_quintile,1995,7.0,8.2,5.9,7.0,5.6
all_households,middle_quintile,1996,6.7,7.7,5.5,7.0,5.2
all_households,middle_quintile,1997,6.8,8.3,5.2,6.9,4.4
all_households,middle_quintile,1998,7.0,8.4,4.2,7.1,4.2
all_households,middle_quintile,1999,8.0,9.4,5.1,8.3,4.6
all_households,middle_quintile,2000,8.0,9.4,4.4,7.4,5.1
all_households,middle_quintile,2001,8.3,9.7,4.6,7.2,5.4
all_households,middle_quintile,2002,9.3,10.9,5.9,8.3,5.0
all_households,middle_quintile,2003,9.5,11.2,5.5,7.6,5.4
all_households,middle_quintile,2004,9.5,11.2,5.2,8.4,5.0
all_households,middle_quintile,2005,9.4,11.2,5.5,8.1,4.5
all_households,middle_quintile,2006,9.4,11.3,4.9,8.5,5.1
all_households,middle_quintile,2007,9.9,11.9,5.3,8.7,5.2
all_households,middle_quintile,2008,10.0,11.9,6.2,9.2,5.2
all_households,middle_quintile,2009,10.9,12.9,7.3,9.6,6.2
all_households,middle_quintile,2010,10.6,12.7,8.2,8.1,5.8
all_households,middle_quintile,2011,11.3,13.3,8.7,10.2,6.4
all_households,middle_quintile,2012,11.0,12.9,8.1,9.4,7.0
all_households,middle_quintile,2013,11.2,13.1,8.5,8.9,6.8
all_households,middle_quintile,2014,11.9,13.7,8.1,9.4,7.2
all_households,middle_quintile,2015,12.6,14.5,8.2,9.5,7.7
all_households,middle_quintile,2016,12.6,14.5,8.0,8.8,7.5
all_households,middle_quintile,2017,13.1,15.2,7.7,10.3,7.1
all_households,fourth_quintile,1979,3.3,3.5,1.7,3.6,3.7
all_households,fourth_quintile,1980,2.8,2.8,1.3,3.8,3.2
all_households,fourth_quintile,1981,2.8,3.2,1.5,4.2,2.7
all_households,fourth_quintile,1982,2.3,2.8,1.0,3.4,2.1
all_households,fourth_quintile,1983,2.2,2.4,0.8,3.8,2.0
all_households,fourth_quintile,1984,2.6,2.6,1.5,4.7,2.4
all_households,fourth_quintile,1985,2.3,2.4,0.9,4.2,2.1
all_households,fourth_quintile,1986,2.4,2.4,0.9,4.0,2.3
all_households,fourth_quintile,1987,2.7,3.0,1.0,4.7,2.2
all_households,fourth_quintile,1988,2.4,2.9,0.7,3.4,2.2
all_households,fourth_quintile,1989,2.7,3.2,0.9,5.0,2.0
all_households,fourth_quintile,1990,2.6,3.2,0.9,4.4,2.0
all_households,fourth_quintile,1991,2.9,3.6,1.7,4.1,2.1
all_households,fourth_quintile,1992,3.3,3.9,2.1,3.9,2.7
all_households,fourth_quintile,1993,3.0,3.6,1.7,4.1,2.2
all_households,fourth_quintile,1994,3.5,4.5,1.7,4.2,2.4
all_households,fourth_quintile,1995,3.2,4.0,1.8,3.8,2.4
all_households,fourth_quintile,1996,3.3,4.2,1.5,4.1,2.1
all_households,fourth_quintile,1997,3.7,4.7,1.3,4.7,1.7
all_households,fourth_quintile,1998,3.5,4.4,1.4,3.5,2.0
all_households,fourth_quintile,1999,3.8,4.7,1.3,4.3,1.9
all_households,fourth_quintile,2000,4.1,5.0,1.3,3.8,2.3
all_households,fourth_quintile,2001,3.8,4.5,1.1,3.8,1.9
all_households,fourth_quintile,2002,4.1,4.9,1.4,3.8,2.2
all_households,fourth_quintile,2003,4.3,5.2,1.0,4.2,2.0
all_households,fourth_quintile,2004,4.4,5.2,1.5,5.1,2.2
all_households,fourth_quintile,2005,4.4,5.4,1.2,4.4,1.9
all_households,fourth_quintile,2006,4.8,5.8,1.1,5.1,2.5
all_households,fourth_quintile,2007,4.7,5.6,1.3,4.8,2.7
all_households,fourth_quintile,2008,4.6,5.4,1.3,5.1,2.5
all_households,fourth_quintile,2009,4.9,6.1,2.0,4.8,2.4
all_households,fourth_quintile,2010,5.0,6.2,2.9,4.5,2.4
all_households,fourth_quintile,2011,4.7,5.9,2.1,4.9,2.5
all_households,fourth_quintile,2012,4.8,6.1,1.8,4.6,2.7
all_households,fourth_quintile,2013,4.6,5.6,2.2,4.4,2.8
all_households,fourth_quintile,2014,5.7,6.7,3.1,4.8,3.3
all_households,fourth_quintile,2015,5.8,6.7,3.2,5.2,3.6
all_households,fourth_quintile,2016,6.2,7.2,3.1,4.6,3.8
all_households,fourth_quintile,2017,6.1,7.0,3.2,6.1,3.3
all_households,highest_quintile,1979,2.0,2.3,0.8,2.4,2.0
all_households,highest_quintile,1980,1.7,1.6,0.6,2.9,1.8
all_households,highest_quintile,1981,1.7,2.0,0.6,3.3,1.5
all_households,highest_quintile,1982,1.5,2.1,0.4,2.4,1.2
all_households,highest_quintile,1983,1.3,1.3,0.5,2.8,1.3
all_households,highest_quintile,1984,1.6,1.4,0.9,2.9,1.4
all_households,highest_quintile,1985,1.7,1.7,0.6,3.6,1.5
all_households,highest_quintile,1986,1.5,1.5,0.5,2.6,1.4
all_households,highest_quintile,1987,1.5,1.3,0.7,2.6,1.4
all_households,highest_quintile,1988,1.3,1.5,0.7,1.7,1.2
all_households,highest_quintile,1989,1.8,2.2,0.7,2.6,1.5
all_households,highest_quintile,1990,2.1,2.3,0.7,3.6,1.6
all_households,highest_quintile,1991,1.9,2.1,0.9,2.8,1.8
all_households,highest_quintile,1992,1.9,2.4,1.0,2.8,1.3
all_households,highest_quintile,1993,1.8,2.0,0.7,3.1,1.3
all_households,highest_quintile,1994,2.3,3.2,0.6,2.9,1.4
all_households,highest_quintile,1995,2.3,3.1,0.8,2.8,1.4
all_households,highest_quintile,1996,2.1,3.0,0.5,2.5,1.0
all_households,highest_quintile,1997,2.0,2.8,0.5,2.2,1.0
all_households,highest_quintile,1998,2.4,3.1,0.4,2.5,1.2
all_households,highest_quintile,1999,2.1,2.5,0.4,2.7,1.3
all_households,highest_quintile,2000,2.6,3.1,0.7,2.5,1.4
all_households,highest_quintile,2001,2.5,2.9,0.4,2.6,1.4
all_households,highest_quintile,2002,2.4,2.8,0.6,2.6,1.2
all_households,highest_quintile,2003,2.4,2.8,0.5,2.6,1.1
all_households,highest_quintile,2004,2.4,2.7,0.7,3.3,1.4
all_households,highest_quintile,2005,2.7,3.2,0.5,3.3,1.4
all_households,highest_quintile,2006,2.8,3.3,0.5,3.6,1.8
all_households,highest_quintile,2007,3.0,3.5,0.6,3.3,1.9
all_households,highest_quintile,2008,2.7,3.2,0.7,3.1,1.7
all_households,highest_quintile,2009,2.8,3.5,0.8,2.5,1.6
all_households,highest_quintile,2010,2.6,3.1,1.1,2.7,1.5
all_households,highest_quintile,2011,2.4,3.1,0.6,2.4,1.4
all_households,highest_quintile,2012,2.5,3.2,0.5,2.9,1.5
all_households,highest_quintile,2013,2.2,2.8,0.6,1.8,1.5
all_households,highest_quintile,2014,2.7,3.2,1.0,2.1,1.9
all_households,highest_quintile,2015,3.1,3.5,1.2,3.0,2.0
all_households,highest_quintile,2016,3.4,3.9,1.1,2.9,2.1
all_households,highest_quintile,2017,3.2,3.7,1.2,2.6,2.0
all_households,percentiles_81_90,1979,1.0,1.2,0.4,1.2,1.1
all_households,percentiles_81_90,1980,0.9,0.9,0.3,1.3,1.0
all_households,percentiles_81_90,1981,0.9,1.1,0.3,2.0,0.7
all_households,percentiles_81_90,1982,0.8,1.1,0.2,1.3,0.6
all_households,percentiles_81_90,1983,0.6,0.6,0.2,1.0,0.6
all_households,percentiles_81_90,1984,0.8,0.8,0.4,1.6,0.8
all_households,percentiles_81_90,1985,1.0,1.0,0.2,2.3,0.8
all_households,percentiles_81_90,1986,0.8,0.8,0.2,1.5,0.7
all_households,percentiles_81_90,1987,0.7,0.6,0.3,1.1,0.7
all_households,percentiles_81_90,1988,0.6,0.8,0.2,1.0,0.5
all_households,percentiles_81_90,1989,0.9,1.2,0.3,1.5,0.7
all_households,percentiles_81_90,1990,1.1,1.3,0.3,1.9,0.8
all_households,percentiles_81_90,1991,1.0,1.1,0.5,1.5,0.9
all_households,percentiles_81_90,1992,1.1,1.4,0.5,1.5,0.7
all_households,percentiles_81_90,1993,1.0,1.1,0.2,1.7,0.7
all_households,percentiles_81_90,1994,1.2,1.6,0.4,1.6,0.8
all_households,percentiles_81_90,1995,1.2,1.6,0.4,1.6,0.7
all_households,percentiles_81_90,1996,1.2,1.7,0.2,1.7,0.5
all_households,percentiles_81_90,1997,1.1,1.5,0.3,1.2,0.4
all_households,percentiles_81_90,1998,1.3,1.7,0.2,1.4,0.6
all_households,percentiles_81_90,1999,1.1,1.2,0.2,1.5,0.7
all_households,percentiles_81_90,2000,1.4,1.7,0.4,1.4,0.8
all_households,percentiles_81_90,2001,1.2,1.4,0.3,1.3,0.7
all_households,percentiles_81_90,2002,1.3,1.5,0.2,1.4,0.6
all_households,percentiles_81_90,2003,1.2,1.5,0.3,1.3,0.6
all_households,percentiles_81_90,2004,1.4,1.6,0.4,2.3,0.7
all_households,percentiles_81_90,2005,1.4,1.7,0.2,1.7,0.7
all_households,percentiles_81_90,2006,1.6,1.9,0.2,2.2,0.9
all_households,percentiles_81_90,2007,1.6,1.9,0.3,2.0,1.0
all_households,percentiles_81_90,2008,1.4,1.7,0.3,1.6,0.8
all_households,percentiles_81_90,2009,1.5,1.9,0.5,1.4,0.8
all_households,percentiles_81_90,2010,1.5,1.8,0.6,1.6,0.8
all_households,percentiles_81_90,2011,1.4,1.8,0.4,1.5,0.8
all_households,percentiles_81_90,2012,1.4,1.8,0.3,1.8,0.8
all_households,percentiles_81_90,2013,1.2,1.6,0.3,1.0,0.7
all_households,percentiles_81_90,2014,1.5,1.8,0.6,1.1,1.1
all_households,percentiles_81_90,2015,1.6,1.8,0.6,1.6,1.0
all_households,percentiles_81_90,2016,1.8,2.2,0.6,1.5,1.2
all_households,percentiles_81_90,2017,1.8,2.0,0.6,1.6,1.0
all_households,percentiles_91_95,1979,0.4,0.5,0.2,0.6,0.3
all_households,percentiles_91_95,1980,0.4,0.3,0.1,0.8,0.4
all_households,percentiles_91_95,1981,0.4,0.4,0.1,0.8,0.3
all_households,percentiles_91_95,1982,0.4,0.5,0.0,0.7,0.3
all_households,percentiles_91_95,1983,0.4,0.4,0.1,0.9,0.3
all_households,percentiles_91_95,1984,0.3,0.2,0.2,0.7,0.3
all_households,percentiles_91_95,1985,0.3,0.2,0.1,0.7,0.3
all_households,percentiles_91_95,1986,0.3,0.3,0.1,0.6,0.3
all_households,percentiles_91_95,1987,0.2,0.2,0.1,0.4,0.3
all_households,percentiles_91_95,1988,0.2,0.3,0.2,0.2,0.3
all_households,percentiles_91_95,1989,0.4,0.5,0.1,0.4,0.5
all_households,percentiles_91_95,1990,0.4,0.5,0.2,0.8,0.3
all_households,percentiles_91_95,1991,0.3,0.3,0.1,0.5,0.4
all_households,percentiles_91_95,1992,0.5,0.6,0.2,0.9,0.2
all_households,percentiles_91_95,1993,0.4,0.4,0.2,0.7,0.3
all_households,percentiles_91_95,1994,0.5,0.8,0.1,0.7,0.2
all_households,percentiles_91_95,1995,0.5,0.7,0.1,0.5,0.3
all_households,percentiles_91_95,1996,0.4,0.7,0.1,0.4,0.2
all_households,percentiles_91_95,1997,0.4,0.6,0.1,0.6,0.2
all_households,percentiles_91_95,1998,0.5,0.6,0.1,0.5,0.2
all_households,percentiles_91_95,1999,0.5,0.6,0.1,0.7,0.3
all_households,percentiles_91_95,2000,0.6,0.7,0.1,0.6,0.3
all_households,percentiles_91_95,2001,0.6,0.7,0.0,0.7,0.4
all_households,percentiles_91_95,2002,0.5,0.6,0.1,0.6,0.3
all_households,percentiles_91_95,2003,0.6,0.7,0.1,0.7,0.2
all_households,percentiles_91_95,2004,0.5,0.6,0.1,0.6,0.3
all_households,percentiles_91_95,2005,0.6,0.8,0.1,0.8,0.3
all_households,percentiles_91_95,2006,0.6,0.7,0.1,0.6,0.5
all_households,percentiles_91_95,2007,0.7,0.8,0.1,0.7,0.4
all_households,percentiles_91_95,2008,0.7,0.8,0.2,0.9,0.4
all_households,percentiles_91_95,2009,0.6,0.8,0.2,0.5,0.4
all_households,percentiles_91_95,2010,0.6,0.7,0.2,0.5,0.3
all_households,percentiles_91_95,2011,0.5,0.6,0.1,0.3,0.3
all_households,percentiles_91_95,2012,0.6,0.8,0.1,0.6,0.4
all_households,percentiles_91_95,2013,0.5,0.6,0.1,0.5,0.4
all_households,percentiles_91_95,2014,0.6,0.7,0.2,0.6,0.4
all_households,percentiles_91_95,2015,0.7,0.9,0.3,0.7,0.5
all_households,percentiles_91_95,2016,0.8,0.9,0.2,0.9,0.5
all_households,percentiles_91_95,2017,0.7,0.8,0.3,0.3,0.5
all_households,percentiles_96_99,1979,0.4,0.5,0.2,0.5,0.4
all_households,percentiles_96_99,1980,0.3,0.3,0.1,0.6,0.3
all_households,percentiles_96_99,1981,0.3,0.4,0.2,0.4,0.3
all_households,percentiles_96_99,1982,0.2,0.3,0.0,0.3,0.2
all_households,percentiles_96_99,1983,0.3,0.2,0.1,0.8,0.3
all_households,percentiles_96_99,1984,0.3,0.2,0.2,0.5,0.3
all_households,percentiles_96_99,1985,0.3,0.3,0.2,0.5,0.3
all_households,percentiles_96_99,1986,0.3,0.3,0.1,0.4,0.3
all_households,percentiles_96_99,1987,0.4,0.4,0.2,0.8,0.3
all_households,percentiles_96_99,1988,0.3,0.3,0.2,0.4,0.3
all_households,percentiles_96_99,1989,0.3,0.3,0.1,0.5,0.3
all_households,percentiles_96_99,1990,0.5,0.4,0.2,0.7,0.5
all_households,percentiles_96_99,1991,0.4,0.4,0.1,0.5,0.4
all_households,percentiles_96_99,1992,0.3,0.3,0.1,0.2,0.2
all_households,percentiles_96_99,1993,0.3,0.3,0.2,0.4,0.3
all_households,percentiles_96_99,1994,0.4,0.6,0.1,0.4,0.2
all_households,percentiles_96_99,1995,0.4,0.6,0.1,0.4,0.3
all_households,percentiles_96_99,1996,0.3,0.5,0.1,0.3,0.2
all_households,percentiles_96_99,1997,0.4,0.6,0.1,0.4,0.3
all_households,percentiles_96_99,1998,0.4,0.6,0.1,0.5,0.2
all_households,percentiles_96_99,1999,0.4,0.5,0.1,0.4,0.2
all_households,percentiles_96_99,2000,0.4,0.6,0.1,0.4,0.3
all_households,percentiles_96_99,2001,0.5,0.6,0.1,0.5,0.2
all_households,percentiles_96_99,2002,0.4,0.5,0.1,0.5,0.2
all_households,percentiles_96_99,2003,0.4,0.5,0.1,0.4,0.2
all_households,percentiles_96_99,2004,0.4,0.4,0.1,0.4,0.2
all_households,percentiles_96_99,2005,0.5,0.6,0.1,0.7,0.3
all_households,percentiles_96_99,2006,0.5,0.6,0.1,0.5,0.3
all_households,percentiles_96_99,2007,0.6,0.7,0.1,0.5,0.5
all_households,percentiles_96_99,2008,0.5,0.6,0.1,0.6,0.3
all_households,percentiles_96_99,2009,0.5,0.6,0.1,0.5,0.3
all_households,percentiles_96_99,2010,0.4,0.5,0.2,0.4,0.3
all_households,percentiles_96_99,2011,0.4,0.6,0.1,0.3,0.3
all_households,percentiles_96_99,2012,0.4,0.5,0.1,0.3,0.3
all_households,percentiles_96_99,2013,0.4,0.4,0.1,0.3,0.3
all_households,percentiles_96_99,2014,0.4,0.5,0.1,0.4,0.3
all_households,percentiles_96_99,2015,0.6,0.6,0.2,0.6,0.4
all_households,percentiles_96_99,2016,0.5,0.6,0.2,0.5,0.3
all_households,percentiles_96_99,2017,0.5,0.6,0.2,0.4,0.4
all_households,top_1_percent,1979,0.1,0.1,0.1,0.1,0.1
all_households,top_1_percent,1980,0.1,0.1,0.1,0.2,0.1
all_households,top_1_percent,1981,0.1,0.2,0.1,0.2,0.1
all_households,top_1_percent,1982,0.1,0.2,0.0,0.2,0.1
all_households,top_1_percent,1983,0.1,0.1,0.1,0.1,0.2
all_households,top_1_percent,1984,0.1,0.1,0.1,0.1,0.1
all_households,top_1_percent,1985,0.1,0.1,0.1,0.1,0.2
all_households,top_1_percent,1986,0.1,0.1,0.1,0.2,0.2
all_households,top_1_percent,1987,0.2,0.2,0.1,0.2,0.1
all_households,top_1_percent,1988,0.1,0.1,0.1,0.1,0.1
all_households,top_1_percent,1989,0.1,0.2,0.1,0.2,0.1
all_households,top_1_percent,1990,0.1,0.1,0.1,0.2,0.1
all_households,top_1_percent,1991,0.2,0.2,0.1,0.3,0.1
all_households,top_1_percent,1992,0.1,0.1,0.0,0.2,0.1
all_households,top_1_percent,1993,0.1,0.2,0.1,0.2,0.1
all_households,top_1_percent,1994,0.1,0.2,0.1,0.1,0.1
all_households,top_1_percent,1995,0.2,0.2,0.1,0.2,0.1
all_households,top_1_percent,1996,0.1,0.2,0.0,0.1,0.1
all_households,top_1_percent,1997,0.1,0.1,0.0,0.1,0.0
all_households,top_1_percent,1998,0.1,0.2,0.0,0.1,0.1
all_households,top_1_percent,1999,0.1,0.1,0.0,0.2,0.0
all_households,top_1_percent,2000,0.1,0.2,0.0,0.1,0.1
all_households,top_1_percent,2001,0.1,0.1,0.0,0.2,0.1
all_households,top_1_percent,2002,0.2,0.2,0.1,0.2,0.1
all_households,top_1_percent,2003,0.1,0.1,0.1,0.2,0.1
all_households,top_1_percent,2004,0.1,0.1,0.0,0.1,0.1
all_households,top_1_percent,2005,0.1,0.1,0.1,0.1,0.1
all_households,top_1_percent,2006,0.1,0.2,0.0,0.2,0.1
all_households,top_1_percent,2007,0.1,0.2,0.0,0.1,0.1
all_households,top_1_percent,2008,0.2,0.2,0.1,0.1,0.2
all_households,top_1_percent,2009,0.1,0.2,0.1,0.2,0.1
all_households,top_1_percent,2010,0.2,0.2,0.1,0.2,0.1
all_households,top_1_percent,2011,0.2,0.2,0.1,0.3,0.1
all_households,top_1_percent,2012,0.1,0.2,0.0,0.3,0.1
all_households,top_1_percent,2013,0.1,0.2,0.0,0.0,0.1
all_households,top_1_percent,2014,0.2,0.2,0.2,0.1,0.1
all_households,top_1_percent,2015,0.2,0.2,0.1,0.2,0.1
all_households,top_1_percent,2016,0.2,0.2,0.1,0.1,0.2
all_households,top_1_percent,2017,0.2,0.3,0.1,0.3,0.2
hh_with_children,all_quintiles,1979,100.0,100.0,100.0,100.0,100.0
hh_with_children,all_quintiles,1980,100.0,100.0,100.0,100.0,100.0
hh_with_children,all_quintiles,1981,100.0,100.0,100.0,100.0,100.0
hh_with_children,all_quintiles,1982,100.0,100.0,100.0,100.0,100.0
hh_with_children,all_quintiles,1983,100.0,100.0,100.0,100.0,100.0
hh_with_children,all_quintiles,1984,100.0,100.0,100.0,100.0,100.0
hh_with_children,all_quintiles,1985,100.0,100.0,100.0,100.0,100.0
hh_with_children,all_quintiles,1986,100.0,100.0,100.0,100.0,100.0
hh_with_children,all_quintiles,1987,100.0,100.0,100.0,100.0,100.0
hh_with_children,all_quintiles,1988,100.0,100.0,100.0,100.0,100.0
hh_with_children,all_quintiles,1989,100.0,100.0,100.0,100.0,100.0
hh_with_children,all_quintiles,1990,100.0,100.0,100.0,100.0,100.0
hh_with_children,all_quintiles,1991,100.0,100.0,100.0,100.0,100.0
hh_with_children,all_quintiles,1992,100.0,100.0,100.0,100.0,100.0
hh_with_children,all_quintiles,1993,100.0,100.0,100.0,100.0,100.0
hh_with_children,all_quintiles,1994,100.0,100.0,100.0,100.0,100.0
hh_with_children,all_quintiles,1995,100.0,100.0,100.0,100.0,100.0
hh_with_children,all_quintiles,1996,100.0,100.0,100.0,100.0,100.0
hh_with_children,all_quintiles,1997,100.0,100.0,100.0,100.0,100.0
hh_with_children,all_quintiles,1998,100.0,100.0,100.0,100.0,100.0
hh_with_children,all_quintiles,1999,100.0,100.0,100.0,100.0,100.0
hh_with_children,all_quintiles,2000,100.0,100.0,100.0,100.0,100.0
hh_with_children,all_quintiles,2001,100.0,100.0,100.0,100.0,100.0
hh_with_children,all_quintiles,2002,100.0,100.0,100.0,100.0,100.0
hh_with_children,all_quintiles,2003,100.0,100.0,100.0,100.0,100.0
hh_with_children,all_quintiles,2004,100.0,100.0,100.0,100.0,100.0
hh_with_children,all_quintiles,2005,100.0,100.0,100.0,100.0,100.0
hh_with_children,all_quintiles,2006,100.0,100.0,100.0,100.0,100.0
hh_with_children,all_quintiles,2007,100.0,100.0,100.0,100.0,100.0
hh_with_children,all_quintiles,2008,100.0,100.0,100.0,100.0,100.0
hh_with_children,all_quintiles,2009,100.0,100.0,100.0,100.0,100.0
hh_with_children,all_quintiles,2010,100.0,100.0,100.0,100.0,100.0
hh_with_children,all_quintiles,2011,100.0,100.0,100.0,100.0,100.0
hh_with_children,all_quintiles,2012,100.0,100.0,100.0,100.0,100.0
hh_with_children,all_quintiles,2013,100.0,100.0,100.0,100.0,100.0
hh_with_children,all_quintiles,2014,100.0,100.0,100.0,100.0,100.0
hh_with_children,all_quintiles,2015,100.0,100.0,100.0,100.0,100.0
hh_with_children,all_quintiles,2016,100.0,100.0,100.0,100.0,100.0
hh_with_children,all_quintiles,2017,100.0,100.0,100.0,100.0,100.0
hh_with_children,lowest_quintile,1979,69.5,68.6,72.5,68.6,68.9
hh_with_children,lowest_quintile,1980,67.9,67.7,69.2,70.0,67.0
hh_with_children,lowest_quintile,1981,67.4,66.3,67.3,64.2,68.6
hh_with_children,lowest_quintile,1982,70.4,68.3,70.7,68.1,71.7
hh_with_children,lowest_quintile,1983,74.4,73.5,74.7,68.2,75.6
hh_with_children,lowest_quintile,1984,70.6,69.2,71.3,67.0,71.7
hh_with_children,lowest_quintile,1985,73.3,71.0,75.3,67.2,74.8
hh_with_children,lowest_quintile,1986,74.2,72.5,77.6,69.0,74.8
hh_with_children,lowest_quintile,1987,78.2,75.9,83.0,72.2,79.1
hh_with_children,lowest_quintile,1988,77.3,74.2,81.7,70.7,79.0
hh_with_children,lowest_quintile,1989,75.7,72.1,80.7,68.9,77.9
hh_with_children,lowest_quintile,1990,74.3,70.4,78.0,64.3,78.3
hh_with_children,lowest_quintile,1991,70.5,67.2,72.2,63.5,74.4
hh_with_children,lowest_quintile,1992,66.8,63.2,68.3,62.4,71.6
hh_with_children,lowest_quintile,1993,66.1,62.5,67.1,58.7,72.2
hh_with_children,lowest_quintile,1994,66.4,61.4,68.4,64.7,71.9
hh_with_children,lowest_quintile,1995,65.8,60.4,68.4,61.7,72.8
hh_with_children,lowest_quintile,1996,65.9,61.2,67.9,65.2,71.6
hh_with_children,lowest_quintile,1997,64.4,59.9,67.0,63.8,70.4
hh_with_children,lowest_quintile,1998,62.2,56.8,68.9,61.9,69.6
hh_with_children,lowest_quintile,1999,60.7,54.8,70.0,60.7,69.8
hh_with_children,lowest_quintile,2000,58.7,53.3,69.3,63.6,67.1
hh_with_children,lowest_quintile,2001,57.1,51.2,70.5,63.8,66.3
hh_with_children,lowest_quintile,2002,53.7,48.5,64.7,57.2,64.8
hh_with_children,lowest_quintile,2003,52.3,47.1,63.3,57.7,63.3
hh_with_children,lowest_quintile,2004,51.3,45.8,62.6,56.4,63.6
hh_with_children,lowest_quintile,2005,53.0,47.0,62.9,61.2,66.1
hh_with_children,lowest_quintile,2006,53.6,47.7,66.0,58.0,66.0
hh_with_children,lowest_quintile,2007,53.6,47.4,66.3,62.6,65.7
hh_with_children,lowest_quintile,2008,50.1,44.7,60.8,55.1,62.3
hh_with_children,lowest_quintile,2009,48.2,42.4,56.7,54.8,61.4
hh_with_children,lowest_quintile,2010,47.7,42.2,53.0,56.1,61.4
hh_with_children,lowest_quintile,2011,46.5,40.7,51.7,57.2,59.8
hh_with_children,lowest_quintile,2012,47.3,41.9,53.6,57.1,59.0
hh_with_children,lowest_quintile,2013,47.0,41.7,53.0,57.9,59.7
hh_with_children,lowest_quintile,2014,45.1,40.9,53.9,54.7,56.8
hh_with_children,lowest_quintile,2015,42.9,38.6,52.9,55.6,55.8
hh_with_children,lowest_quintile,2016,41.9,37.5,54.2,55.0,54.9
hh_with_children,lowest_quintile,2017,41.7,37.4,55.2,52.6,54.6
hh_with_children,second_quintile,1979,16.8,17.4,18.6,15.6,16.0
hh_with_children,second_quintile,1980,18.8,19.2,22.0,15.4,17.7
hh_with_children,second_quintile,1981,18.8,19.1,21.7,16.9,17.4
hh_with_children,second_quintile,1982,18.5,18.8,21.5,17.3,17.1
hh_with_children,second_quintile,1983,15.0,15.7,17.5,16.4,13.2
hh_with_children,second_quintile,1984,17.1,18.1,18.9,15.7,16.0
hh_with_children,second_quintile,1985,14.9,16.2,16.4,14.5,13.6
hh_with_children,second_quintile,1986,15.5,16.5,16.2,15.2,14.7
hh_with_children,second_quintile,1987,12.6,14.3,11.1,14.1,11.7
hh_with_children,second_quintile,1988,12.7,13.6,12.0,12.9,12.3
hh_with_children,second_quintile,1989,14.8,16.6,13.1,17.1,13.5
hh_with_children,second_quintile,1990,15.5,16.9,15.8,17.8,13.5
hh_with_children,second_quintile,1991,17.6,19.3,19.1,19.9,14.8
hh_with_children,second_quintile,1992,20.4,21.9,22.0,21.8,17.4
hh_with_children,second_quintile,1993,21.1,23.2,22.9,22.3,17.3
hh_with_children,second_quintile,1994,20.9,22.6,22.7,21.1,17.8
hh_with_children,second_quintile,1995,20.6,23.0,21.7,22.3,16.4
hh_with_children,second_quintile,1996,21.6,23.8,23.1,20.0,18.2
hh_with_children,second_quintile,1997,23.2,25.0,24.8,20.0,20.8
hh_with_children,second_quintile,1998,24.8,27.2,23.6,24.1,21.0
hh_with_children,second_quintile,1999,24.1,27.0,21.7,21.1,19.5
hh_with_children,second_quintile,2000,24.5,27.0,22.9,19.5,20.6
hh_with_children,second_quintile,2001,26.2,29.1,22.3,20.6,21.6
hh_with_children,second_quintile,2002,27.9,30.0,25.7,24.2,23.2
hh_with_children,second_quintile,2003,28.7,30.5,27.5,24.8,24.3
hh_with_children,second_quintile,2004,29.4,31.5,28.6,23.2,24.6
hh_with_children,second_quintile,2005,28.2,30.5,28.1,21.2,22.1
hh_with_children,second_quintile,2006,28.0,30.3,26.5,24.0,22.1
hh_with_children,second_quintile,2007,27.6,30.2,25.6,19.3,22.1
hh_with_children,second_quintile,2008,29.5,31.3,29.1,23.4,24.9
hh_with_children,second_quintile,2009,29.8,31.1,31.7,23.8,24.8
hh_with_children,second_quintile,2010,30.5,31.7,32.9,22.7,25.4
hh_with_children,second_quintile,2011,31.3,32.5,34.7,22.0,26.2
hh_with_children,second_quintile,2012,31.3,32.3,34.0,24.4,25.7
hh_with_children,second_quintile,2013,31.3,32.7,33.6,23.7,25.4
hh_with_children,second_quintile,2014,31.5,32.5,32.6,25.9,26.8
hh_with_children,second_quintile,2015,33.0,34.3,33.5,25.4,27.3
hh_with_children,second_quintile,2016,32.9,34.2,32.4,26.5,26.5
hh_with_children,second_quintile,2017,32.8,34.2,31.3,24.8,27.5
hh_with_children,middle_quintile,1979,6.1,6.0,4.0,6.1,7.0
hh_with_children,middle_quintile,1980,6.1,6.2,4.2,6.3,6.8
hh_with_children,middle_quintile,1981,5.8,6.1,5.2,6.9,5.8
hh_with_children,middle_quintile,1982,4.5,4.9,3.4,5.2,4.7
hh_with_children,middle_quintile,1983,4.1,4.2,3.2,6.8,4.2
hh_with_children,middle_quintile,1984,5.2,5.5,4.4,7.2,5.0
hh_with_children,middle_quintile,1985,4.5,5.0,3.0,8.2,4.3
hh_with_children,middle_quintile,1986,4.5,5.3,2.8,7.7,4.2
hh_with_children,middle_quintile,1987,4.0,4.2,2.3,5.9,4.3
hh_with_children,middle_quintile,1988,5.1,6.4,2.9,8.4,4.4
hh_with_children,middle_quintile,1989,4.2,5.2,2.6,5.6,3.9
hh_with_children,middle_quintile,1990,4.9,6.2,2.7,8.6,3.8
hh_with_children,middle_quintile,1991,5.3,6.2,4.2,7.9,4.5
hh_with_children,middle_quintile,1992,6.5,7.7,5.2,8.2,5.3
hh_with_children,middle_quintile,1993,7.1,7.8,6.3,10.4,5.7
hh_with_children,middle_quintile,1994,6.7,8.4,5.4,6.7,5.5
hh_with_children,middle_quintile,1995,7.6,9.0,6.3,8.6,6.0
hh_with_children,middle_quintile,1996,7.0,7.9,5.9,8.1,5.8
hh_with_children,middle_quintile,1997,7.0,8.3,5.6,8.2,5.0
hh_with_children,middle_quintile,1998,7.3,8.9,4.5,8.3,5.1
hh_with_children,middle_quintile,1999,9.0,10.8,5.5,10.2,5.9
hh_with_children,middle_quintile,2000,9.4,11.1,4.7,9.1,6.6
hh_with_children,middle_quintile,2001,9.9,11.8,4.9,9.1,6.8
hh_with_children,middle_quintile,2002,10.8,12.8,6.3,9.9,6.5
hh_with_children,middle_quintile,2003,11.4,13.5,6.3,9.6,6.9
hh_with_children,middle_quintile,2004,11.3,13.6,5.7,9.9,6.3
hh_with_children,middle_quintile,2005,10.9,13.2,6.0,9.2,6.0
hh_with_children,middle_quintile,2006,10.6,12.9,5.0,9.9,6.0
hh_with_children,middle_quintile,2007,11.0,13.2,5.3,9.7,6.4
hh_with_children,middle_quintile,2008,11.5,13.7,6.5,10.4,6.5
hh_with_children,middle_quintile,2009,12.8,15.3,7.7,12.0,7.8
hh_with_children,middle_quintile,2010,13.0,15.5,9.0,10.9,7.6
hh_with_children,middle_quintile,2011,13.5,16.0,9.9,11.9,8.2
hh_with_children,middle_quintile,2012,13.4,15.8,9.1,11.0,8.9
hh_with_children,middle_quintile,2013,13.8,16.2,9.7,11.1,8.8
hh_with_children,middle_quintile,2014,14.2,16.1,8.8,11.6,9.2
hh_with_children,middle_quintile,2015,14.8,16.8,9.0,11.0,9.4
hh_with_children,middle_quintile,2016,15.1,17.0,8.5,10.3,10.2
hh_with_children,middle_quintile,2017,15.4,17.2,8.3,12.4,9.6
hh_with_children,fourth_quintile,1979,3.4,3.5,1.6,4.6,4.0
hh_with_children,fourth_quintile,1980,2.7,2.5,1.3,2.7,3.6
hh_with_children,fourth_quintile,1981,2.8,3.2,1.5,3.9,3.1
hh_with_children,fourth_quintile,1982,2.3,2.8,1.0,3.6,2.4
hh_with_children,fourth_quintile,1983,1.7,1.7,0.7,1.6,2.1
hh_with_children,fourth_quintile,1984,2.3,2.1,1.3,3.2,2.6
hh_with_children,fourth_quintile,1985,2.1,2.1,0.8,3.2,2.4
hh_with_children,fourth_quintile,1986,2.1,2.0,0.9,2.6,2.7
hh_with_children,fourth_quintile,1987,2.4,2.7,0.9,3.9,2.4
hh_with_children,fourth_quintile,1988,2.4,2.8,0.6,4.6,2.3
hh_with_children,fourth_quintile,1989,2.3,2.8,0.8,4.5,2.1
hh_with_children,fourth_quintile,1990,2.4,3.0,0.8,5.3,1.9
hh_with_children,fourth_quintile,1991,2.6,3.2,1.5,4.4,2.2
hh_with_children,fourth_quintile,1992,3.2,3.8,2.1,3.5,2.9
hh_with_children,fourth_quintile,1993,2.6,3.1,1.5,3.7,2.2
hh_with_children,fourth_quintile,1994,3.1,4.1,1.6,3.8,2.3
hh_with_children,fourth_quintile,1995,3.1,3.8,1.8,3.4,2.7
hh_with_children,fourth_quintile,1996,3.0,3.8,1.5,3.8,2.2
hh_with_children,fourth_quintile,1997,3.3,4.3,1.2,5.0,2.0
hh_with_children,fourth_quintile,1998,3.2,4.1,1.4,2.8,2.4
hh_with_children,fourth_quintile,1999,3.7,4.6,1.3,4.1,2.4
hh_with_children,fourth_quintile,2000,4.2,5.1,1.3,4.1,3.0
hh_with_children,fourth_quintile,2001,3.8,4.7,1.0,3.3,2.5
hh_with_children,fourth_quintile,2002,4.2,5.0,1.5,4.0,3.0
hh_with_children,fourth_quintile,2003,4.4,5.4,1.0,4.7,2.9
hh_with_children,fourth_quintile,2004,4.5,5.3,1.6,5.4,2.8
hh_with_children,fourth_quintile,2005,4.5,5.6,1.2,4.4,2.6
hh_with_children,fourth_quintile,2006,4.7,5.7,1.1,4.5,3.0
hh_with_children,fourth_quintile,2007,4.6,5.6,1.2,4.7,2.9
hh_with_children,fourth_quintile,2008,4.8,5.8,1.4,5.2,3.0
hh_with_children,fourth_quintile,2009,5.5,6.9,1.9,5.8,3.1
hh_with_children,fourth_quintile,2010,5.4,6.6,2.8,6.0,2.8
hh_with_children,fourth_quintile,2011,5.2,6.6,2.1,5.2,3.0
hh_with_children,fourth_quintile,2012,5.0,6.4,1.9,4.3,3.4
hh_with_children,fourth_quintile,2013,5.1,6.2,2.3,4.7,3.5
hh_with_children,fourth_quintile,2014,6.0,7.0,3.0,5.1,4.1
hh_with_children,fourth_quintile,2015,5.9,6.7,3.0,4.0,4.5
hh_with_children,fourth_quintile,2016,6.5,7.3,3.2,5.3,5.0
hh_with_children,fourth_quintile,2017,6.5,7.2,3.3,6.3,4.6
hh_with_children,highest_quintile,1979,1.8,1.9,0.8,2.1,2.2
hh_with_children,highest_quintile,1980,1.6,1.3,0.6,2.2,2.1
hh_with_children,highest_quintile,1981,1.4,1.4,0.5,2.1,1.7
hh_with_children,highest_quintile,1982,1.2,1.6,0.3,1.5,1.3
hh_with_children,highest_quintile,1983,1.2,0.9,0.5,2.3,1.4
hh_with_children,highest_quintile,1984,1.4,1.3,0.8,2.5,1.5
hh_with_children,highest_quintile,1985,1.4,1.3,0.6,2.0,1.6
hh_with_children,highest_quintile,1986,1.2,1.0,0.5,1.5,1.6
hh_with_children,highest_quintile,1987,1.2,1.0,0.5,1.8,1.5
hh_with_children,highest_quintile,1988,1.2,1.3,0.6,1.6,1.2
hh_with_children,highest_quintile,1989,1.5,1.8,0.6,2.3,1.4
hh_with_children,highest_quintile,1990,1.3,1.6,0.6,1.7,1.3
hh_with_children,highest_quintile,1991,1.8,1.8,0.9,2.1,2.0
hh_with_children,highest_quintile,1992,1.6,1.9,0.9,2.4,1.4
hh_with_children,highest_quintile,1993,1.4,1.6,0.5,2.5,1.3
hh_with_children,highest_quintile,1994,1.7,2.3,0.6,2.1,1.4
hh_with_children,highest_quintile,1995,2.0,2.6,0.7,2.7,1.5
hh_with_children,highest_quintile,1996,1.4,2.0,0.5,1.6,1.1
hh_with_children,highest_quintile,1997,1.4,1.7,0.4,2.1,1.2
hh_with_children,highest_quintile,1998,1.5,1.9,0.3,1.4,1.3
hh_with_children,highest_quintile,1999,1.7,1.9,0.3,2.9,1.5
hh_with_children,highest_quintile,2000,2.1,2.5,0.7,2.1,1.8
hh_with_children,highest_quintile,2001,2.1,2.4,0.5,2.5,1.9
hh_with_children,highest_quintile,2002,2.2,2.5,0.5,3.1,1.6
hh_with_children,highest_quintile,2003,2.0,2.4,0.5,2.1,1.5
hh_with_children,highest_quintile,2004,2.2,2.5,0.4,3.5,1.8
hh_with_children,highest_quintile,2005,2.3,2.6,0.4,2.8,1.9
hh_with_children,highest_quintile,2006,2.2,2.5,0.5,2.5,2.1
hh_with_children,highest_quintile,2007,2.3,2.7,0.5,2.6,1.9
hh_with_children,highest_quintile,2008,2.6,3.0,0.7,3.5,2.1
hh_with_children,highest_quintile,2009,2.6,3.2,0.9,2.6,2.1
hh_with_children,highest_quintile,2010,2.4,2.9,1.0,3.1,1.9
hh_with_children,highest_quintile,2011,2.4,3.0,0.6,2.3,1.8
hh_with_children,highest_quintile,2012,2.2,2.8,0.5,2.0,1.9
hh_with_children,highest_quintile,2013,1.9,2.4,0.5,1.6,1.7
hh_with_children,highest_quintile,2014,2.5,2.9,0.8,1.8,2.3
hh_with_children,highest_quintile,2015,2.8,3.1,1.0,3.4,2.5
hh_with_children,highest_quintile,2016,3.0,3.3,1.0,2.3,2.7
hh_with_children,highest_quintile,2017,2.9,3.2,1.1,3.0,2.7
hh_with_children,percentiles_81_90,1979,1.0,1.2,0.4,1.2,1.2
hh_with_children,percentiles_81_90,1980,0.8,0.6,0.2,1.2,1.2
hh_with_children,percentiles_81_90,1981,0.7,0.8,0.2,1.5,0.8
hh_with_children,percentiles_81_90,1982,0.6,0.8,0.2,0.6,0.7
hh_with_children,percentiles_81_90,1983,0.5,0.3,0.2,1.4,0.7
hh_with_children,percentiles_81_90,1984,0.7,0.7,0.3,1.6,0.8
hh_with_children,percentiles_81_90,1985,0.7,0.7,0.2,1.3,0.8
hh_with_children,percentiles_81_90,1986,0.6,0.5,0.1,0.6,0.8
hh_with_children,percentiles_81_90,1987,0.6,0.4,0.2,0.8,0.8
hh_with_children,percentiles_81_90,1988,0.6,0.7,0.2,1.3,0.6
hh_with_children,percentiles_81_90,1989,0.8,1.0,0.3,1.3,0.8
hh_with_children,percentiles_81_90,1990,0.7,0.9,0.2,0.9,0.7
hh_with_children,percentiles_81_90,1991,0.9,1.0,0.5,1.2,1.0
hh_with_children,percentiles_81_90,1992,1.0,1.2,0.5,1.6,0.8
hh_with_children,percentiles_81_90,1993,0.8,0.9,0.2,1.5,0.7
hh_with_children,percentiles_81_90,1994,0.9,1.1,0.3,1.1,0.9
hh_with_children,percentiles_81_90,1995,1.1,1.4,0.4,1.7,0.8
hh_with_children,percentiles_81_90,1996,0.8,1.1,0.2,1.2,0.6
hh_with_children,percentiles_81_90,1997,0.8,0.9,0.2,1.3,0.5
hh_with_children,percentiles_81_90,1998,0.8,1.1,0.2,0.5,0.7
hh_with_children,percentiles_81_90,1999,1.0,1.0,0.2,1.7,0.9
hh_with_children,percentiles_81_90,2000,1.4,1.6,0.5,1.5,1.0
hh_with_children,percentiles_81_90,2001,1.1,1.3,0.3,1.2,1.0
hh_with_children,percentiles_81_90,2002,1.2,1.3,0.2,1.5,0.8
hh_with_children,percentiles_81_90,2003,1.1,1.3,0.2,0.8,0.8
hh_with_children,percentiles_81_90,2004,1.3,1.5,0.2,2.5,0.9
hh_with_children,percentiles_81_90,2005,1.2,1.4,0.2,1.3,1.0
hh_with_children,percentiles_81_90,2006,1.2,1.4,0.2,1.6,0.9
hh_with_children,percentiles_81_90,2007,1.2,1.4,0.2,1.5,1.0
hh_with_children,percentiles_81_90,2008,1.4,1.6,0.3,1.8,1.0
hh_with_children,percentiles_81_90,2009,1.5,1.8,0.5,1.5,1.0
hh_with_children,percentiles_81_90,2010,1.4,1.7,0.6,2.0,1.1
hh_with_children,percentiles_81_90,2011,1.3,1.7,0.4,1.2,0.9
hh_with_children,percentiles_81_90,2012,1.2,1.6,0.2,1.0,1.0
hh_with_children,percentiles_81_90,2013,1.1,1.3,0.3,1.1,0.8
hh_with_children,percentiles_81_90,2014,1.4,1.6,0.5,1.0,1.3
hh_with_children,percentiles_81_90,2015,1.4,1.6,0.5,1.4,1.2
hh_with_children,percentiles_81_90,2016,1.6,1.8,0.5,1.1,1.4
hh_with_children,percentiles_81_90,2017,1.6,1.8,0.6,1.6,1.4
hh_with_children,percentiles_91_95,1979,0.3,0.4,0.1,0.5,0.4
hh_with_children,percentiles_91_95,1980,0.4,0.3,0.1,0.8,0.4
hh_with_children,percentiles_91_95,1981,0.3,0.2,0.1,0.4,0.4
hh_with_children,percentiles_91_95,1982,0.3,0.4,0.1,0.7,0.3
hh_with_children,percentiles_91_95,1983,0.2,0.2,0.1,0.4,0.3
hh_with_children,percentiles_91_95,1984,0.3,0.2,0.2,0.8,0.3
hh_with_children,percentiles_91_95,1985,0.2,0.2,0.1,0.2,0.3
hh_with_children,percentiles_91_95,1986,0.2,0.1,0.1,0.2,0.3
hh_with_children,percentiles_91_95,1987,0.2,0.2,0.1,0.3,0.3
hh_with_children,percentiles_91_95,1988,0.3,0.3,0.2,0.2,0.3
hh_with_children,percentiles_91_95,1989,0.3,0.4,0.1,0.5,0.3
hh_with_children,percentiles_91_95,1990,0.2,0.3,0.1,0.4,0.2
hh_with_children,percentiles_91_95,1991,0.3,0.3,0.1,0.2,0.5
hh_with_children,percentiles_91_95,1992,0.3,0.4,0.2,0.6,0.3
hh_with_children,percentiles_91_95,1993,0.2,0.3,0.1,0.4,0.2
hh_with_children,percentiles_91_95,1994,0.4,0.6,0.1,0.6,0.2
hh_with_children,percentiles_91_95,1995,0.4,0.5,0.1,0.4,0.3
hh_with_children,percentiles_91_95,1996,0.3,0.4,0.1,0.2,0.2
hh_with_children,percentiles_91_95,1997,0.3,0.3,0.0,0.6,0.2
hh_with_children,percentiles_91_95,1998,0.2,0.3,0.0,0.1,0.3
hh_with_children,percentiles_91_95,1999,0.4,0.4,0.1,0.7,0.3
hh_with_children,percentiles_91_95,2000,0.4,0.4,0.1,0.4,0.4
hh_with_children,percentiles_91_95,2001,0.4,0.5,0.1,0.5,0.5
hh_with_children,percentiles_91_95,2002,0.5,0.6,0.1,0.9,0.3
hh_with_children,percentiles_91_95,2003,0.4,0.5,0.0,0.8,0.3
hh_with_children,percentiles_91_95,2004,0.5,0.6,0.1,0.7,0.5
hh_with_children,percentiles_91_95,2005,0.5,0.6,0.0,0.7,0.4
hh_with_children,percentiles_91_95,2006,0.5,0.5,0.1,0.4,0.6
hh_with_children,percentiles_91_95,2007,0.5,0.6,0.1,0.5,0.4
hh_with_children,percentiles_91_95,2008,0.6,0.7,0.2,1.0,0.5
hh_with_children,percentiles_91_95,2009,0.6,0.8,0.2,0.6,0.4
hh_with_children,percentiles_91_95,2010,0.5,0.6,0.2,0.5,0.4
hh_with_children,percentiles_91_95,2011,0.4,0.6,0.1,0.2,0.4
hh_with_children,percentiles_91_95,2012,0.4,0.6,0.1,0.3,0.4
hh_with_children,percentiles_91_95,2013,0.4,0.5,0.1,0.4,0.4
hh_with_children,percentiles_91_95,2014,0.5,0.6,0.1,0.4,0.5
hh_with_children,percentiles_91_95,2015,0.7,0.7,0.3,0.7,0.6
hh_with_children,percentiles_91_95,2016,0.7,0.8,0.2,0.6,0.5
hh_with_children,percentiles_91_95,2017,0.6,0.7,0.2,0.3,0.6
hh_with_children,percentiles_96_99,1979,0.3,0.3,0.2,0.3,0.4
hh_with_children,percentiles_96_99,1980,0.2,0.2,0.1,0.1,0.3
hh_with_children,percentiles_96_99,1981,0.3,0.3,0.1,0.1,0.4
hh_with_children,percentiles_96_99,1982,0.2,0.2,0.0,0.1,0.2
hh_with_children,percentiles_96_99,1983,0.2,0.2,0.1,0.4,0.3
hh_with_children,percentiles_96_99,1984,0.2,0.2,0.2,0.2,0.3
hh_with_children,percentiles_96_99,1985,0.3,0.3,0.2,0.4,0.3
hh_with_children,percentiles_96_99,1986,0.3,0.2,0.1,0.3,0.3
hh_with_children,percentiles_96_99,1987,0.3,0.2,0.2,0.4,0.3
hh_with_children,percentiles_96_99,1988,0.2,0.3,0.2,0.1,0.3
hh_with_children,percentiles_96_99,1989,0.2,0.2,0.1,0.1,0.2
hh_with_children,percentiles_96_99,1990,0.3,0.3,0.2,0.3,0.3
hh_with_children,percentiles_96_99,1991,0.3,0.3,0.2,0.5,0.4
hh_with_children,percentiles_96_99,1992,0.2,0.3,0.1,0.2,0.3
hh_with_children,percentiles_96_99,1993,0.3,0.3,0.1,0.5,0.3
hh_with_children,percentiles_96_99,1994,0.3,0.5,0.1,0.2,0.3
hh_with_children,percentiles_96_99,1995,0.3,0.5,0.1,0.4,0.3
hh_with_children,percentiles_96_99,1996,0.2,0.3,0.1,0.2,0.2
hh_with_children,percentiles_96_99,1997,0.3,0.3,0.1,0.2,0.3
hh_with_children,percentiles_96_99,1998,0.3,0.4,0.0,0.7,0.2
hh_with_children,percentiles_96_99,1999,0.2,0.3,0.1,0.2,0.2
hh_with_children,percentiles_96_99,2000,0.3,0.4,0.1,0.2,0.3
hh_with_children,percentiles_96_99,2001,0.4,0.5,0.1,0.5,0.3
hh_with_children,percentiles_96_99,2002,0.4,0.4,0.1,0.5,0.3
hh_with_children,percentiles_96_99,2003,0.4,0.5,0.1,0.3,0.3
hh_with_children,percentiles_96_99,2004,0.3,0.3,0.1,0.2,0.3
hh_with_children,percentiles_96_99,2005,0.5,0.5,0.1,0.8,0.4
hh_with_children,percentiles_96_99,2006,0.4,0.4,0.1,0.4,0.4
hh_with_children,percentiles_96_99,2007,0.5,0.5,0.1,0.5,0.4
hh_with_children,percentiles_96_99,2008,0.4,0.5,0.1,0.6,0.4
hh_with_children,percentiles_96_99,2009,0.4,0.5,0.1,0.2,0.4
hh_with_children,percentiles_96_99,2010,0.4,0.4,0.2,0.4,0.3
hh_with_children,percentiles_96_99,2011,0.4,0.6,0.1,0.5,0.3
hh_with_children,percentiles_96_99,2012,0.4,0.5,0.1,0.3,0.3
hh_with_children,percentiles_96_99,2013,0.3,0.4,0.1,0.1,0.3
hh_with_children,percentiles_96_99,2014,0.4,0.5,0.1,0.3,0.4
hh_with_children,percentiles_96_99,2015,0.5,0.6,0.1,1.0,0.5
hh_with_children,percentiles_96_99,2016,0.5,0.6,0.2,0.3,0.5
hh_with_children,percentiles_96_99,2017,0.5,0.5,0.2,0.5,0.5
hh_with_children,top_1_percent,1979,0.1,0.1,0.1,0.1,0.2
hh_with_children,top_1_percent,1980,0.1,0.1,0.1,0.2,0.1
hh_with_children,top_1_percent,1981,0.1,0.2,0.1,0.1,0.2
hh_with_children,top_1_percent,1982,0.1,0.2,0.1,0.0,0.1
hh_with_children,top_1_percent,1983,0.2,0.2,0.1,0.1,0.2
hh_with_children,top_1_percent,1984,0.1,0.2,0.1,0.1,0.1
hh_with_children,top_1_percent,1985,0.2,0.2,0.2,0.1,0.2
hh_with_children,top_1_percent,1986,0.2,0.2,0.1,0.5,0.2
hh_with_children,top_1_percent,1987,0.2,0.2,0.1,0.2,0.2
hh_with_children,top_1_percent,1988,0.1,0.1,0.1,0.0,0.1
hh_with_children,top_1_percent,1989,0.1,0.2,0.1,0.3,0.1
hh_with_children,top_1_percent,1990,0.1,0.1,0.1,0.1,0.1
hh_with_children,top_1_percent,1991,0.1,0.2,0.1,0.2,0.1
hh_with_children,top_1_percent,1992,0.1,0.1,0.0,0.1,0.1
hh_with_children,top_1_percent,1993,0.1,0.1,0.1,0.1,0.1
hh_with_children,top_1_percent,1994,0.1,0.1,0.1,0.1,0.1
hh_with_children,top_1_percent,1995,0.2,0.3,0.1,0.2,0.1
hh_with_children,top_1_percent,1996,0.1,0.1,0.0,0.0,0.1
hh_with_children,top_1_percent,1997,0.1,0.1,0.0,0.0,0.1
hh_with_children,top_1_percent,1998,0.1,0.1,0.0,0.1,0.1
hh_with_children,top_1_percent,1999,0.1,0.2,0.0,0.3,0.1
hh_with_children,top_1_percent,2000,0.1,0.1,0.0,0.1,0.1
hh_with_children,top_1_percent,2001,0.1,0.2,0.0,0.3,0.1
hh_with_children,top_1_percent,2002,0.2,0.2,0.0,0.2,0.2
hh_with_children,top_1_percent,2003,0.1,0.1,0.1,0.2,0.1
hh_with_children,top_1_percent,2004,0.1,0.1,0.0,0.1,0.1
hh_with_children,top_1_percent,2005,0.1,0.1,0.1,0.1,0.1
hh_with_children,top_1_percent,2006,0.1,0.1,0.0,0.1,0.1
hh_with_children,top_1_percent,2007,0.1,0.1,0.0,0.1,0.1
hh_with_children,top_1_percent,2008,0.2,0.2,0.1,0.2,0.3
hh_with_children,top_1_percent,2009,0.2,0.2,0.1,0.2,0.2
hh_with_children,top_1_percent,2010,0.2,0.2,0.1,0.3,0.1
hh_with_children,top_1_percent,2011,0.2,0.2,0.1,0.4,0.1
hh_with_children,top_1_percent,2012,0.1,0.2,0.0,0.3,0.1
hh_with_children,top_1_percent,2013,0.1,0.2,0.0,0.0,0.1
hh_with_children,top_1_percent,2014,0.2,0.2,0.1,0.1,0.1
hh_with_children,top_1_percent,2015,0.2,0.2,0.1,0.4,0.1
hh_with_children,top_1_percent,2016,0.2,0.2,0.1,0.2,0.2
hh_with_children,top_1_percent,2017,0.2,0.2,0.1,0.5,0.2
elderly_headed_hh,all_quintiles,1979,100.0,100.0,100.0,100.0,100.0
elderly_headed_hh,all_quintiles,1980,100.0,100.0,100.0,100.0,100.0
elderly_headed_hh,all_quintiles,1981,100.0,100.0,100.0,100.0,100.0
elderly_headed_hh,all_quintiles,1982,100.0,100.0,100.0,100.0,100.0
elderly_headed_hh,all_quintiles,1983,100.0,100.0,100.0,100.0,100.0
elderly_headed_hh,all_quintiles,1984,100.0,100.0,100.0,100.0,100.0
elderly_headed_hh,all_quintiles,1985,100.0,100.0,100.0,100.0,100.0
elderly_headed_hh,all_quintiles,1986,100.0,100.0,100.0,100.0,100.0
elderly_headed_hh,all_quintiles,1987,100.0,100.0,100.0,100.0,100.0
elderly_headed_hh,all_quintiles,1988,100.0,100.0,100.0,100.0,100.0
elderly_headed_hh,all_quintiles,1989,100.0,100.0,100.0,100.0,100.0
elderly_headed_hh,all_quintiles,1990,100.0,100.0,100.0,100.0,100.0
elderly_headed_hh,all_quintiles,1991,100.0,100.0,100.0,100.0,100.0
elderly_headed_hh,all_quintiles,1992,100.0,100.0,100.0,100.0,100.0
elderly_headed_hh,all_quintiles,1993,100.0,100.0,100.0,100.0,100.0
elderly_headed_hh,all_quintiles,1994,100.0,100.0,100.0,100.0,100.0
elderly_headed_hh,all_quintiles,1995,100.0,100.0,100.0,100.0,100.0
elderly_headed_hh,all_quintiles,1996,100.0,100.0,100.0,100.0,100.0
elderly_headed_hh,all_quintiles,1997,100.0,100.0,100.0,100.0,100.0
elderly_headed_hh,all_quintiles,1998,100.0,100.0,100.0,100.0,100.0
elderly_headed_hh,all_quintiles,1999,100.0,100.0,100.0,100.0,100.0
elderly_headed_hh,all_quintiles,2000,100.0,100.0,100.0,100.0,100.0
elderly_headed_hh,all_quintiles,2001,100.0,100.0,100.0,100.0,100.0
elderly_headed_hh,all_quintiles,2002,100.0,100.0,100.0,100.0,100.0
elderly_headed_hh,all_quintiles,2003,100.0,100.0,100.0,100.0,100.0
elderly_headed_hh,all_quintiles,2004,100.0,100.0,100.0,100.0,100.0
elderly_headed_hh,all_quintiles,2005,100.0,100.0,100.0,100.0,100.0
elderly_headed_hh,all_quintiles,2006,100.0,100.0,100.0,100.0,100.0
elderly_headed_hh,all_quintiles,2007,100.0,100.0,100.0,100.0,100.0
elderly_headed_hh,all_quintiles,2008,100.0,100.0,100.0,100.0,100.0
elderly_headed_hh,all_quintiles,2009,100.0,100.0,100.0,100.0,100.0
elderly_headed_hh,all_quintiles,2010,100.0,100.0,100.0,100.0,100.0
elderly_headed_hh,all_quintiles,2011,100.0,100.0,100.0,100.0,100.0
elderly_headed_hh,all_quintiles,2012,100.0,100.0,100.0,100.0,100.0
elderly_headed_hh,all_quintiles,2013,100.0,100.0,100.0,100.0,100.0
elderly_headed_hh,all_quintiles,2014,100.0,100.0,100.0,100.0,100.0
elderly_headed_hh,all_quintiles,2015,100.0,100.0,100.0,100.0,100.0
elderly_headed_hh,all_quintiles,2016,100.0,100.0,100.0,100.0,100.0
elderly_headed_hh,all_quintiles,2017,100.0,100.0,100.0,100.0,100.0
elderly_headed_hh,lowest_quintile,1979,88.5,85.8,93.9,85.6,94.0
elderly_headed_hh,lowest_quintile,1980,89.6,87.1,94.0,85.9,94.9
elderly_headed_hh,lowest_quintile,1981,89.8,87.8,94.9,85.8,93.8
elderly_headed_hh,lowest_quintile,1982,88.6,86.9,92.8,86.6,91.2
elderly_headed_hh,lowest_quintile,1983,88.2,88.1,90.8,83.2,91.3
elderly_headed_hh,lowest_quintile,1984,89.0,87.1,92.7,86.6,92.4
elderly_headed_hh,lowest_quintile,1985,89.6,89.4,94.7,83.5,92.7
elderly_headed_hh,lowest_quintile,1986,86.8,85.3,92.0,80.9,91.6
elderly_headed_hh,lowest_quintile,1987,87.6,85.3,90.7,85.7,91.8
elderly_headed_hh,lowest_quintile,1988,86.5,86.3,93.3,81.5,88.8
elderly_headed_hh,lowest_quintile,1989,88.7,88.5,93.9,84.4,90.5
elderly_headed_hh,lowest_quintile,1990,89.3,88.8,93.2,87.3,90.4
elderly_headed_hh,lowest_quintile,1991,86.9,85.2,93.2,83.4,91.1
elderly_headed_hh,lowest_quintile,1992,86.5,85.0,90.9,82.8,90.8
elderly_headed_hh,lowest_quintile,1993,84.9,81.2,90.5,84.5,90.6
elderly_headed_hh,lowest_quintile,1994,83.2,78.3,93.2,83.6,90.6
elderly_headed_hh,lowest_quintile,1995,82.7,77.8,90.1,83.3,91.0
elderly_headed_hh,lowest_quintile,1996,79.8,73.5,89.5,81.9,90.3
elderly_headed_hh,lowest_quintile,1997,79.7,73.2,89.1,80.6,92.9
elderly_headed_hh,lowest_quintile,1998,77.5,71.5,88.1,79.8,91.7
elderly_headed_hh,lowest_quintile,1999,78.9,74.9,87.9,78.8,90.8
elderly_headed_hh,lowest_quintile,2000,76.1,71.9,86.6,76.3,87.9
elderly_headed_hh,lowest_quintile,2001,77.7,73.3,87.1,81.0,88.6
elderly_headed_hh,lowest_quintile,2002,77.2,73.3,84.7,79.0,89.0
elderly_headed_hh,lowest_quintile,2003,77.2,71.8,89.9,82.8,90.4
elderly_headed_hh,lowest_quintile,2004,76.7,72.4,89.0,77.5,91.2
elderly_headed_hh,lowest_quintile,2005,74.3,68.8,85.9,75.3,91.6
elderly_headed_hh,lowest_quintile,2006,72.8,66.6,86.1,72.4,83.9
elderly_headed_hh,lowest_quintile,2007,67.7,59.9,80.8,67.8,80.3
elderly_headed_hh,lowest_quintile,2008,74.2,69.3,85.8,70.5,84.3
elderly_headed_hh,lowest_quintile,2009,72.3,66.4,82.1,73.1,82.4
elderly_headed_hh,lowest_quintile,2010,68.7,62.0,78.7,69.9,79.3
elderly_headed_hh,lowest_quintile,2011,73.0,67.2,83.2,71.0,81.9
elderly_headed_hh,lowest_quintile,2012,72.3,66.5,82.8,70.8,81.5
elderly_headed_hh,lowest_quintile,2013,70.6,64.5,80.9,70.4,78.7
elderly_headed_hh,lowest_quintile,2014,71.4,66.3,80.6,69.2,80.2
elderly_headed_hh,lowest_quintile,2015,71.2,65.4,80.6,71.3,80.3
elderly_headed_hh,lowest_quintile,2016,71.1,64.8,82.6,71.7,79.8
elderly_headed_hh,lowest_quintile,2017,70.8,64.3,82.2,69.4,80.6
elderly_headed_hh,second_quintile,1979,6.3,7.2,4.0,7.7,4.1
elderly_headed_hh,second_quintile,1980,5.6,7.0,4.2,6.7,3.2
elderly_headed_hh,second_quintile,1981,5.5,5.9,3.3,7.1,4.7
elderly_headed_hh,second_quintile,1982,6.6,7.1,5.7,6.8,6.1
elderly_headed_hh,second_quintile,1983,7.6,7.1,6.6,10.4,6.4
elderly_headed_hh,second_quintile,1984,6.6,7.1,4.5,7.9,5.5
elderly_headed_hh,second_quintile,1985,6.0,6.3,3.7,7.9,4.9
elderly_headed_hh,second_quintile,1986,8.1,8.2,5.7,10.6,6.8
elderly_headed_hh,second_quintile,1987,7.6,9.0,5.6,8.5,5.2
elderly_headed_hh,second_quintile,1988,8.3,9.3,5.3,11.7,5.2
elderly_headed_hh,second_quintile,1989,6.2,6.4,3.5,7.1,6.1
elderly_headed_hh,second_quintile,1990,6.2,6.7,5.2,6.6,5.5
elderly_headed_hh,second_quintile,1991,8.8,10.0,5.4,10.5,6.4
elderly_headed_hh,second_quintile,1992,7.5,8.1,6.3,8.4,6.3
elderly_headed_hh,second_quintile,1993,9.6,11.3,7.6,9.1,7.1
elderly_headed_hh,second_quintile,1994,9.8,11.8,4.7,10.1,6.8
elderly_headed_hh,second_quintile,1995,10.0,12.0,7.1,9.8,6.7
elderly_headed_hh,second_quintile,1996,10.6,13.5,6.6,10.0,5.6
elderly_headed_hh,second_quintile,1997,10.4,13.2,7.2,10.1,4.5
elderly_headed_hh,second_quintile,1998,10.5,13.2,7.8,8.8,4.5
elderly_headed_hh,second_quintile,1999,10.4,12.0,7.1,9.9,6.2
elderly_headed_hh,second_quintile,2000,12.0,13.5,8.4,12.5,7.6
elderly_headed_hh,second_quintile,2001,12.2,14.0,9.1,10.6,8.0
elderly_headed_hh,second_quintile,2002,11.3,12.5,10.8,10.1,8.0
elderly_headed_hh,second_quintile,2003,11.0,12.8,6.8,9.1,6.5
elderly_headed_hh,second_quintile,2004,11.8,13.8,6.7,10.1,5.8
elderly_headed_hh,second_quintile,2005,12.2,14.4,8.4,11.0,5.7
elderly_headed_hh,second_quintile,2006,11.6,13.4,8.9,12.3,7.9
elderly_headed_hh,second_quintile,2007,14.4,17.2,10.3,14.3,9.9
elderly_headed_hh,second_quintile,2008,12.0,13.6,9.1,13.7,8.2
elderly_headed_hh,second_quintile,2009,13.2,15.6,10.5,12.1,8.9
elderly_headed_hh,second_quintile,2010,14.4,16.4,11.8,13.8,11.2
elderly_headed_hh,second_quintile,2011,13.6,16.4,9.1,12.6,10.2
elderly_headed_hh,second_quintile,2012,13.5,15.6,10.8,13.3,9.9
elderly_headed_hh,second_quintile,2013,15.3,17.4,11.9,16.5,11.9
elderly_headed_hh,second_quintile,2014,12.9,14.6,10.0,14.6,9.7
elderly_headed_hh,second_quintile,2015,12.9,14.7,10.4,13.2,9.7
elderly_headed_hh,second_quintile,2016,13.6,15.5,10.3,13.9,10.6
elderly_headed_hh,second_quintile,2017,14.0,16.2,10.3,13.7,10.8
elderly_headed_hh,middle_quintile,1979,2.4,2.6,0.7,3.7,1.3
elderly_headed_hh,middle_quintile,1980,2.2,2.7,1.0,3.1,1.2
elderly_headed_hh,middle_quintile,1981,2.1,2.9,1.2,3.0,0.6
elderly_headed_hh,middle_quintile,1982,2.3,2.9,0.8,2.3,1.8
elderly_headed_hh,middle_quintile,1983,1.9,2.2,1.2,2.7,1.2
elderly_headed_hh,middle_quintile,1984,1.9,2.5,0.4,2.4,0.9
elderly_headed_hh,middle_quintile,1985,1.8,1.6,0.4,3.5,1.2
elderly_headed_hh,middle_quintile,1986,2.9,3.9,1.7,4.5,0.7
elderly_headed_hh,middle_quintile,1987,2.6,3.0,2.0,3.2,1.7
elderly_headed_hh,middle_quintile,1988,2.7,2.2,0.5,3.0,3.7
elderly_headed_hh,middle_quintile,1989,2.5,2.8,0.9,4.5,1.1
elderly_headed_hh,middle_quintile,1990,2.1,2.4,0.9,3.3,1.1
elderly_headed_hh,middle_quintile,1991,2.2,2.4,0.8,3.2,1.3
elderly_headed_hh,middle_quintile,1992,3.2,3.6,1.5,4.5,1.7
elderly_headed_hh,middle_quintile,1993,2.8,3.9,1.1,2.9,1.3
elderly_headed_hh,middle_quintile,1994,3.4,4.8,1.1,3.3,1.1
elderly_headed_hh,middle_quintile,1995,3.5,4.7,1.5,3.4,1.5
elderly_headed_hh,middle_quintile,1996,3.7,5.0,2.0,2.8,1.7
elderly_headed_hh,middle_quintile,1997,5.3,7.1,2.5,5.2,1.5
elderly_headed_hh,middle_quintile,1998,5.3,6.6,1.5,5.9,1.4
elderly_headed_hh,middle_quintile,1999,4.5,5.8,2.8,4.3,0.7
elderly_headed_hh,middle_quintile,2000,4.6,5.6,2.2,4.8,1.8
elderly_headed_hh,middle_quintile,2001,4.8,6.0,2.2,3.8,2.0
elderly_headed_hh,middle_quintile,2002,5.7,7.0,2.4,5.2,1.7
elderly_headed_hh,middle_quintile,2003,5.4,7.1,0.9,3.6,1.6
elderly_headed_hh,middle_quintile,2004,5.7,6.7,2.4,6.2,1.5
elderly_headed_hh,middle_quintile,2005,6.5,8.1,3.3,6.5,1.1
elderly_headed_hh,middle_quintile,2006,7.0,9.0,2.5,6.5,3.6
elderly_headed_hh,middle_quintile,2007,7.9,10.6,5.2,8.0,3.3
elderly_headed_hh,middle_quintile,2008,6.4,7.7,2.4,8.4,3.5
elderly_headed_hh,middle_quintile,2009,7.0,8.9,3.7,6.3,4.1
elderly_headed_hh,middle_quintile,2010,7.2,9.4,4.1,6.6,3.7
elderly_headed_hh,middle_quintile,2011,6.8,8.3,3.9,8.7,4.1
elderly_headed_hh,middle_quintile,2012,6.1,7.8,2.9,6.5,3.7
elderly_headed_hh,middle_quintile,2013,6.2,8.0,3.5,5.6,3.9
elderly_headed_hh,middle_quintile,2014,7.4,8.9,4.1,8.4,4.6
elderly_headed_hh,middle_quintile,2015,7.2,9.0,4.3,8.5,4.0
elderly_headed_hh,middle_quintile,2016,6.5,8.1,3.5,6.8,4.1
elderly_headed_hh,middle_quintile,2017,7.2,9.2,3.7,8.5,4.1
elderly_headed_hh,fourth_quintile,1979,1.1,1.7,0.4,1.4,0.3
elderly_headed_hh,fourth_quintile,1980,1.3,1.6,0.1,2.0,0.4
elderly_headed_hh,fourth_quintile,1981,1.2,1.5,0.3,2.0,0.4
elderly_headed_hh,fourth_quintile,1982,1.2,1.4,0.2,1.8,0.6
elderly_headed_hh,fourth_quintile,1983,1.3,1.7,0.0,1.7,0.7
elderly_headed_hh,fourth_quintile,1984,1.4,1.8,0.8,1.8,0.5
elderly_headed_hh,fourth_quintile,1985,1.2,1.2,0.0,2.7,0.5
elderly_headed_hh,fourth_quintile,1986,1.2,1.6,0.3,2.2,0.4
elderly_headed_hh,fourth_quintile,1987,1.1,1.3,0.8,1.3,0.7
elderly_headed_hh,fourth_quintile,1988,1.3,1.3,0.2,1.8,1.3
elderly_headed_hh,fourth_quintile,1989,1.4,1.5,0.5,2.7,0.8
elderly_headed_hh,fourth_quintile,1990,0.9,1.0,0.2,1.1,0.9
elderly_headed_hh,fourth_quintile,1991,1.1,1.5,0.2,1.5,0.3
elderly_headed_hh,fourth_quintile,1992,1.2,1.4,1.0,1.4,0.5
elderly_headed_hh,fourth_quintile,1993,1.9,2.7,0.4,2.4,0.6
elderly_headed_hh,fourth_quintile,1994,1.3,1.7,0.3,1.4,0.8
elderly_headed_hh,fourth_quintile,1995,1.7,2.6,0.3,1.7,0.2
elderly_headed_hh,fourth_quintile,1996,2.3,3.3,0.7,2.2,0.6
elderly_headed_hh,fourth_quintile,1997,2.6,3.6,0.5,2.7,0.5
elderly_headed_hh,fourth_quintile,1998,2.9,3.9,0.9,2.3,0.6
elderly_headed_hh,fourth_quintile,1999,2.8,3.3,1.0,3.8,0.4
elderly_headed_hh,fourth_quintile,2000,2.9,3.7,0.9,2.9,0.7
elderly_headed_hh,fourth_quintile,2001,2.7,3.6,0.8,2.3,0.4
elderly_headed_hh,fourth_quintile,2002,2.9,3.7,0.4,2.7,0.4
elderly_headed_hh,fourth_quintile,2003,3.1,4.2,0.2,1.9,0.3
elderly_headed_hh,fourth_quintile,2004,2.7,3.2,0.5,2.9,0.7
elderly_headed_hh,fourth_quintile,2005,3.0,3.9,0.5,2.9,0.4
elderly_headed_hh,fourth_quintile,2006,3.7,4.8,0.4,4.3,1.8
elderly_headed_hh,fourth_quintile,2007,4.5,5.5,1.7,4.8,2.8
elderly_headed_hh,fourth_quintile,2008,3.0,3.9,0.7,3.9,1.3
elderly_headed_hh,fourth_quintile,2009,3.5,4.3,1.6,3.9,1.8
elderly_headed_hh,fourth_quintile,2010,4.6,6.2,2.3,4.0,2.2
elderly_headed_hh,fourth_quintile,2011,3.2,4.1,1.5,4.4,1.6
elderly_headed_hh,fourth_quintile,2012,3.6,5.0,0.8,3.6,1.6
elderly_headed_hh,fourth_quintile,2013,3.1,4.2,1.1,3.2,1.7
elderly_headed_hh,fourth_quintile,2014,4.2,5.3,2.5,4.2,2.5
elderly_headed_hh,fourth_quintile,2015,4.4,5.6,2.7,4.4,2.6
elderly_headed_hh,fourth_quintile,2016,4.1,5.5,1.4,3.0,2.4
elderly_headed_hh,fourth_quintile,2017,3.6,4.6,1.5,4.5,1.9
elderly_headed_hh,highest_quintile,1979,1.2,2.3,0.5,0.9,0.2
elderly_headed_hh,highest_quintile,1980,0.9,1.1,0.1,1.6,0.1
elderly_headed_hh,highest_quintile,1981,1.2,1.7,0.3,1.7,0.4
elderly_headed_hh,highest_quintile,1982,1.2,1.6,0.3,2.0,0.2
elderly_headed_hh,highest_quintile,1983,0.8,0.7,0.3,1.8,0.4
elderly_headed_hh,highest_quintile,1984,0.7,0.8,0.3,0.9,0.5
elderly_headed_hh,highest_quintile,1985,1.0,1.1,0.7,1.6,0.6
elderly_headed_hh,highest_quintile,1986,0.9,0.9,0.1,1.7,0.4
elderly_headed_hh,highest_quintile,1987,0.8,1.0,0.4,0.9,0.6
elderly_headed_hh,highest_quintile,1988,0.9,0.7,0.1,1.5,0.8
elderly_headed_hh,highest_quintile,1989,0.9,0.7,0.2,1.2,1.2
elderly_headed_hh,highest_quintile,1990,1.3,1.0,0.1,1.3,1.9
elderly_headed_hh,highest_quintile,1991,0.7,0.7,0.1,1.2,0.5
elderly_headed_hh,highest_quintile,1992,1.1,1.5,0.2,1.9,0.2
elderly_headed_hh,highest_quintile,1993,0.5,0.6,0.2,0.9,0.3
elderly_headed_hh,highest_quintile,1994,1.9,3.0,0.2,1.4,0.3
elderly_headed_hh,highest_quintile,1995,1.8,2.5,0.8,1.7,0.4
elderly_headed_hh,highest_quintile,1996,2.5,3.8,0.3,2.0,0.5
elderly_headed_hh,highest_quintile,1997,1.6,2.4,0.3,1.0,0.3
elderly_headed_hh,highest_quintile,1998,3.2,4.1,1.0,2.8,1.3
elderly_headed_hh,highest_quintile,1999,2.5,3.0,0.8,2.3,0.9
elderly_headed_hh,highest_quintile,2000,3.2,4.3,0.7,2.5,0.6
elderly_headed_hh,highest_quintile,2001,2.0,2.6,0.2,1.8,0.2
elderly_headed_hh,highest_quintile,2002,2.0,2.5,0.6,1.9,0.3
elderly_headed_hh,highest_quintile,2003,2.1,2.8,0.4,1.5,0.1
elderly_headed_hh,highest_quintile,2004,2.4,3.0,0.8,2.5,0.4
elderly_headed_hh,highest_quintile,2005,2.9,3.7,0.5,3.0,0.4
elderly_headed_hh,highest_quintile,2006,3.8,5.0,0.5,3.4,1.8
elderly_headed_hh,highest_quintile,2007,4.4,5.8,0.8,3.8,2.6
elderly_headed_hh,highest_quintile,2008,2.8,3.8,0.4,2.1,1.4
elderly_headed_hh,highest_quintile,2009,2.4,3.3,0.6,2.3,1.2
elderly_headed_hh,highest_quintile,2010,2.8,3.8,0.7,3.0,1.2
elderly_headed_hh,highest_quintile,2011,2.1,2.8,0.6,2.3,1.0
elderly_headed_hh,highest_quintile,2012,2.1,2.7,0.4,3.1,1.3
elderly_headed_hh,highest_quintile,2013,2.9,4.1,0.7,2.8,1.4
elderly_headed_hh,highest_quintile,2014,2.7,3.6,1.3,2.6,1.5
elderly_headed_hh,highest_quintile,2015,2.8,4.0,0.7,1.3,1.7
elderly_headed_hh,highest_quintile,2016,3.3,4.6,0.6,2.7,1.7
elderly_headed_hh,highest_quintile,2017,2.9,4.1,0.9,2.5,1.4
elderly_headed_hh,percentiles_81_90,1979,0.4,0.7,0.3,0.2,0.0
elderly_headed_hh,percentiles_81_90,1980,0.4,0.6,0.0,0.7,0.0
elderly_headed_hh,percentiles_81_90,1981,0.4,0.7,0.2,0.3,0.3
elderly_headed_hh,percentiles_81_90,1982,0.7,0.9,0.3,1.3,0.2
elderly_headed_hh,percentiles_81_90,1983,0.2,0.3,0.2,0.1,0.2
elderly_headed_hh,percentiles_81_90,1984,0.4,0.4,0.0,0.5,0.3
elderly_headed_hh,percentiles_81_90,1985,0.5,0.5,0.5,0.8,0.1
elderly_headed_hh,percentiles_81_90,1986,0.4,0.4,0.0,1.1,0.0
elderly_headed_hh,percentiles_81_90,1987,0.5,0.6,0.2,0.3,0.5
elderly_headed_hh,percentiles_81_90,1988,0.4,0.4,0.1,0.6,0.3
elderly_headed_hh,percentiles_81_90,1989,0.3,0.3,0.1,0.7,0.1
elderly_headed_hh,percentiles_81_90,1990,0.3,0.3,0.0,0.6,0.2
elderly_headed_hh,percentiles_81_90,1991,0.2,0.2,0.0,0.3,0.1
elderly_headed_hh,percentiles_81_90,1992,0.5,0.6,0.1,0.8,0.1
elderly_headed_hh,percentiles_81_90,1993,0.4,0.4,0.1,0.7,0.1
elderly_headed_hh,percentiles_81_90,1994,0.7,1.0,0.1,0.8,0.2
elderly_headed_hh,percentiles_81_90,1995,0.8,1.1,0.2,0.5,0.4
elderly_headed_hh,percentiles_81_90,1996,1.2,1.8,0.1,0.9,0.2
elderly_headed_hh,percentiles_81_90,1997,0.5,0.8,0.2,0.2,0.1
elderly_headed_hh,percentiles_81_90,1998,1.3,1.7,0.3,1.2,0.2
elderly_headed_hh,percentiles_81_90,1999,1.0,1.2,0.3,1.2,0.1
elderly_headed_hh,percentiles_81_90,2000,1.2,1.6,0.4,1.2,0.2
elderly_headed_hh,percentiles_81_90,2001,0.8,1.0,0.1,0.8,0.0
elderly_headed_hh,percentiles_81_90,2002,0.8,1.1,0.1,0.7,0.1
elderly_headed_hh,percentiles_81_90,2003,0.8,1.0,0.0,0.6,0.0
elderly_headed_hh,percentiles_81_90,2004,1.1,1.3,0.2,1.4,0.2
elderly_headed_hh,percentiles_81_90,2005,1.5,1.9,0.2,1.5,0.2
elderly_headed_hh,percentiles_81_90,2006,1.7,2.3,0.3,1.4,0.9
elderly_headed_hh,percentiles_81_90,2007,2.1,2.8,0.4,1.9,1.2
elderly_headed_hh,percentiles_81_90,2008,1.2,1.5,0.2,1.1,0.5
elderly_headed_hh,percentiles_81_90,2009,1.2,1.6,0.3,1.2,0.5
elderly_headed_hh,percentiles_81_90,2010,1.3,1.7,0.3,1.4,0.7
elderly_headed_hh,percentiles_81_90,2011,1.1,1.5,0.3,1.4,0.5
elderly_headed_hh,percentiles_81_90,2012,1.1,1.4,0.2,1.6,0.6
elderly_headed_hh,percentiles_81_90,2013,1.3,2.0,0.3,1.1,0.7
elderly_headed_hh,percentiles_81_90,2014,1.3,1.7,0.8,1.3,0.7
elderly_headed_hh,percentiles_81_90,2015,1.2,1.6,0.4,0.8,0.8
elderly_headed_hh,percentiles_81_90,2016,2.0,2.8,0.4,2.0,1.0
elderly_headed_hh,percentiles_81_90,2017,1.3,1.8,0.3,1.7,0.6
elderly_headed_hh,percentiles_91_95,1979,0.3,0.5,0.2,0.3,0.0
elderly_headed_hh,percentiles_91_95,1980,0.2,0.2,0.0,0.5,0.1
elderly_headed_hh,percentiles_91_95,1981,0.3,0.4,0.0,0.6,0.0
elderly_headed_hh,percentiles_91_95,1982,0.2,0.3,0.0,0.5,0.0
elderly_headed_hh,percentiles_91_95,1983,0.2,0.3,0.0,0.4,0.0
elderly_headed_hh,percentiles_91_95,1984,0.1,0.1,0.0,0.3,0.0
elderly_headed_hh,percentiles_91_95,1985,0.2,0.2,0.0,0.4,0.1
elderly_headed_hh,percentiles_91_95,1986,0.2,0.2,0.1,0.4,0.2
elderly_headed_hh,percentiles_91_95,1987,0.1,0.1,0.0,0.2,0.0
elderly_headed_hh,percentiles_91_95,1988,0.1,0.0,0.0,0.3,0.1
elderly_headed_hh,percentiles_91_95,1989,0.4,0.2,0.1,0.2,1.0
elderly_headed_hh,percentiles_91_95,1990,0.3,0.4,0.1,0.6,0.0
elderly_headed_hh,percentiles_91_95,1991,0.1,0.1,0.1,0.4,0.0
elderly_headed_hh,percentiles_91_95,1992,0.2,0.3,0.1,0.4,0.0
elderly_headed_hh,percentiles_91_95,1993,0.1,0.1,0.1,0.0,0.2
elderly_headed_hh,percentiles_91_95,1994,0.5,0.9,0.0,0.3,0.0
elderly_headed_hh,percentiles_91_95,1995,0.5,0.9,0.1,0.3,0.0
elderly_headed_hh,percentiles_91_95,1996,0.6,0.9,0.1,0.6,0.1
elderly_headed_hh,percentiles_91_95,1997,0.5,0.8,0.0,0.3,0.1
elderly_headed_hh,percentiles_91_95,1998,1.1,1.4,0.2,1.1,0.2
elderly_headed_hh,percentiles_91_95,1999,0.8,1.1,0.2,0.7,0.4
elderly_headed_hh,percentiles_91_95,2000,0.9,1.2,0.1,0.5,0.1
elderly_headed_hh,percentiles_91_95,2001,0.5,0.7,0.0,0.4,0.1
elderly_headed_hh,percentiles_91_95,2002,0.3,0.5,0.4,0.2,0.0
elderly_headed_hh,percentiles_91_95,2003,0.5,0.7,0.1,0.4,0.0
elderly_headed_hh,percentiles_91_95,2004,0.5,0.7,0.1,0.4,0.1
elderly_headed_hh,percentiles_91_95,2005,0.5,0.6,0.1,0.4,0.1
elderly_headed_hh,percentiles_91_95,2006,0.8,1.2,0.1,0.4,0.4
elderly_headed_hh,percentiles_91_95,2007,1.0,1.3,0.3,0.9,0.5
elderly_headed_hh,percentiles_91_95,2008,0.8,1.0,0.1,0.4,0.4
elderly_headed_hh,percentiles_91_95,2009,0.6,0.8,0.2,0.3,0.3
elderly_headed_hh,percentiles_91_95,2010,0.6,0.9,0.2,0.7,0.2
elderly_headed_hh,percentiles_91_95,2011,0.3,0.4,0.1,0.4,0.1
elderly_headed_hh,percentiles_91_95,2012,0.6,0.8,0.1,1.0,0.3
elderly_headed_hh,percentiles_91_95,2013,0.7,1.0,0.1,0.9,0.3
elderly_headed_hh,percentiles_91_95,2014,0.7,1.0,0.2,0.9,0.4
elderly_headed_hh,percentiles_91_95,2015,0.8,1.2,0.1,0.3,0.4
elderly_headed_hh,percentiles_91_95,2016,0.6,0.8,0.1,0.4,0.3
elderly_headed_hh,percentiles_91_95,2017,0.7,1.0,0.3,0.2,0.4
elderly_headed_hh,percentiles_96_99,1979,0.4,0.8,0.0,0.2,0.2
elderly_headed_hh,percentiles_96_99,1980,0.2,0.3,0.0,0.3,0.0
elderly_headed_hh,percentiles_96_99,1981,0.4,0.6,0.0,0.7,0.1
elderly_headed_hh,percentiles_96_99,1982,0.1,0.2,0.0,0.0,0.0
elderly_headed_hh,percentiles_96_99,1983,0.3,0.1,0.1,1.3,0.1
elderly_headed_hh,percentiles_96_99,1984,0.2,0.2,0.3,0.1,0.1
elderly_headed_hh,percentiles_96_99,1985,0.3,0.3,0.1,0.3,0.3
elderly_headed_hh,percentiles_96_99,1986,0.2,0.3,0.0,0.2,0.1
elderly_headed_hh,percentiles_96_99,1987,0.2,0.2,0.1,0.3,0.1
elderly_headed_hh,percentiles_96_99,1988,0.2,0.2,0.0,0.5,0.1
elderly_headed_hh,percentiles_96_99,1989,0.1,0.1,0.0,0.1,0.1
elderly_headed_hh,percentiles_96_99,1990,0.6,0.2,0.0,0.1,1.5
elderly_headed_hh,percentiles_96_99,1991,0.3,0.2,0.0,0.4,0.3
elderly_headed_hh,percentiles_96_99,1992,0.3,0.4,0.0,0.3,0.1
elderly_headed_hh,percentiles_96_99,1993,0.0,0.1,0.0,0.1,0.0
elderly_headed_hh,percentiles_96_99,1994,0.5,0.9,0.1,0.1,0.0
elderly_headed_hh,percentiles_96_99,1995,0.4,0.5,0.3,0.5,0.0
elderly_headed_hh,percentiles_96_99,1996,0.5,0.7,0.1,0.4,0.2
elderly_headed_hh,percentiles_96_99,1997,0.5,0.7,0.1,0.5,0.1
elderly_headed_hh,percentiles_96_99,1998,0.6,0.8,0.3,0.3,0.3
elderly_headed_hh,percentiles_96_99,1999,0.6,0.7,0.3,0.4,0.3
elderly_headed_hh,percentiles_96_99,2000,0.8,1.1,0.1,0.5,0.2
elderly_headed_hh,percentiles_96_99,2001,0.5,0.7,0.0,0.3,0.1
elderly_headed_hh,percentiles_96_99,2002,0.7,0.8,0.0,0.9,0.2
elderly_headed_hh,percentiles_96_99,2003,0.7,0.9,0.2,0.5,0.0
elderly_headed_hh,percentiles_96_99,2004,0.6,0.7,0.5,0.5,0.1
elderly_headed_hh,percentiles_96_99,2005,0.7,0.9,0.2,0.8,0.1
elderly_headed_hh,percentiles_96_99,2006,0.8,1.1,0.2,1.1,0.3
elderly_headed_hh,percentiles_96_99,2007,1.2,1.6,0.1,0.9,0.8
elderly_headed_hh,percentiles_96_99,2008,0.6,0.9,0.0,0.4,0.3
elderly_headed_hh,percentiles_96_99,2009,0.5,0.7,0.1,0.6,0.3
elderly_headed_hh,percentiles_96_99,2010,0.6,0.8,0.1,0.5,0.2
elderly_headed_hh,percentiles_96_99,2011,0.4,0.6,0.1,0.2,0.3
elderly_headed_hh,percentiles_96_99,2012,0.3,0.4,0.1,0.4,0.3
elderly_headed_hh,percentiles_96_99,2013,0.6,0.9,0.3,0.7,0.2
elderly_headed_hh,percentiles_96_99,2014,0.4,0.6,0.2,0.3,0.3
elderly_headed_hh,percentiles_96_99,2015,0.6,0.9,0.2,0.2,0.4
elderly_headed_hh,percentiles_96_99,2016,0.5,0.8,0.1,0.2,0.2
elderly_headed_hh,percentiles_96_99,2017,0.5,0.7,0.2,0.5,0.3
elderly_headed_hh,top_1_percent,1979,0.1,0.2,0.0,0.2,0.0
elderly_headed_hh,top_1_percent,1980,0.0,0.0,0.0,0.1,0.0
elderly_headed_hh,top_1_percent,1981,0.1,0.1,0.0,0.1,0.1
elderly_headed_hh,top_1_percent,1982,0.1,0.2,0.0,0.2,0.0
elderly_headed_hh,top_1_percent,1983,0.0,0.0,0.0,0.0,0.0
elderly_headed_hh,top_1_percent,1984,0.1,0.1,0.0,0.1,0.1
elderly_headed_hh,top_1_percent,1985,0.0,0.0,0.0,0.1,0.1
elderly_headed_hh,top_1_percent,1986,0.1,0.1,0.0,0.1,0.0
elderly_headed_hh,top_1_percent,1987,0.0,0.0,0.0,0.1,0.1
elderly_headed_hh,top_1_percent,1988,0.1,0.0,0.0,0.1,0.3
elderly_headed_hh,top_1_percent,1989,0.1,0.1,0.0,0.2,0.0
elderly_headed_hh,top_1_percent,1990,0.1,0.0,0.0,0.1,0.2
elderly_headed_hh,top_1_percent,1991,0.1,0.1,0.0,0.1,0.0
elderly_headed_hh,top_1_percent,1992,0.2,0.2,0.0,0.4,0.0
elderly_headed_hh,top_1_percent,1993,0.0,0.0,0.0,0.0,0.0
elderly_headed_hh,top_1_percent,1994,0.1,0.2,0.0,0.1,0.0
elderly_headed_hh,top_1_percent,1995,0.1,0.1,0.1,0.4,0.0
elderly_headed_hh,top_1_percent,1996,0.3,0.5,0.0,0.1,0.0
elderly_headed_hh,top_1_percent,1997,0.1,0.2,0.0,0.0,0.0
elderly_headed_hh,top_1_percent,1998,0.3,0.3,0.2,0.2,0.5
elderly_headed_hh,top_1_percent,1999,0.1,0.1,0.0,0.1,0.0
elderly_headed_hh,top_1_percent,2000,0.3,0.4,0.0,0.3,0.0
elderly_headed_hh,top_1_percent,2001,0.1,0.2,0.0,0.3,0.0
elderly_headed_hh,top_1_percent,2002,0.1,0.2,0.1,0.1,0.0
elderly_headed_hh,top_1_percent,2003,0.1,0.1,0.0,0.0,0.0
elderly_headed_hh,top_1_percent,2004,0.2,0.3,0.1,0.2,0.1
elderly_headed_hh,top_1_percent,2005,0.2,0.3,0.1,0.3,0.0
elderly_headed_hh,top_1_percent,2006,0.4,0.4,0.1,0.5,0.2
elderly_headed_hh,top_1_percent,2007,0.2,0.2,0.0,0.1,0.1
elderly_headed_hh,top_1_percent,2008,0.3,0.4,0.1,0.2,0.1
elderly_headed_hh,top_1_percent,2009,0.2,0.2,0.0,0.2,0.1
elderly_headed_hh,top_1_percent,2010,0.3,0.4,0.0,0.4,0.1
elderly_headed_hh,top_1_percent,2011,0.3,0.4,0.1,0.3,0.1
elderly_headed_hh,top_1_percent,2012,0.1,0.1,0.0,0.2,0.1
elderly_headed_hh,top_1_percent,2013,0.2,0.3,0.1,0.1,0.2
elderly_headed_hh,top_1_percent,2014,0.2,0.3,0.1,0.1,0.1
elderly_headed_hh,top_1_percent,2015,0.2,0.3,0.0,0.0,0.1
elderly_headed_hh,top_1_percent,2016,0.2,0.2,0.1,0.0,0.1
elderly_headed_hh,top_1_percent,2017,0.4,0.6,0.0,0.0,0.2
nonelderly_childless_hh,all_quintiles,1979,100.0,100.0,100.0,100.0,100.0
nonelderly_childless_hh,all_quintiles,1980,100.0,100.0,100.0,100.0,100.0
nonelderly_childless_hh,all_quintiles,1981,100.0,100.0,100.0,100.0,100.0
nonelderly_childless_hh,all_quintiles,1982,100.0,100.0,100.0,100.0,100.0
nonelderly_childless_hh,all_quintiles,1983,100.0,100.0,100.0,100.0,100.0
nonelderly_childless_hh,all_quintiles,1984,100.0,100.0,100.0,100.0,100.0
nonelderly_childless_hh,all_quintiles,1985,100.0,100.0,100.0,100.0,100.0
nonelderly_childless_hh,all_quintiles,1986,100.0,100.0,100.0,100.0,100.0
nonelderly_childless_hh,all_quintiles,1987,100.0,100.0,100.0,100.0,100.0
nonelderly_childless_hh,all_quintiles,1988,100.0,100.0,100.0,100.0,100.0
nonelderly_childless_hh,all_quintiles,1989,100.0,100.0,100.0,100.0,100.0
nonelderly_childless_hh,all_quintiles,1990,100.0,100.0,100.0,100.0,100.0
nonelderly_childless_hh,all_quintiles,1991,100.0,100.0,100.0,100.0,100.0
nonelderly_childless_hh,all_quintiles,1992,100.0,100.0,100.0,100.0,100.0
nonelderly_childless_hh,all_quintiles,1993,100.0,100.0,100.0,100.0,100.0
nonelderly_childless_hh,all_quintiles,1994,100.0,100.0,100.0,100.0,100.0
nonelderly_childless_hh,all_quintiles,1995,100.0,100.0,100.0,100.0,100.0
nonelderly_childless_hh,all_quintiles,1996,100.0,100.0,100.0,100.0,100.0
nonelderly_childless_hh,all_quintiles,1997,100.0,100.0,100.0,100.0,100.0
nonelderly_childless_hh,all_quintiles,1998,100.0,100.0,100.0,100.0,100.0
nonelderly_childless_hh,all_quintiles,1999,100.0,100.0,100.0,100.0,100.0
nonelderly_childless_hh,all_quintiles,2000,100.0,100.0,100.0,100.0,100.0
nonelderly_childless_hh,all_quintiles,2001,100.0,100.0,100.0,100.0,100.0
nonelderly_childless_hh,all_quintiles,2002,100.0,100.0,100.0,100.0,100.0
nonelderly_childless_hh,all_quintiles,2003,100.0,100.0,100.0,100.0,100.0
nonelderly_childless_hh,all_quintiles,2004,100.0,100.0,100.0,100.0,100.0
nonelderly_childless_hh,all_quintiles,2005,100.0,100.0,100.0,100.0,100.0
nonelderly_childless_hh,all_quintiles,2006,100.0,100.0,100.0,100.0,100.0
nonelderly_childless_hh,all_quintiles,2007,100.0,100.0,100.0,100.0,100.0
nonelderly_childless_hh,all_quintiles,2008,100.0,100.0,100.0,100.0,100.0
nonelderly_childless_hh,all_quintiles,2009,100.0,100.0,100.0,100.0,100.0
nonelderly_childless_hh,all_quintiles,2010,100.0,100.0,100.0,100.0,100.0
nonelderly_childless_hh,all_quintiles,2011,100.0,100.0,100.0,100.0,100.0
nonelderly_childless_hh,all_quintiles,2012,100.0,100.0,100.0,100.0,100.0
nonelderly_childless_hh,all_quintiles,2013,100.0,100.0,100.0,100.0,100.0
nonelderly_childless_hh,all_quintiles,2014,100.0,100.0,100.0,100.0,100.0
nonelderly_childless_hh,all_quintiles,2015,100.0,100.0,100.0,100.0,100.0
nonelderly_childless_hh,all_quintiles,2016,100.0,100.0,100.0,100.0,100.0
nonelderly_childless_hh,all_quintiles,2017,100.0,100.0,100.0,100.0,100.0
nonelderly_childless_hh,lowest_quintile,1979,70.5,67.5,68.8,72.6,72.6
nonelderly_childless_hh,lowest_quintile,1980,72.0,70.2,71.6,73.0,73.4
nonelderly_childless_hh,lowest_quintile,1981,71.1,68.3,70.2,72.6,73.6
nonelderly_childless_hh,lowest_quintile,1982,73.1,68.7,78.8,71.8,78.6
nonelderly_childless_hh,lowest_quintile,1983,73.5,71.2,76.0,71.1,79.1
nonelderly_childless_hh,lowest_quintile,1984,72.7,72.4,74.4,68.9,77.9
nonelderly_childless_hh,lowest_quintile,1985,74.3,71.2,81.4,70.6,81.6
nonelderly_childless_hh,lowest_quintile,1986,72.7,69.9,79.5,70.2,79.0
nonelderly_childless_hh,lowest_quintile,1987,66.1,64.7,74.4,64.2,68.7
nonelderly_childless_hh,lowest_quintile,1988,71.0,67.5,75.8,70.2,77.2
nonelderly_childless_hh,lowest_quintile,1989,65.8,63.7,73.0,63.5,71.4
nonelderly_childless_hh,lowest_quintile,1990,62.8,59.2,70.8,60.3,70.6
nonelderly_childless_hh,lowest_quintile,1991,65.0,62.4,66.7,64.4,72.0
nonelderly_childless_hh,lowest_quintile,1992,63.2,60.1,62.5,63.4,71.5
nonelderly_childless_hh,lowest_quintile,1993,62.7,59.8,65.3,63.2,68.1
nonelderly_childless_hh,lowest_quintile,1994,62.6,59.3,65.7,65.8,66.6
nonelderly_childless_hh,lowest_quintile,1995,66.7,63.4,72.2,67.1,73.6
nonelderly_childless_hh,lowest_quintile,1996,68.8,65.1,75.8,69.2,77.5
nonelderly_childless_hh,lowest_quintile,1997,69.5,63.8,76.3,72.7,82.7
nonelderly_childless_hh,lowest_quintile,1998,67.6,62.6,79.1,70.0,81.6
nonelderly_childless_hh,lowest_quintile,1999,64.6,60.7,74.3,66.3,79.9
nonelderly_childless_hh,lowest_quintile,2000,67.9,63.6,80.1,71.1,81.4
nonelderly_childless_hh,lowest_quintile,2001,66.7,63.5,78.8,68.4,78.3
nonelderly_childless_hh,lowest_quintile,2002,65.9,62.1,73.7,68.5,80.8
nonelderly_childless_hh,lowest_quintile,2003,64.8,61.2,74.9,67.9,78.1
nonelderly_childless_hh,lowest_quintile,2004,64.6,61.6,72.9,65.2,80.0
nonelderly_childless_hh,lowest_quintile,2005,63.3,59.5,75.3,65.1,79.3
nonelderly_childless_hh,lowest_quintile,2006,63.2,59.2,73.4,64.6,77.5
nonelderly_childless_hh,lowest_quintile,2007,63.5,60.0,73.7,64.5,77.1
nonelderly_childless_hh,lowest_quintile,2008,63.0,59.6,70.4,64.8,75.7
nonelderly_childless_hh,lowest_quintile,2009,61.3,57.4,64.5,65.0,75.4
nonelderly_childless_hh,lowest_quintile,2010,63.6,60.7,62.5,67.4,74.7
nonelderly_childless_hh,lowest_quintile,2011,61.7,58.2,63.4,64.7,73.8
nonelderly_childless_hh,lowest_quintile,2012,60.7,56.8,64.2,65.3,72.4
nonelderly_childless_hh,lowest_quintile,2013,63.1,60.2,64.2,67.1,73.3
nonelderly_childless_hh,lowest_quintile,2014,58.9,55.5,61.4,65.3,70.3
nonelderly_childless_hh,lowest_quintile,2015,55.8,52.1,62.2,63.8,66.5
nonelderly_childless_hh,lowest_quintile,2016,56.7,52.6,64.0,65.6,68.5
nonelderly_childless_hh,lowest_quintile,2017,54.8,50.4,62.7,62.9,69.3
nonelderly_childless_hh,second_quintile,1979,14.3,14.1,19.5,12.1,15.9
nonelderly_childless_hh,second_quintile,1980,14.2,14.6,19.0,11.6,15.8
nonelderly_childless_hh,second_quintile,1981,14.2,14.7,17.8,10.7,17.5
nonelderly_childless_hh,second_quintile,1982,13.3,14.4,13.9,11.8,13.8
nonelderly_childless_hh,second_quintile,1983,12.6,14.0,14.3,11.3,11.5
nonelderly_childless_hh,second_quintile,1984,11.9,12.6,13.5,10.8,11.7
nonelderly_childless_hh,second_quintile,1985,11.6,13.8,11.3,9.9,11.0
nonelderly_childless_hh,second_quintile,1986,12.5,13.7,12.3,11.9,11.8
nonelderly_childless_hh,second_quintile,1987,15.2,16.1,14.0,13.5,17.6
nonelderly_childless_hh,second_quintile,1988,13.4,14.6,13.6,12.7,12.1
nonelderly_childless_hh,second_quintile,1989,15.3,15.9,15.2,16.0,12.7
nonelderly_childless_hh,second_quintile,1990,15.0,16.4,15.8,14.6,12.3
nonelderly_childless_hh,second_quintile,1991,15.1,15.1,19.7,14.1,14.8
nonelderly_childless_hh,second_quintile,1992,17.1,18.0,21.8,15.5,14.8
nonelderly_childless_hh,second_quintile,1993,17.4,19.0,18.0,15.9,15.5
nonelderly_childless_hh,second_quintile,1994,16.1,16.6,19.2,14.3,15.7
nonelderly_childless_hh,second_quintile,1995,15.6,16.4,17.1,15.4,12.9
nonelderly_childless_hh,second_quintile,1996,14.0,14.7,15.3,13.0,12.7
nonelderly_childless_hh,second_quintile,1997,12.5,14.1,12.9,10.9,9.2
nonelderly_childless_hh,second_quintile,1998,15.0,16.9,11.7,13.4,10.7
nonelderly_childless_hh,second_quintile,1999,17.3,19.1,16.3,15.4,11.4
nonelderly_childless_hh,second_quintile,2000,15.3,17.0,12.2,13.0,10.7
nonelderly_childless_hh,second_quintile,2001,15.6,17.1,12.3,13.6,11.4
nonelderly_childless_hh,second_quintile,2002,15.5,17.0,14.9,13.3,10.8
nonelderly_childless_hh,second_quintile,2003,16.1,17.7,15.3,12.2,12.5
nonelderly_childless_hh,second_quintile,2004,17.4,18.6,17.7,15.6,12.0
nonelderly_childless_hh,second_quintile,2005,17.3,18.8,15.6,15.4,11.3
nonelderly_childless_hh,second_quintile,2006,16.9,18.6,15.6,14.4,12.0
nonelderly_childless_hh,second_quintile,2007,16.7,17.9,15.9,15.8,11.8
nonelderly_childless_hh,second_quintile,2008,17.2,18.3,18.1,14.9,13.6
nonelderly_childless_hh,second_quintile,2009,18.5,19.6,21.6,16.0,14.3
nonelderly_childless_hh,second_quintile,2010,19.1,19.3,23.3,17.6,16.3
nonelderly_childless_hh,second_quintile,2011,19.5,20.4,24.6,16.2,14.6
nonelderly_childless_hh,second_quintile,2012,20.0,21.3,24.0,15.0,15.6
nonelderly_childless_hh,second_quintile,2013,19.4,20.2,23.0,16.2,15.3
nonelderly_childless_hh,second_quintile,2014,20.5,21.3,23.5,17.5,17.3
nonelderly_childless_hh,second_quintile,2015,21.1,22.5,22.4,15.6,17.3
nonelderly_childless_hh,second_quintile,2016,20.3,21.5,19.6,15.6,17.7
nonelderly_childless_hh,second_quintile,2017,21.1,22.5,21.7,16.3,17.3
nonelderly_childless_hh,middle_quintile,1979,7.2,8.5,5.8,7.4,5.4
nonelderly_childless_hh,middle_quintile,1980,5.8,6.9,5.0,4.9,6.4
nonelderly_childless_hh,middle_quintile,1981,5.3,6.7,5.1,4.4,4.7
nonelderly_childless_hh,middle_quintile,1982,6.1,6.9,3.0,7.4,4.3
nonelderly_childless_hh,middle_quintile,1983,5.8,5.8,4.2,6.8,5.4
nonelderly_childless_hh,middle_quintile,1984,6.2,6.5,4.7,7.9,3.9
nonelderly_childless_hh,middle_quintile,1985,5.5,5.7,3.3,7.2,3.6
nonelderly_childless_hh,middle_quintile,1986,6.9,7.7,4.2,7.8,4.9
nonelderly_childless_hh,middle_quintile,1987,7.9,8.4,4.4,8.8,6.8
nonelderly_childless_hh,middle_quintile,1988,6.9,7.7,3.4,8.4,4.1
nonelderly_childless_hh,middle_quintile,1989,6.9,7.5,4.1,7.5,5.9
nonelderly_childless_hh,middle_quintile,1990,7.7,8.8,4.6,9.0,5.0
nonelderly_childless_hh,middle_quintile,1991,8.1,9.4,5.4,8.4,5.4
nonelderly_childless_hh,middle_quintile,1992,7.7,8.2,7.1,7.8,6.4
nonelderly_childless_hh,middle_quintile,1993,7.8,8.2,7.4,8.1,6.0
nonelderly_childless_hh,middle_quintile,1994,7.6,8.5,7.2,6.3,6.9
nonelderly_childless_hh,middle_quintile,1995,7.7,8.6,5.7,6.9,7.0
nonelderly_childless_hh,middle_quintile,1996,7.7,8.7,5.1,7.7,5.1
nonelderly_childless_hh,middle_quintile,1997,7.3,8.9,4.3,6.2,4.3
nonelderly_childless_hh,middle_quintile,1998,7.2,8.6,3.7,6.6,3.2
nonelderly_childless_hh,middle_quintile,1999,8.0,9.2,4.2,8.3,2.7
nonelderly_childless_hh,middle_quintile,2000,7.4,8.6,3.9,7.0,3.2
nonelderly_childless_hh,middle_quintile,2001,7.5,8.3,4.5,7.0,4.5
nonelderly_childless_hh,middle_quintile,2002,8.4,9.4,5.6,8.1,3.6
nonelderly_childless_hh,middle_quintile,2003,8.2,9.3,4.3,7.5,4.3
nonelderly_childless_hh,middle_quintile,2004,8.3,9.3,4.2,8.1,4.0
nonelderly_childless_hh,middle_quintile,2005,8.3,9.5,4.5,7.9,3.2
nonelderly_childless_hh,middle_quintile,2006,8.6,9.7,5.4,8.1,4.6
nonelderly_childless_hh,middle_quintile,2007,8.9,10.2,5.4,8.1,4.8
nonelderly_childless_hh,middle_quintile,2008,9.3,10.6,6.5,8.6,4.1
nonelderly_childless_hh,middle_quintile,2009,9.4,10.6,7.5,8.8,5.0
nonelderly_childless_hh,middle_quintile,2010,8.1,9.2,7.2,6.6,4.6
nonelderly_childless_hh,middle_quintile,2011,9.5,10.7,7.3,9.5,5.0
nonelderly_childless_hh,middle_quintile,2012,9.3,10.2,7.3,9.2,6.5
nonelderly_childless_hh,middle_quintile,2013,9.0,9.9,7.4,8.4,5.7
nonelderly_childless_hh,middle_quintile,2014,9.9,11.0,8.1,8.3,6.1
nonelderly_childless_hh,middle_quintile,2015,11.1,12.3,7.8,8.7,8.7
nonelderly_childless_hh,middle_quintile,2016,11.0,12.3,8.7,8.5,7.0
nonelderly_childless_hh,middle_quintile,2017,12.0,13.6,8.3,9.4,6.8
nonelderly_childless_hh,fourth_quintile,1979,4.3,5.2,3.4,4.1,3.9
nonelderly_childless_hh,fourth_quintile,1980,4.3,4.6,2.5,5.4,2.7
nonelderly_childless_hh,fourth_quintile,1981,4.3,4.8,2.4,5.5,2.5
nonelderly_childless_hh,fourth_quintile,1982,3.2,4.2,1.2,4.0,1.4
nonelderly_childless_hh,fourth_quintile,1983,4.4,5.1,1.3,6.1,2.4
nonelderly_childless_hh,fourth_quintile,1984,4.8,4.5,2.7,6.8,3.1
nonelderly_childless_hh,fourth_quintile,1985,4.0,4.6,1.7,5.7,1.7
nonelderly_childless_hh,fourth_quintile,1986,3.9,4.1,1.4,5.6,1.9
nonelderly_childless_hh,fourth_quintile,1987,5.0,5.4,2.2,6.7,2.2
nonelderly_childless_hh,fourth_quintile,1988,3.5,4.6,1.5,3.3,2.5
nonelderly_childless_hh,fourth_quintile,1989,4.8,5.4,1.6,6.3,2.4
nonelderly_childless_hh,fourth_quintile,1990,4.6,5.3,1.6,5.1,3.8
nonelderly_childless_hh,fourth_quintile,1991,5.0,6.1,3.2,4.9,3.1
nonelderly_childless_hh,fourth_quintile,1992,5.1,6.1,3.1,5.5,3.1
nonelderly_childless_hh,fourth_quintile,1993,5.1,5.9,3.6,5.2,3.4
nonelderly_childless_hh,fourth_quintile,1994,6.0,7.3,2.6,5.9,3.9
nonelderly_childless_hh,fourth_quintile,1995,4.6,5.3,2.1,5.1,2.8
nonelderly_childless_hh,fourth_quintile,1996,4.8,5.5,1.9,5.3,2.9
nonelderly_childless_hh,fourth_quintile,1997,5.0,6.1,2.3,5.3,1.3
nonelderly_childless_hh,fourth_quintile,1998,4.5,5.3,2.0,4.7,1.7
nonelderly_childless_hh,fourth_quintile,1999,4.7,5.5,1.3,4.6,1.3
nonelderly_childless_hh,fourth_quintile,2000,4.5,5.5,1.2,3.9,1.6
nonelderly_childless_hh,fourth_quintile,2001,4.2,4.8,1.5,4.7,1.3
nonelderly_childless_hh,fourth_quintile,2002,4.6,5.5,1.5,4.1,1.5
nonelderly_childless_hh,fourth_quintile,2003,4.6,5.3,1.6,4.7,1.1
nonelderly_childless_hh,fourth_quintile,2004,5.2,5.9,1.5,5.7,1.5
nonelderly_childless_hh,fourth_quintile,2005,4.9,5.7,1.3,4.9,1.3
nonelderly_childless_hh,fourth_quintile,2006,5.4,6.3,1.7,5.9,2.3
nonelderly_childless_hh,fourth_quintile,2007,4.9,5.7,1.6,4.9,2.1
nonelderly_childless_hh,fourth_quintile,2008,4.9,5.5,1.1,5.5,2.8
nonelderly_childless_hh,fourth_quintile,2009,4.6,5.6,2.5,4.2,1.6
nonelderly_childless_hh,fourth_quintile,2010,4.5,5.5,3.2,3.5,1.7
nonelderly_childless_hh,fourth_quintile,2011,4.6,5.4,2.3,4.8,2.4
nonelderly_childless_hh,fourth_quintile,2012,5.0,6.1,1.9,5.0,2.4
nonelderly_childless_hh,fourth_quintile,2013,4.4,5.0,2.4,4.5,2.4
nonelderly_childless_hh,fourth_quintile,2014,5.8,6.7,3.7,4.7,2.8
nonelderly_childless_hh,fourth_quintile,2015,6.4,7.2,4.0,6.2,3.2
nonelderly_childless_hh,fourth_quintile,2016,6.5,7.5,3.7,4.7,3.5
nonelderly_childless_hh,fourth_quintile,2017,6.6,7.5,3.9,6.4,2.8
nonelderly_childless_hh,highest_quintile,1979,3.1,3.8,1.6,3.4,2.0
nonelderly_childless_hh,highest_quintile,1980,2.7,2.8,0.9,3.9,1.3
nonelderly_childless_hh,highest_quintile,1981,3.3,3.8,1.2,4.8,0.9
nonelderly_childless_hh,highest_quintile,1982,2.8,4.1,0.7,3.3,0.9
nonelderly_childless_hh,highest_quintile,1983,2.3,2.7,0.5,3.5,1.0
nonelderly_childless_hh,highest_quintile,1984,2.6,2.3,1.8,4.0,1.6
nonelderly_childless_hh,highest_quintile,1985,3.5,3.3,0.8,5.6,1.7
nonelderly_childless_hh,highest_quintile,1986,2.7,3.1,0.8,3.6,1.4
nonelderly_childless_hh,highest_quintile,1987,2.8,2.4,1.7,3.8,2.2
nonelderly_childless_hh,highest_quintile,1988,2.0,2.6,1.4,1.9,1.3
nonelderly_childless_hh,highest_quintile,1989,3.5,4.4,1.2,3.4,2.8
nonelderly_childless_hh,highest_quintile,1990,4.9,5.4,2.0,6.0,3.4
nonelderly_childless_hh,highest_quintile,1991,3.2,3.7,1.4,3.9,1.6
nonelderly_childless_hh,highest_quintile,1992,3.3,4.3,1.6,3.6,1.2
nonelderly_childless_hh,highest_quintile,1993,3.8,4.1,1.9,4.7,2.6
nonelderly_childless_hh,highest_quintile,1994,4.3,5.5,1.2,4.3,2.0
nonelderly_childless_hh,highest_quintile,1995,3.4,4.4,0.9,3.3,1.5
nonelderly_childless_hh,highest_quintile,1996,3.5,4.6,0.6,3.6,1.0
nonelderly_childless_hh,highest_quintile,1997,3.6,4.9,1.0,2.9,0.8
nonelderly_childless_hh,highest_quintile,1998,3.6,4.6,0.9,3.4,0.5
nonelderly_childless_hh,highest_quintile,1999,2.7,3.2,0.8,2.8,0.7
nonelderly_childless_hh,highest_quintile,2000,3.0,3.6,0.5,2.9,0.9
nonelderly_childless_hh,highest_quintile,2001,3.2,3.9,0.5,3.1,0.9
nonelderly_childless_hh,highest_quintile,2002,2.8,3.3,0.8,2.5,0.7
nonelderly_childless_hh,highest_quintile,2003,3.1,3.6,0.7,3.4,0.7
nonelderly_childless_hh,highest_quintile,2004,2.8,3.0,1.8,3.5,0.9
nonelderly_childless_hh,highest_quintile,2005,3.4,3.9,0.6,3.8,1.1
nonelderly_childless_hh,highest_quintile,2006,3.4,3.8,0.8,4.4,1.2
nonelderly_childless_hh,highest_quintile,2007,3.4,3.9,0.6,3.6,1.2
nonelderly_childless_hh,highest_quintile,2008,3.0,3.4,1.1,3.2,1.0
nonelderly_childless_hh,highest_quintile,2009,3.2,4.0,0.9,2.6,1.1
nonelderly_childless_hh,highest_quintile,2010,2.7,3.3,1.7,2.4,1.0
nonelderly_childless_hh,highest_quintile,2011,2.7,3.4,0.6,2.5,1.0
nonelderly_childless_hh,highest_quintile,2012,3.2,3.9,0.7,3.5,1.2
nonelderly_childless_hh,highest_quintile,2013,2.4,3.0,0.8,1.8,1.3
nonelderly_childless_hh,highest_quintile,2014,3.1,3.7,1.5,2.3,1.6
nonelderly_childless_hh,highest_quintile,2015,3.5,4.1,1.8,3.2,1.7
nonelderly_childless_hh,highest_quintile,2016,4.0,4.7,1.8,3.4,1.6
nonelderly_childless_hh,highest_quintile,2017,3.7,4.4,1.7,2.3,1.8
nonelderly_childless_hh,percentiles_81_90,1979,1.5,1.6,0.8,1.7,1.0
nonelderly_childless_hh,percentiles_81_90,1980,1.4,1.8,0.6,1.6,0.7
nonelderly_childless_hh,percentiles_81_90,1981,2.0,2.2,0.7,3.0,0.7
nonelderly_childless_hh,percentiles_81_90,1982,1.5,2.0,0.6,1.9,0.6
nonelderly_childless_hh,percentiles_81_90,1983,1.0,1.5,0.1,1.2,0.4
nonelderly_childless_hh,percentiles_81_90,1984,1.5,1.5,0.9,2.0,1.0
nonelderly_childless_hh,percentiles_81_90,1985,2.3,2.3,0.4,3.6,1.1
nonelderly_childless_hh,percentiles_81_90,1986,1.7,1.9,0.6,2.2,0.9
nonelderly_childless_hh,percentiles_81_90,1987,1.1,0.9,0.8,1.7,0.7
nonelderly_childless_hh,percentiles_81_90,1988,0.9,1.2,0.2,1.0,0.3
nonelderly_childless_hh,percentiles_81_90,1989,1.7,2.3,0.5,1.9,0.6
nonelderly_childless_hh,percentiles_81_90,1990,2.7,3.2,0.8,3.2,1.9
nonelderly_childless_hh,percentiles_81_90,1991,1.8,2.0,0.9,2.3,1.1
nonelderly_childless_hh,percentiles_81_90,1992,1.9,2.5,0.9,1.8,0.7
nonelderly_childless_hh,percentiles_81_90,1993,1.9,2.2,0.7,2.4,1.2
nonelderly_childless_hh,percentiles_81_90,1994,2.5,3.2,0.8,2.5,1.4
nonelderly_childless_hh,percentiles_81_90,1995,1.8,2.3,0.3,2.1,0.6
nonelderly_childless_hh,percentiles_81_90,1996,2.2,2.7,0.4,2.6,0.7
nonelderly_childless_hh,percentiles_81_90,1997,2.1,3.0,0.6,1.5,0.2
nonelderly_childless_hh,percentiles_81_90,1998,2.3,2.9,0.2,2.3,0.2
nonelderly_childless_hh,percentiles_81_90,1999,1.3,1.5,0.5,1.4,0.5
nonelderly_childless_hh,percentiles_81_90,2000,1.6,2.0,0.2,1.5,0.4
nonelderly_childless_hh,percentiles_81_90,2001,1.6,1.9,0.3,1.5,0.4
nonelderly_childless_hh,percentiles_81_90,2002,1.6,1.9,0.4,1.6,0.4
nonelderly_childless_hh,percentiles_81_90,2003,1.8,2.1,0.4,2.0,0.4
nonelderly_childless_hh,percentiles_81_90,2004,1.8,1.9,1.0,2.4,0.5
nonelderly_childless_hh,percentiles_81_90,2005,1.8,2.1,0.2,2.1,0.4
nonelderly_childless_hh,percentiles_81_90,2006,2.2,2.4,0.3,2.9,0.7
nonelderly_childless_hh,percentiles_81_90,2007,1.9,2.2,0.3,2.3,0.7
nonelderly_childless_hh,percentiles_81_90,2008,1.6,1.9,0.4,1.5,0.6
nonelderly_childless_hh,percentiles_81_90,2009,1.7,2.2,0.5,1.4,0.5
nonelderly_childless_hh,percentiles_81_90,2010,1.6,2.0,0.8,1.4,0.4
nonelderly_childless_hh,percentiles_81_90,2011,1.6,2.0,0.3,1.8,0.6
nonelderly_childless_hh,percentiles_81_90,2012,1.8,2.2,0.5,2.3,0.6
nonelderly_childless_hh,percentiles_81_90,2013,1.4,1.9,0.4,1.0,0.7
nonelderly_childless_hh,percentiles_81_90,2014,1.8,2.3,0.7,1.2,1.1
nonelderly_childless_hh,percentiles_81_90,2015,2.0,2.3,1.1,1.9,0.9
nonelderly_childless_hh,percentiles_81_90,2016,2.2,2.6,1.0,1.6,0.9
nonelderly_childless_hh,percentiles_81_90,2017,2.1,2.5,0.8,1.6,1.0
nonelderly_childless_hh,percentiles_91_95,1979,0.7,1.1,0.5,0.7,0.3
nonelderly_childless_hh,percentiles_91_95,1980,0.5,0.5,0.1,0.9,0.2
nonelderly_childless_hh,percentiles_91_95,1981,0.7,0.9,0.1,1.1,0.1
nonelderly_childless_hh,percentiles_91_95,1982,0.6,1.0,0.0,0.7,0.1
nonelderly_childless_hh,percentiles_91_95,1983,0.9,1.0,0.1,1.5,0.3
nonelderly_childless_hh,percentiles_91_95,1984,0.4,0.3,0.4,0.7,0.2
nonelderly_childless_hh,percentiles_91_95,1985,0.6,0.4,0.2,1.2,0.3
nonelderly_childless_hh,percentiles_91_95,1986,0.6,0.7,0.0,0.9,0.2
nonelderly_childless_hh,percentiles_91_95,1987,0.4,0.3,0.3,0.5,0.5
nonelderly_childless_hh,percentiles_91_95,1988,0.3,0.5,0.6,0.1,0.3
nonelderly_childless_hh,percentiles_91_95,1989,0.9,1.1,0.2,0.5,1.2
nonelderly_childless_hh,percentiles_91_95,1990,1.0,1.1,0.6,1.1,0.7
nonelderly_childless_hh,percentiles_91_95,1991,0.5,0.6,0.1,0.7,0.2
nonelderly_childless_hh,percentiles_91_95,1992,1.0,1.3,0.3,1.4,0.3
nonelderly_childless_hh,percentiles_91_95,1993,1.1,1.1,0.7,1.3,0.9
nonelderly_childless_hh,percentiles_91_95,1994,0.9,1.2,0.1,0.9,0.3
nonelderly_childless_hh,percentiles_91_95,1995,0.8,1.0,0.2,0.7,0.3
nonelderly_childless_hh,percentiles_91_95,1996,0.7,1.1,0.0,0.6,0.1
nonelderly_childless_hh,percentiles_91_95,1997,0.7,0.9,0.2,0.7,0.3
nonelderly_childless_hh,percentiles_91_95,1998,0.7,0.8,0.4,0.7,0.1
nonelderly_childless_hh,percentiles_91_95,1999,0.7,0.8,0.3,0.6,0.0
nonelderly_childless_hh,percentiles_91_95,2000,0.7,0.8,0.2,0.8,0.3
nonelderly_childless_hh,percentiles_91_95,2001,0.9,1.1,0.0,1.0,0.2
nonelderly_childless_hh,percentiles_91_95,2002,0.7,0.8,0.2,0.5,0.2
nonelderly_childless_hh,percentiles_91_95,2003,0.8,1.0,0.1,0.8,0.1
nonelderly_childless_hh,percentiles_91_95,2004,0.5,0.5,0.4,0.6,0.1
nonelderly_childless_hh,percentiles_91_95,2005,0.9,1.1,0.2,1.0,0.3
nonelderly_childless_hh,percentiles_91_95,2006,0.6,0.7,0.2,0.9,0.2
nonelderly_childless_hh,percentiles_91_95,2007,0.8,0.9,0.1,0.8,0.3
nonelderly_childless_hh,percentiles_91_95,2008,0.8,0.9,0.4,1.0,0.2
nonelderly_childless_hh,percentiles_91_95,2009,0.8,0.9,0.3,0.5,0.4
nonelderly_childless_hh,percentiles_91_95,2010,0.6,0.7,0.5,0.5,0.3
nonelderly_childless_hh,percentiles_91_95,2011,0.5,0.8,0.2,0.2,0.2
nonelderly_childless_hh,percentiles_91_95,2012,0.8,1.0,0.1,0.7,0.4
nonelderly_childless_hh,percentiles_91_95,2013,0.6,0.7,0.2,0.5,0.4
nonelderly_childless_hh,percentiles_91_95,2014,0.6,0.7,0.4,0.6,0.3
nonelderly_childless_hh,percentiles_91_95,2015,0.8,1.0,0.4,0.7,0.4
nonelderly_childless_hh,percentiles_91_95,2016,1.1,1.2,0.5,1.1,0.5
nonelderly_childless_hh,percentiles_91_95,2017,0.8,1.0,0.4,0.3,0.4
nonelderly_childless_hh,percentiles_96_99,1979,0.8,0.9,0.3,0.9,0.6
nonelderly_childless_hh,percentiles_96_99,1980,0.7,0.4,0.2,1.2,0.4
nonelderly_childless_hh,percentiles_96_99,1981,0.4,0.5,0.3,0.5,0.1
nonelderly_childless_hh,percentiles_96_99,1982,0.5,0.8,0.0,0.5,0.2
nonelderly_childless_hh,percentiles_96_99,1983,0.4,0.2,0.1,0.8,0.2
nonelderly_childless_hh,percentiles_96_99,1984,0.5,0.4,0.2,1.0,0.3
nonelderly_childless_hh,percentiles_96_99,1985,0.5,0.5,0.2,0.7,0.2
nonelderly_childless_hh,percentiles_96_99,1986,0.4,0.6,0.1,0.5,0.2
nonelderly_childless_hh,percentiles_96_99,1987,1.0,0.9,0.5,1.3,0.8
nonelderly_childless_hh,percentiles_96_99,1988,0.5,0.5,0.4,0.7,0.5
nonelderly_childless_hh,percentiles_96_99,1989,0.8,0.8,0.4,0.9,0.8
nonelderly_childless_hh,percentiles_96_99,1990,1.0,0.9,0.5,1.3,0.7
nonelderly_childless_hh,percentiles_96_99,1991,0.6,0.7,0.2,0.6,0.2
nonelderly_childless_hh,percentiles_96_99,1992,0.3,0.4,0.3,0.3,0.1
nonelderly_childless_hh,percentiles_96_99,1993,0.5,0.5,0.4,0.5,0.4
nonelderly_childless_hh,percentiles_96_99,1994,0.6,0.7,0.2,0.8,0.2
nonelderly_childless_hh,percentiles_96_99,1995,0.6,0.8,0.3,0.4,0.5
nonelderly_childless_hh,percentiles_96_99,1996,0.5,0.7,0.1,0.4,0.2
nonelderly_childless_hh,percentiles_96_99,1997,0.7,0.9,0.2,0.6,0.3
nonelderly_childless_hh,percentiles_96_99,1998,0.6,0.8,0.2,0.3,0.2
nonelderly_childless_hh,percentiles_96_99,1999,0.6,0.8,0.1,0.5,0.1
nonelderly_childless_hh,percentiles_96_99,2000,0.5,0.6,0.1,0.5,0.1
nonelderly_childless_hh,percentiles_96_99,2001,0.6,0.7,0.2,0.6,0.2
nonelderly_childless_hh,percentiles_96_99,2002,0.3,0.4,0.1,0.2,0.1
nonelderly_childless_hh,percentiles_96_99,2003,0.4,0.5,0.1,0.4,0.1
nonelderly_childless_hh,percentiles_96_99,2004,0.4,0.5,0.3,0.5,0.2
nonelderly_childless_hh,percentiles_96_99,2005,0.6,0.7,0.2,0.6,0.3
nonelderly_childless_hh,percentiles_96_99,2006,0.5,0.6,0.3,0.5,0.2
nonelderly_childless_hh,percentiles_96_99,2007,0.5,0.6,0.2,0.4,0.2
nonelderly_childless_hh,percentiles_96_99,2008,0.5,0.5,0.2,0.6,0.3
nonelderly_childless_hh,percentiles_96_99,2009,0.6,0.8,0.1,0.6,0.1
nonelderly_childless_hh,percentiles_96_99,2010,0.4,0.4,0.3,0.5,0.2
nonelderly_childless_hh,percentiles_96_99,2011,0.4,0.5,0.1,0.3,0.1
nonelderly_childless_hh,percentiles_96_99,2012,0.4,0.5,0.1,0.2,0.2
nonelderly_childless_hh,percentiles_96_99,2013,0.3,0.4,0.1,0.2,0.2
nonelderly_childless_hh,percentiles_96_99,2014,0.5,0.6,0.2,0.4,0.2
nonelderly_childless_hh,percentiles_96_99,2015,0.6,0.7,0.2,0.5,0.3
nonelderly_childless_hh,percentiles_96_99,2016,0.6,0.7,0.3,0.6,0.2
nonelderly_childless_hh,percentiles_96_99,2017,0.5,0.6,0.4,0.2,0.3
nonelderly_childless_hh,top_1_percent,1979,0.1,0.2,0.1,0.1,0.1
nonelderly_childless_hh,top_1_percent,1980,0.1,0.1,0.0,0.2,0.0
nonelderly_childless_hh,top_1_percent,1981,0.2,0.2,0.0,0.2,0.0
nonelderly_childless_hh,top_1_percent,1982,0.2,0.3,0.0,0.2,0.0
nonelderly_childless_hh,top_1_percent,1983,0.1,0.0,0.1,0.1,0.1
nonelderly_childless_hh,top_1_percent,1984,0.2,0.1,0.2,0.2,0.2
nonelderly_childless_hh,top_1_percent,1985,0.1,0.1,0.0,0.2,0.1
nonelderly_childless_hh,top_1_percent,1986,0.0,0.0,0.0,0.0,0.1
nonelderly_childless_hh,top_1_percent,1987,0.3,0.3,0.1,0.3,0.2
nonelderly_childless_hh,top_1_percent,1988,0.2,0.3,0.2,0.1,0.2
nonelderly_childless_hh,top_1_percent,1989,0.2,0.2,0.2,0.1,0.2
nonelderly_childless_hh,top_1_percent,1990,0.2,0.2,0.1,0.3,0.1
nonelderly_childless_hh,top_1_percent,1991,0.3,0.3,0.2,0.4,0.1
nonelderly_childless_hh,top_1_percent,1992,0.1,0.1,0.0,0.1,0.1
nonelderly_childless_hh,top_1_percent,1993,0.3,0.3,0.1,0.4,0.1
nonelderly_childless_hh,top_1_percent,1994,0.2,0.3,0.1,0.2,0.2
nonelderly_childless_hh,top_1_percent,1995,0.1,0.1,0.1,0.1,0.1
nonelderly_childless_hh,top_1_percent,1996,0.1,0.1,0.1,0.1,0.0
nonelderly_childless_hh,top_1_percent,1997,0.1,0.1,0.1,0.1,0.0
nonelderly_childless_hh,top_1_percent,1998,0.1,0.2,0.0,0.1,0.0
nonelderly_childless_hh,top_1_percent,1999,0.1,0.1,0.0,0.2,0.0
nonelderly_childless_hh,top_1_percent,2000,0.2,0.2,0.0,0.1,0.0
nonelderly_childless_hh,top_1_percent,2001,0.1,0.1,0.0,0.1,0.0
nonelderly_childless_hh,top_1_percent,2002,0.2,0.2,0.1,0.3,0.0
nonelderly_childless_hh,top_1_percent,2003,0.1,0.1,0.1,0.2,0.1
nonelderly_childless_hh,top_1_percent,2004,0.1,0.1,0.1,0.1,0.1
nonelderly_childless_hh,top_1_percent,2005,0.1,0.1,0.1,0.1,0.1
nonelderly_childless_hh,top_1_percent,2006,0.1,0.1,0.1,0.1,0.1
nonelderly_childless_hh,top_1_percent,2007,0.2,0.2,0.1,0.2,0.1
nonelderly_childless_hh,top_1_percent,2008,0.1,0.1,0.0,0.1,0.1
nonelderly_childless_hh,top_1_percent,2009,0.1,0.1,0.0,0.1,0.0
nonelderly_childless_hh,top_1_percent,2010,0.1,0.2,0.1,0.1,0.0
nonelderly_childless_hh,top_1_percent,2011,0.1,0.1,0.1,0.1,0.1
nonelderly_childless_hh,top_1_percent,2012,0.2,0.2,0.0,0.3,0.0
nonelderly_childless_hh,top_1_percent,2013,0.1,0.1,0.0,0.0,0.1
nonelderly_childless_hh,top_1_percent,2014,0.1,0.1,0.2,0.1,0.1
nonelderly_childless_hh,top_1_percent,2015,0.1,0.2,0.1,0.1,0.1
nonelderly_childless_hh,top_1_percent,2016,0.1,0.2,0.0,0.1,0.1
nonelderly_childless_hh,top_1_percent,2017,0.2,0.3,0.1,0.2,0.1
