household_type,income_group,year,means_tested_transfers,medicaid_and_chip,snap,ssi,other_transfers
all_households,all_quintiles,1979,2.2,0.6,0.4,0.3,0.8
all_households,all_quintiles,1980,2.3,0.7,0.4,0.4,0.9
all_households,all_quintiles,1981,2.4,0.7,0.5,0.3,0.9
all_households,all_quintiles,1982,2.3,0.7,0.4,0.3,0.9
all_households,all_quintiles,1983,2.4,0.7,0.4,0.3,0.9
all_households,all_quintiles,1984,2.2,0.7,0.4,0.3,0.9
all_households,all_quintiles,1985,2.2,0.7,0.3,0.3,0.9
all_households,all_quintiles,1986,2.1,0.7,0.3,0.3,0.8
all_households,all_quintiles,1987,2.2,0.8,0.3,0.3,0.8
all_households,all_quintiles,1988,2.2,0.8,0.3,0.3,0.8
all_households,all_quintiles,1989,2.3,0.8,0.3,0.3,0.8
all_households,all_quintiles,1990,2.5,1.0,0.3,0.4,0.8
all_households,all_quintiles,1991,2.9,1.2,0.4,0.4,0.9
all_households,all_quintiles,1992,3.1,1.3,0.5,0.5,0.9
all_households,all_quintiles,1993,3.3,1.4,0.5,0.5,0.9
all_households,all_quintiles,1994,3.3,1.5,0.4,0.5,0.9
all_households,all_quintiles,1995,3.3,1.5,0.4,0.5,0.9
all_households,all_quintiles,1996,3.0,1.4,0.4,0.5,0.8
all_households,all_quintiles,1997,2.8,1.4,0.3,0.4,0.7
all_households,all_quintiles,1998,2.8,1.5,0.2,0.4,0.6
all_households,all_quintiles,1999,2.7,1.5,0.2,0.4,0.5
all_households,all_quintiles,2000,2.7,1.6,0.2,0.4,0.5
all_households,all_quintiles,2001,3.0,1.9,0.2,0.4,0.5
all_households,all_quintiles,2002,3.5,2.2,0.2,0.4,0.5
all_households,all_quintiles,2003,3.7,2.4,0.3,0.4,0.6
all_households,all_quintiles,2004,3.6,2.4,0.3,0.4,0.5
all_households,all_quintiles,2005,3.5,2.3,0.3,0.4,0.5
all_households,all_quintiles,2006,3.3,2.1,0.3,0.4,0.5
all_households,all_quintiles,2007,3.3,2.1,0.3,0.4,0.5
all_households,all_quintiles,2008,3.7,2.4,0.3,0.4,0.6
all_households,all_quintiles,2009,4.4,2.8,0.5,0.5,0.7
all_households,all_quintiles,2010,4.5,2.8,0.6,0.5,0.7
all_households,all_quintiles,2011,4.5,2.7,0.7,0.5,0.7
all_households,all_quintiles,2012,4.3,2.6,0.6,0.4,0.6
all_households,all_quintiles,2013,4.4,2.7,0.6,0.5,0.6
all_households,all_quintiles,2014,4.9,3.3,0.5,0.4,0.6
all_households,all_quintiles,2015,5.1,3.6,0.5,0.4,0.6
all_households,all_quintiles,2016,5.3,3.7,0.5,0.4,0.7
all_households,all_quintiles,2017,5.1,3.6,0.5,0.4,0.6
all_households,lowest_quintile,1979,25.1,7.2,4.4,4.0,9.4
all_households,lowest_quintile,1980,27.1,7.8,5.0,4.3,10.0
all_households,lowest_quintile,1981,28.2,8.0,5.5,4.2,10.4
all_households,lowest_quintile,1982,29.1,8.4,5.2,4.3,11.1
all_households,lowest_quintile,1983,32.2,9.4,5.7,4.4,12.7
all_households,lowest_quintile,1984,28.9,8.6,4.7,4.2,11.4
all_households,lowest_quintile,1985,30.8,9.4,4.8,4.3,12.4
all_households,lowest_quintile,1986,31.2,9.9,4.6,4.5,12.2
all_households,lowest_quintile,1987,33.7,11.2,4.9,4.8,12.8
all_households,lowest_quintile,1988,33.5,11.3,4.7,4.8,12.6
all_households,lowest_quintile,1989,33.3,11.9,4.7,4.6,12.2
all_households,lowest_quintile,1990,34.7,12.9,5.0,4.5,12.4
all_households,lowest_quintile,1991,36.7,14.3,5.4,4.9,12.1
all_households,lowest_quintile,1992,38.8,15.8,5.7,5.6,11.8
all_households,lowest_quintile,1993,40.2,16.4,5.6,5.7,12.4
all_households,lowest_quintile,1994,40.9,16.8,5.7,6.1,12.3
all_households,lowest_quintile,1995,38.7,16.4,5.0,5.8,11.5
all_households,lowest_quintile,1996,38.2,16.6,4.8,6.1,10.7
all_households,lowest_quintile,1997,34.6,16.0,3.7,5.7,9.1
all_households,lowest_quintile,1998,33.5,16.9,3.2,5.4,8.1
all_households,lowest_quintile,1999,32.5,17.5,2.8,5.1,7.1
all_households,lowest_quintile,2000,33.5,18.9,2.6,5.2,6.8
all_households,lowest_quintile,2001,35.6,20.8,2.8,5.3,6.8
all_households,lowest_quintile,2002,36.5,21.9,2.9,5.0,6.7
all_households,lowest_quintile,2003,38.7,23.5,3.3,5.1,6.9
all_households,lowest_quintile,2004,39.3,24.4,3.6,4.8,6.6
all_households,lowest_quintile,2005,38.7,23.4,3.9,4.7,6.7
all_households,lowest_quintile,2006,36.3,20.9,3.6,4.4,7.4
all_households,lowest_quintile,2007,34.7,20.0,3.5,4.3,7.0
all_households,lowest_quintile,2008,35.6,20.9,3.8,4.2,6.8
all_households,lowest_quintile,2009,39.0,22.0,5.2,4.6,7.3
all_households,lowest_quintile,2010,41.2,23.0,5.9,4.7,7.7
all_households,lowest_quintile,2011,39.7,21.5,6.1,4.6,7.5
all_households,lowest_quintile,2012,41.1,22.7,6.5,4.8,7.1
all_households,lowest_quintile,2013,40.8,23.0,6.1,4.8,6.8
all_households,lowest_quintile,2014,46.5,28.6,5.7,4.8,7.4
all_households,lowest_quintile,2015,44.8,28.0,5.2,4.4,7.2
all_households,lowest_quintile,2016,44.6,27.9,4.9,4.3,7.5
all_households,lowest_quintile,2017,44.2,27.9,4.8,4.0,7.4
all_households,second_quintile,1979,2.9,0.9,0.6,0.4,1.1
all_households,second_quintile,1980,3.5,1.0,0.8,0.4,1.3
all_households,second_quintile,1981,3.5,1.0,0.8,0.4,1.3
all_households,second_quintile,1982,3.4,1.0,0.8,0.4,1.3
all_households,second_quintile,1983,3.0,0.9,0.6,0.4,1.1
all_households,second_quintile,1984,3.1,0.9,0.6,0.4,1.2
all_households,second_quintile,1985,2.8,0.9,0.5,0.3,1.0
all_households,second_quintile,1986,3.0,1.0,0.5,0.4,1.1
all_households,second_quintile,1987,2.7,1.0,0.3,0.4,0.9
all_households,second_quintile,1988,2.6,1.0,0.3,0.4,0.9
all_households,second_quintile,1989,3.1,1.2,0.4,0.5,1.0
all_households,second_quintile,1990,3.4,1.4,0.5,0.5,1.0
all_households,second_quintile,1991,4.4,1.9,0.7,0.6,1.2
all_households,second_quintile,1992,5.5,2.4,0.9,0.8,1.4
all_households,second_quintile,1993,6.2,2.9,1.0,0.8,1.5
all_households,second_quintile,1994,6.1,2.8,0.9,0.8,1.5
all_households,second_quintile,1995,5.9,2.9,0.8,0.9,1.3
all_households,second_quintile,1996,5.7,2.8,0.8,0.8,1.3
all_households,second_quintile,1997,5.4,2.9,0.7,0.7,1.2
all_households,second_quintile,1998,6.0,3.6,0.5,0.8,1.1
all_households,second_quintile,1999,5.9,3.8,0.5,0.7,0.9
all_households,second_quintile,2000,5.9,4.0,0.4,0.7,0.9
all_households,second_quintile,2001,6.7,4.7,0.4,0.7,0.9
all_households,second_quintile,2002,7.8,5.5,0.6,0.8,1.0
all_households,second_quintile,2003,8.8,6.2,0.7,0.8,1.1
all_households,second_quintile,2004,9.4,6.7,0.8,0.8,1.0
all_households,second_quintile,2005,9.1,6.5,0.9,0.8,1.0
all_households,second_quintile,2006,8.7,6.1,0.8,0.8,1.1
all_households,second_quintile,2007,8.4,5.9,0.7,0.7,1.0
all_households,second_quintile,2008,9.6,6.6,1.0,0.8,1.2
all_households,second_quintile,2009,11.4,7.5,1.6,0.9,1.3
all_households,second_quintile,2010,12.4,7.9,2.0,1.0,1.5
all_households,second_quintile,2011,12.6,8.0,2.2,0.9,1.5
all_households,second_quintile,2012,12.7,8.2,2.2,0.9,1.4
all_households,second_quintile,2013,12.8,8.4,2.1,1.0,1.3
all_households,second_quintile,2014,14.8,10.5,1.8,1.0,1.5
all_households,second_quintile,2015,15.9,11.8,1.7,0.9,1.5
all_households,second_quintile,2016,15.8,11.9,1.5,0.9,1.5
all_households,second_quintile,2017,15.7,12.0,1.4,0.8,1.5
all_households,middle_quintile,1979,0.8,0.2,0.1,0.1,0.3
all_households,middle_quintile,1980,0.8,0.2,0.1,0.1,0.4
all_households,middle_quintile,1981,0.8,0.2,0.1,0.1,0.3
all_households,middle_quintile,1982,0.7,0.2,0.1,0.1,0.2
all_households,middle_quintile,1983,0.6,0.2,0.1,0.1,0.2
all_households,middle_quintile,1984,0.7,0.2,0.1,0.1,0.3
all_households,middle_quintile,1985,0.6,0.2,0.1,0.1,0.2
all_households,middle_quintile,1986,0.7,0.3,0.1,0.2,0.2
all_households,middle_quintile,1987,0.7,0.2,0.1,0.2,0.2
all_households,middle_quintile,1988,0.8,0.3,0.1,0.2,0.2
all_households,middle_quintile,1989,0.7,0.3,0.1,0.1,0.2
all_households,middle_quintile,1990,0.9,0.4,0.1,0.2,0.2
all_households,middle_quintile,1991,1.0,0.5,0.1,0.2,0.2
all_households,middle_quintile,1992,1.3,0.6,0.2,0.2,0.3
all_households,middle_quintile,1993,1.5,0.7,0.2,0.3,0.3
all_households,middle_quintile,1994,1.5,0.8,0.2,0.2,0.3
all_households,middle_quintile,1995,1.6,0.8,0.2,0.2,0.3
all_households,middle_quintile,1996,1.4,0.8,0.1,0.2,0.3
all_households,middle_quintile,1997,1.4,0.8,0.1,0.2,0.2
all_households,middle_quintile,1998,1.4,0.9,0.1,0.2,0.2
all_households,middle_quintile,1999,1.6,1.1,0.1,0.2,0.2
all_households,middle_quintile,2000,1.6,1.2,0.1,0.2,0.2
all_households,middle_quintile,2001,1.8,1.4,0.1,0.2,0.2
all_households,middle_quintile,2002,2.3,1.7,0.1,0.3,0.2
all_households,middle_quintile,2003,2.5,2.0,0.1,0.2,0.2
all_households,middle_quintile,2004,2.6,2.0,0.1,0.3,0.2
all_households,middle_quintile,2005,2.5,2.0,0.1,0.2,0.2
all_households,middle_quintile,2006,2.4,1.8,0.1,0.2,0.2
all_households,middle_quintile,2007,2.5,1.9,0.1,0.3,0.2
all_households,middle_quintile,2008,2.8,2.1,0.2,0.3,0.2
all_households,middle_quintile,2009,3.5,2.6,0.3,0.3,0.3
all_households,middle_quintile,2010,3.6,2.6,0.4,0.3,0.3
all_households,middle_quintile,2011,3.8,2.7,0.4,0.3,0.3
all_households,middle_quintile,2012,3.7,2.6,0.4,0.3,0.3
all_households,middle_quintile,2013,3.7,2.7,0.4,0.3,0.3
all_households,middle_quintile,2014,4.5,3.5,0.3,0.3,0.3
all_households,middle_quintile,2015,5.0,4.0,0.3,0.3,0.4
all_households,middle_quintile,2016,5.1,4.1,0.3,0.3,0.4
all_households,middle_quintile,2017,5.2,4.3,0.3,0.3,0.4
all_households,fourth_quintile,1979,0.3,0.1,0.0,0.1,0.1
all_households,fourth_quintile,1980,0.3,0.1,0.0,0.1,0.1
all_households,fourth_quintile,1981,0.3,0.1,0.0,0.1,0.1
all_households,fourth_quintile,1982,0.2,0.1,0.0,0.1,0.1
all_households,fourth_quintile,1983,0.2,0.1,0.0,0.1,0.1
all_households,fourth_quintile,1984,0.3,0.1,0.0,0.1,0.1
all_households,fourth_quintile,1985,0.2,0.1,0.0,0.1,0.1
all_households,fourth_quintile,1986,0.2,0.1,0.0,0.1,0.1
all_households,fourth_quintile,1987,0.3,0.1,0.0,0.1,0.1
all_households,fourth_quintile,1988,0.2,0.1,0.0,0.1,0.1
all_households,fourth_quintile,1989,0.3,0.1,0.0,0.1,0.1
all_households,fourth_quintile,1990,0.3,0.1,0.0,0.1,0.1
all_households,fourth_quintile,1991,0.4,0.2,0.0,0.1,0.1
all_households,fourth_quintile,1992,0.5,0.2,0.0,0.1,0.1
all_households,fourth_quintile,1993,0.5,0.2,0.0,0.1,0.1
all_households,fourth_quintile,1994,0.5,0.3,0.0,0.1,0.1
all_households,fourth_quintile,1995,0.5,0.3,0.0,0.1,0.1
all_households,fourth_quintile,1996,0.5,0.3,0.0,0.1,0.1
all_households,fourth_quintile,1997,0.5,0.3,0.0,0.1,0.1
all_households,fourth_quintile,1998,0.5,0.3,0.0,0.1,0.1
all_households,fourth_quintile,1999,0.5,0.4,0.0,0.1,0.0
all_households,fourth_quintile,2000,0.6,0.4,0.0,0.1,0.1
all_households,fourth_quintile,2001,0.6,0.4,0.0,0.1,0.0
all_households,fourth_quintile,2002,0.7,0.5,0.0,0.1,0.1
all_households,fourth_quintile,2003,0.8,0.6,0.0,0.1,0.1
all_households,fourth_quintile,2004,0.8,0.6,0.0,0.1,0.1
all_households,fourth_quintile,2005,0.8,0.6,0.0,0.1,0.0
all_households,fourth_quintile,2006,0.8,0.6,0.0,0.1,0.1
all_households,fourth_quintile,2007,0.8,0.6,0.0,0.1,0.1
all_households,fourth_quintile,2008,0.9,0.7,0.0,0.1,0.1
all_households,fourth_quintile,2009,1.1,0.8,0.1,0.1,0.1
all_households,fourth_quintile,2010,1.1,0.9,0.1,0.1,0.1
all_households,fourth_quintile,2011,1.1,0.8,0.1,0.1,0.1
all_households,fourth_quintile,2012,1.1,0.8,0.1,0.1,0.1
all_households,fourth_quintile,2013,1.0,0.8,0.1,0.1,0.1
all_households,fourth_quintile,2014,1.4,1.1,0.1,0.1,0.1
all_households,fourth_quintile,2015,1.5,1.2,0.1,0.1,0.1
all_households,fourth_quintile,2016,1.7,1.4,0.1,0.1,0.1
all_households,fourth_quintile,2017,1.6,1.3,0.1,0.1,0.1
all_households,highest_quintile,1979,0.1,0.0,0.0,0.0,0.0
all_households,highest_quintile,1980,0.1,0.0,0.0,0.0,0.0
all_households,highest_quintile,1981,0.1,0.0,0.0,0.0,0.0
all_households,highest_quintile,1982,0.1,0.0,0.0,0.0,0.0
all_households,highest_quintile,1983,0.1,0.0,0.0,0.0,0.0
all_households,highest_quintile,1984,0.1,0.0,0.0,0.0,0.0
all_households,highest_quintile,1985,0.1,0.0,0.0,0.0,0.0
all_households,highest_quintile,1986,0.1,0.0,0.0,0.0,0.0
all_households,highest_quintile,1987,0.1,0.0,0.0,0.0,0.0
all_households,highest_quintile,1988,0.1,0.0,0.0,0.0,0.0
all_households,highest_quintile,1989,0.1,0.0,0.0,0.0,0.0
all_households,highest_quintile,1990,0.1,0.0,0.0,0.0,0.0
all_households,highest_quintile,1991,0.1,0.0,0.0,0.0,0.0
all_households,highest_quintile,1992,0.1,0.1,0.0,0.0,0.0
all_households,highest_quintile,1993,0.1,0.1,0.0,0.0,0.0
all_households,highest_quintile,1994,0.2,0.1,0.0,0.0,0.0
all_households,highest_quintile,1995,0.2,0.1,0.0,0.0,0.0
all_households,highest_quintile,1996,0.1,0.1,0.0,0.0,0.0
all_households,highest_quintile,1997,0.1,0.1,0.0,0.0,0.0
all_households,highest_quintile,1998,0.1,0.1,0.0,0.0,0.0
all_households,highest_quintile,1999,0.1,0.1,0.0,0.0,0.0
all_households,highest_quintile,2000,0.1,0.1,0.0,0.0,0.0
all_households,highest_quintile,2001,0.1,0.1,0.0,0.0,0.0
all_households,highest_quintile,2002,0.2,0.1,0.0,0.0,0.0
all_households,highest_quintile,2003,0.2,0.1,0.0,0.0,0.0
all_households,highest_quintile,2004,0.2,0.1,0.0,0.0,0.0
all_households,highest_quintile,2005,0.2,0.1,0.0,0.0,0.0
all_households,highest_quintile,2006,0.2,0.1,0.0,0.0,0.0
all_households,highest_quintile,2007,0.2,0.1,0.0,0.0,0.0
all_households,highest_quintile,2008,0.2,0.1,0.0,0.0,0.0
all_households,highest_quintile,2009,0.2,0.2,0.0,0.0,0.0
all_households,highest_quintile,2010,0.2,0.2,0.0,0.0,0.0
all_households,highest_quintile,2011,0.2,0.2,0.0,0.0,0.0
all_households,highest_quintile,2012,0.2,0.2,0.0,0.0,0.0
all_households,highest_quintile,2013,0.2,0.1,0.0,0.0,0.0
all_households,highest_quintile,2014,0.2,0.2,0.0,0.0,0.0
all_households,highest_quintile,2015,0.3,0.2,0.0,0.0,0.0
all_households,highest_quintile,2016,0.3,0.3,0.0,0.0,0.0
all_households,highest_quintile,2017,0.3,0.2,0.0,0.0,0.0
all_households,percentiles_81_90,1979,0.1,0.0,0.0,0.0,0.1
all_households,percentiles_81_90,1980,0.1,0.0,0.0,0.0,0.1
all_households,percentiles_81_90,1981,0.1,0.0,0.0,0.0,0.0
all_households,percentiles_81_90,1982,0.1,0.0,0.0,0.0,0.0
all_households,percentiles_81_90,1983,0.1,0.0,0.0,0.0,0.0
all_households,percentiles_81_90,1984,0.1,0.0,0.0,0.0,0.0
all_households,percentiles_81_90,1985,0.1,0.0,0.0,0.0,0.0
all_households,percentiles_81_90,1986,0.1,0.0,0.0,0.0,0.0
all_households,percentiles_81_90,1987,0.1,0.0,0.0,0.0,0.0
all_households,percentiles_81_90,1988,0.1,0.0,0.0,0.0,0.0
all_households,percentiles_81_90,1989,0.1,0.1,0.0,0.0,0.0
all_households,percentiles_81_90,1990,0.2,0.1,0.0,0.0,0.0
all_households,percentiles_81_90,1991,0.2,0.1,0.0,0.0,0.1
all_households,percentiles_81_90,1992,0.2,0.1,0.0,0.0,0.0
all_households,percentiles_81_90,1993,0.2,0.1,0.0,0.1,0.0
all_households,percentiles_81_90,1994,0.3,0.2,0.0,0.1,0.1
all_households,percentiles_81_90,1995,0.3,0.2,0.0,0.1,0.0
all_households,percentiles_81_90,1996,0.2,0.2,0.0,0.1,0.0
all_households,percentiles_81_90,1997,0.2,0.1,0.0,0.0,0.0
all_households,percentiles_81_90,1998,0.3,0.2,0.0,0.0,0.0
all_households,percentiles_81_90,1999,0.2,0.1,0.0,0.0,0.0
all_households,percentiles_81_90,2000,0.3,0.2,0.0,0.0,0.0
all_households,percentiles_81_90,2001,0.3,0.2,0.0,0.0,0.0
all_households,percentiles_81_90,2002,0.3,0.2,0.0,0.0,0.0
all_households,percentiles_81_90,2003,0.3,0.2,0.0,0.0,0.0
all_households,percentiles_81_90,2004,0.4,0.3,0.0,0.1,0.0
all_households,percentiles_81_90,2005,0.4,0.3,0.0,0.0,0.0
all_households,percentiles_81_90,2006,0.4,0.3,0.0,0.1,0.0
all_households,percentiles_81_90,2007,0.4,0.3,0.0,0.1,0.0
all_households,percentiles_81_90,2008,0.4,0.3,0.0,0.0,0.0
all_households,percentiles_81_90,2009,0.4,0.4,0.0,0.0,0.0
all_households,percentiles_81_90,2010,0.4,0.3,0.0,0.0,0.0
all_households,percentiles_81_90,2011,0.4,0.3,0.0,0.0,0.0
all_households,percentiles_81_90,2012,0.4,0.3,0.0,0.1,0.0
all_households,percentiles_81_90,2013,0.4,0.3,0.0,0.0,0.0
all_households,percentiles_81_90,2014,0.5,0.4,0.0,0.0,0.0
all_households,percentiles_81_90,2015,0.6,0.5,0.0,0.0,0.0
all_households,percentiles_81_90,2016,0.7,0.6,0.0,0.0,0.1
all_households,percentiles_81_90,2017,0.6,0.5,0.0,0.0,0.0
all_households,percentiles_91_95,1979,0.1,0.0,0.0,0.0,0.0
all_households,percentiles_91_95,1980,0.1,0.0,0.0,0.0,0.0
all_households,percentiles_91_95,1981,0.1,0.0,0.0,0.0,0.0
all_households,percentiles_91_95,1982,0.1,0.0,0.0,0.0,0.0
all_households,percentiles_91_95,1983,0.1,0.0,0.0,0.0,0.0
all_households,percentiles_91_95,1984,0.1,0.0,0.0,0.0,0.0
all_households,percentiles_91_95,1985,0.1,0.0,0.0,0.0,0.0
all_households,percentiles_91_95,1986,0.1,0.0,0.0,0.0,0.0
all_households,percentiles_91_95,1987,0.0,0.0,0.0,0.0,0.0
all_households,percentiles_91_95,1988,0.1,0.0,0.0,0.0,0.0
all_households,percentiles_91_95,1989,0.1,0.0,0.0,0.0,0.0
all_households,percentiles_91_95,1990,0.1,0.0,0.0,0.0,0.0
all_households,percentiles_91_95,1991,0.1,0.0,0.0,0.0,0.0
all_households,percentiles_91_95,1992,0.1,0.1,0.0,0.0,0.0
all_households,percentiles_91_95,1993,0.1,0.1,0.0,0.0,0.0
all_households,percentiles_91_95,1994,0.2,0.1,0.0,0.0,0.0
all_households,percentiles_91_95,1995,0.2,0.1,0.0,0.0,0.0
all_households,percentiles_91_95,1996,0.1,0.1,0.0,0.0,0.0
all_households,percentiles_91_95,1997,0.1,0.1,0.0,0.0,0.0
all_households,percentiles_91_95,1998,0.1,0.1,0.0,0.0,0.0
all_households,percentiles_91_95,1999,0.1,0.1,0.0,0.0,0.0
all_households,percentiles_91_95,2000,0.2,0.1,0.0,0.0,0.0
all_households,percentiles_91_95,2001,0.2,0.1,0.0,0.0,0.0
all_households,percentiles_91_95,2002,0.2,0.1,0.0,0.0,0.0
all_households,percentiles_91_95,2003,0.2,0.2,0.0,0.0,0.0
all_households,percentiles_91_95,2004,0.2,0.1,0.0,0.0,0.0
all_households,percentiles_91_95,2005,0.2,0.2,0.0,0.0,0.0
all_households,percentiles_91_95,2006,0.2,0.1,0.0,0.0,0.0
all_households,percentiles_91_95,2007,0.2,0.2,0.0,0.0,0.0
all_households,percentiles_91_95,2008,0.3,0.2,0.0,0.0,0.0
all_households,percentiles_91_95,2009,0.3,0.2,0.0,0.0,0.0
all_households,percentiles_91_95,2010,0.3,0.2,0.0,0.0,0.0
all_households,percentiles_91_95,2011,0.2,0.2,0.0,0.0,0.0
all_households,percentiles_91_95,2012,0.3,0.2,0.0,0.0,0.0
all_households,percentiles_91_95,2013,0.2,0.2,0.0,0.0,0.0
all_households,percentiles_91_95,2014,0.3,0.2,0.0,0.0,0.0
all_households,percentiles_91_95,2015,0.4,0.3,0.0,0.0,0.0
all_households,percentiles_91_95,2016,0.4,0.3,0.0,0.0,0.0
all_households,percentiles_91_95,2017,0.3,0.3,0.0,0.0,0.0
all_households,percentiles_96_99,1979,0.1,0.0,0.0,0.0,0.0
all_households,percentiles_96_99,1980,0.1,0.0,0.0,0.0,0.0
all_households,percentiles_96_99,1981,0.1,0.0,0.0,0.0,0.0
all_households,percentiles_96_99,1982,0.0,0.0,0.0,0.0,0.0
all_households,percentiles_96_99,1983,0.1,0.0,0.0,0.0,0.0
all_households,percentiles_96_99,1984,0.1,0.0,0.0,0.0,0.0
all_households,percentiles_96_99,1985,0.1,0.0,0.0,0.0,0.0
all_households,percentiles_96_99,1986,0.1,0.0,0.0,0.0,0.0
all_households,percentiles_96_99,1987,0.1,0.0,0.0,0.0,0.0
all_households,percentiles_96_99,1988,0.1,0.0,0.0,0.0,0.0
all_households,percentiles_96_99,1989,0.1,0.0,0.0,0.0,0.0
all_households,percentiles_96_99,1990,0.1,0.0,0.0,0.0,0.0
all_households,percentiles_96_99,1991,0.1,0.0,0.0,0.0,0.0
all_households,percentiles_96_99,1992,0.1,0.0,0.0,0.0,0.0
all_households,percentiles_96_99,1993,0.1,0.0,0.0,0.0,0.0
all_households,percentiles_96_99,1994,0.1,0.1,0.0,0.0,0.0
all_households,percentiles_96_99,1995,0.1,0.1,0.0,0.0,0.0
all_households,percentiles_96_99,1996,0.1,0.1,0.0,0.0,0.0
all_households,percentiles_96_99,1997,0.1,0.1,0.0,0.0,0.0
all_households,percentiles_96_99,1998,0.1,0.1,0.0,0.0,0.0
all_households,percentiles_96_99,1999,0.1,0.1,0.0,0.0,0.0
all_households,percentiles_96_99,2000,0.1,0.1,0.0,0.0,0.0
all_households,percentiles_96_99,2001,0.1,0.1,0.0,0.0,0.0
all_households,percentiles_96_99,2002,0.1,0.1,0.0,0.0,0.0
all_households,percentiles_96_99,2003,0.1,0.1,0.0,0.0,0.0
all_households,percentiles_96_99,2004,0.1,0.1,0.0,0.0,0.0
all_households,percentiles_96_99,2005,0.1,0.1,0.0,0.0,0.0
all_households,percentiles_96_99,2006,0.1,0.1,0.0,0.0,0.0
all_households,percentiles_96_99,2007,0.1,0.1,0.0,0.0,0.0
all_households,percentiles_96_99,2008,0.1,0.1,0.0,0.0,0.0
all_households,percentiles_96_99,2009,0.2,0.1,0.0,0.0,0.0
all_households,percentiles_96_99,2010,0.1,0.1,0.0,0.0,0.0
all_households,percentiles_96_99,2011,0.1,0.1,0.0,0.0,0.0
all_households,percentiles_96_99,2012,0.1,0.1,0.0,0.0,0.0
all_households,percentiles_96_99,2013,0.1,0.1,0.0,0.0,0.0
all_households,percentiles_96_99,2014,0.2,0.1,0.0,0.0,0.0
all_households,percentiles_96_99,2015,0.2,0.2,0.0,0.0,0.0
all_households,percentiles_96_99,2016,0.2,0.2,0.0,0.0,0.0
all_households,percentiles_96_99,2017,0.2,0.2,0.0,0.0,0.0
all_households,top_1_percent,1979,0.0,0.0,0.0,0.0,0.0
all_households,top_1_percent,1980,0.0,0.0,0.0,0.0,0.0
all_households,top_1_percent,1981,0.0,0.0,0.0,0.0,0.0
all_households,top_1_percent,1982,0.0,0.0,0.0,0.0,0.0
all_households,top_1_percent,1983,0.0,0.0,0.0,0.0,0.0
all_households,top_1_percent,1984,0.0,0.0,0.0,0.0,0.0
all_households,top_1_percent,1985,0.0,0.0,0.0,0.0,0.0
all_households,top_1_percent,1986,0.0,0.0,0.0,0.0,0.0
all_households,top_1_percent,1987,0.0,0.0,0.0,0.0,0.0
all_households,top_1_percent,1988,0.0,0.0,0.0,0.0,0.0
all_households,top_1_percent,1989,0.0,0.0,0.0,0.0,0.0
all_households,top_1_percent,1990,0.0,0.0,0.0,0.0,0.0
all_households,top_1_percent,1991,0.0,0.0,0.0,0.0,0.0
all_households,top_1_percent,1992,0.0,0.0,0.0,0.0,0.0
all_households,top_1_percent,1993,0.0,0.0,0.0,0.0,0.0
all_households,top_1_percent,1994,0.0,0.0,0.0,0.0,0.0
all_households,top_1_percent,1995,0.0,0.0,0.0,0.0,0.0
all_households,top_1_percent,1996,0.0,0.0,0.0,0.0,0.0
all_households,top_1_percent,1997,0.0,0.0,0.0,0.0,0.0
all_households,top_1_percent,1998,0.0,0.0,0.0,0.0,0.0
all_households,top_1_percent,1999,0.0,0.0,0.0,0.0,0.0
all_households,top_1_percent,2000,0.0,0.0,0.0,0.0,0.0
all_households,top_1_percent,2001,0.0,0.0,0.0,0.0,0.0
all_households,top_1_percent,2002,0.0,0.0,0.0,0.0,0.0
all_households,top_1_percent,2003,0.0,0.0,0.0,0.0,0.0
all_households,top_1_percent,2004,0.0,0.0,0.0,0.0,0.0
all_households,top_1_percent,2005,0.0,0.0,0.0,0.0,0.0
all_households,top_1_percent,2006,0.0,0.0,0.0,0.0,0.0
all_households,top_1_percent,2007,0.0,0.0,0.0,0.0,0.0
all_households,top_1_percent,2008,0.0,0.0,0.0,0.0,0.0
all_households,top_1_percent,2009,0.0,0.0,0.0,0.0,0.0
all_households,top_1_percent,2010,0.0,0.0,0.0,0.0,0.0
all_households,top_1_percent,2011,0.0,0.0,0.0,0.0,0.0
all_households,top_1_percent,2012,0.0,0.0,0.0,0.0,0.0
all_households,top_1_percent,2013,0.0,0.0,0.0,0.0,0.0
all_households,top_1_percent,2014,0.1,0.0,0.0,0.0,0.0
all_households,top_1_percent,2015,0.1,0.0,0.0,0.0,0.0
all_households,top_1_percent,2016,0.1,0.0,0.0,0.0,0.0
all_households,top_1_percent,2017,0.1,0.1,0.0,0.0,0.0
hh_with_children,all_quintiles,1979,3.2,0.9,0.6,0.2,1.5
hh_with_children,all_quintiles,1980,3.6,0.9,0.8,0.3,1.6
hh_with_children,all_quintiles,1981,3.6,0.9,0.8,0.2,1.6
hh_with_children,all_quintiles,1982,3.7,0.9,0.8,0.3,1.7
hh_with_children,all_quintiles,1983,3.7,0.9,0.8,0.2,1.7
hh_with_children,all_quintiles,1984,3.4,0.9,0.7,0.2,1.6
hh_with_children,all_quintiles,1985,3.5,0.9,0.6,0.3,1.6
hh_with_children,all_quintiles,1986,3.3,0.9,0.6,0.2,1.5
hh_with_children,all_quintiles,1987,3.5,1.1,0.6,0.3,1.5
hh_with_children,all_quintiles,1988,3.4,1.1,0.6,0.3,1.5
hh_with_children,all_quintiles,1989,3.5,1.2,0.6,0.3,1.4
hh_with_children,all_quintiles,1990,4.0,1.5,0.7,0.3,1.6
hh_with_children,all_quintiles,1991,4.6,1.7,0.8,0.3,1.7
hh_with_children,all_quintiles,1992,4.9,2.0,0.9,0.4,1.6
hh_with_children,all_quintiles,1993,5.2,2.1,0.9,0.5,1.7
hh_with_children,all_quintiles,1994,5.1,2.0,0.9,0.5,1.7
hh_with_children,all_quintiles,1995,4.9,2.0,0.8,0.5,1.5
hh_with_children,all_quintiles,1996,4.5,1.9,0.7,0.5,1.4
hh_with_children,all_quintiles,1997,4.0,1.8,0.6,0.5,1.1
hh_with_children,all_quintiles,1998,3.8,2.0,0.5,0.4,1.0
hh_with_children,all_quintiles,1999,3.6,2.0,0.4,0.4,0.8
hh_with_children,all_quintiles,2000,3.5,2.1,0.3,0.3,0.7
hh_with_children,all_quintiles,2001,4.0,2.5,0.4,0.4,0.7
hh_with_children,all_quintiles,2002,4.5,2.9,0.5,0.4,0.8
hh_with_children,all_quintiles,2003,4.8,3.1,0.5,0.4,0.8
hh_with_children,all_quintiles,2004,4.8,3.1,0.5,0.4,0.7
hh_with_children,all_quintiles,2005,4.6,3.0,0.5,0.4,0.7
hh_with_children,all_quintiles,2006,4.4,2.8,0.5,0.3,0.7
hh_with_children,all_quintiles,2007,4.4,2.9,0.5,0.3,0.7
hh_with_children,all_quintiles,2008,5.0,3.3,0.6,0.4,0.7
hh_with_children,all_quintiles,2009,6.1,3.8,1.0,0.4,0.8
hh_with_children,all_quintiles,2010,6.2,3.8,1.1,0.4,0.9
hh_with_children,all_quintiles,2011,6.2,3.8,1.1,0.4,0.9
hh_with_children,all_quintiles,2012,5.9,3.7,1.1,0.4,0.8
hh_with_children,all_quintiles,2013,6.2,3.9,1.1,0.4,0.8
hh_with_children,all_quintiles,2014,7.0,5.0,0.9,0.4,0.8
hh_with_children,all_quintiles,2015,7.3,5.4,0.9,0.4,0.7
hh_with_children,all_quintiles,2016,7.7,5.7,0.8,0.4,0.8
hh_with_children,all_quintiles,2017,7.3,5.5,0.8,0.3,0.7
hh_with_children,lowest_quintile,1979,60.6,16.0,12.5,4.3,27.8
hh_with_children,lowest_quintile,1980,62.8,16.1,13.6,4.7,28.3
hh_with_children,lowest_quintile,1981,65.7,16.4,15.1,4.1,30.1
hh_with_children,lowest_quintile,1982,69.6,17.5,14.9,4.9,32.4
hh_with_children,lowest_quintile,1983,76.1,19.2,16.3,4.4,36.2
hh_with_children,lowest_quintile,1984,66.2,16.9,13.3,4.5,31.5
hh_with_children,lowest_quintile,1985,69.8,18.2,13.4,4.7,33.6
hh_with_children,lowest_quintile,1986,72.3,20.1,13.4,4.8,34.0
hh_with_children,lowest_quintile,1987,89.2,26.8,16.1,6.3,40.0
hh_with_children,lowest_quintile,1988,80.8,24.7,14.6,5.8,35.7
hh_with_children,lowest_quintile,1989,78.8,25.3,14.1,5.6,33.8
hh_with_children,lowest_quintile,1990,88.0,30.4,15.6,6.0,36.0
hh_with_children,lowest_quintile,1991,91.2,32.7,16.9,6.0,35.6
hh_with_children,lowest_quintile,1992,93.3,35.5,17.0,7.9,33.0
hh_with_children,lowest_quintile,1993,99.0,38.2,16.8,8.4,35.6
hh_with_children,lowest_quintile,1994,103.5,38.5,17.9,10.1,37.1
hh_with_children,lowest_quintile,1995,93.2,35.6,15.5,9.3,32.8
hh_with_children,lowest_quintile,1996,80.5,31.7,13.2,8.8,26.7
hh_with_children,lowest_quintile,1997,64.9,27.6,9.8,7.4,20.2
hh_with_children,lowest_quintile,1998,60.9,28.4,8.3,6.5,17.8
hh_with_children,lowest_quintile,1999,57.5,28.6,7.3,5.9,15.7
hh_with_children,lowest_quintile,2000,56.3,30.5,6.5,5.9,13.4
hh_with_children,lowest_quintile,2001,60.7,33.8,7.3,6.2,13.3
hh_with_children,lowest_quintile,2002,64.7,37.4,7.8,5.9,13.7
hh_with_children,lowest_quintile,2003,72.1,42.1,9.0,6.3,14.7
hh_with_children,lowest_quintile,2004,72.7,42.7,9.8,6.1,14.1
hh_with_children,lowest_quintile,2005,71.6,41.2,10.1,6.4,14.0
hh_with_children,lowest_quintile,2006,67.3,38.8,9.9,5.5,13.0
hh_with_children,lowest_quintile,2007,63.3,36.5,9.2,5.7,11.8
hh_with_children,lowest_quintile,2008,67.8,39.6,10.4,5.5,12.3
hh_with_children,lowest_quintile,2009,78.4,43.5,14.9,6.4,13.6
hh_with_children,lowest_quintile,2010,81.7,44.7,16.1,6.3,14.6
hh_with_children,lowest_quintile,2011,79.9,42.5,16.5,6.3,14.6
hh_with_children,lowest_quintile,2012,83.5,45.6,17.5,6.7,13.8
hh_with_children,lowest_quintile,2013,84.0,47.5,16.3,7.0,13.2
hh_with_children,lowest_quintile,2014,96.1,61.4,15.0,6.3,13.3
hh_with_children,lowest_quintile,2015,96.4,63.1,14.1,6.4,12.7
hh_with_children,lowest_quintile,2016,98.9,65.8,13.7,6.3,13.2
hh_with_children,lowest_quintile,2017,98.0,66.3,13.4,5.7,12.5
hh_with_children,second_quintile,1979,4.2,1.2,0.9,0.3,1.8
hh_with_children,second_quintile,1980,5.2,1.4,1.3,0.3,2.2
hh_with_children,second_quintile,1981,5.3,1.4,1.4,0.3,2.2
hh_with_children,second_quintile,1982,5.4,1.4,1.3,0.4,2.3
hh_with_children,second_quintile,1983,4.6,1.2,1.1,0.3,1.9
hh_with_children,second_quintile,1984,4.9,1.3,1.1,0.3,2.1
hh_with_children,second_quintile,1985,4.4,1.3,0.9,0.3,1.9
hh_with_children,second_quintile,1986,4.6,1.4,0.8,0.3,2.0
hh_with_children,second_quintile,1987,4.0,1.4,0.6,0.3,1.7
hh_with_children,second_quintile,1988,4.0,1.4,0.6,0.3,1.7
hh_with_children,second_quintile,1989,4.7,1.8,0.7,0.4,1.8
hh_with_children,second_quintile,1990,5.4,2.2,0.9,0.5,1.8
hh_with_children,second_quintile,1991,7.2,2.9,1.4,0.6,2.2
hh_with_children,second_quintile,1992,9.1,3.9,1.8,0.9,2.6
hh_with_children,second_quintile,1993,10.2,4.6,1.8,1.0,2.8
hh_with_children,second_quintile,1994,10.0,4.3,1.8,1.0,2.8
hh_with_children,second_quintile,1995,9.3,4.3,1.6,1.1,2.4
hh_with_children,second_quintile,1996,9.1,4.3,1.6,0.9,2.4
hh_with_children,second_quintile,1997,8.8,4.3,1.4,0.9,2.2
hh_with_children,second_quintile,1998,9.2,5.2,1.1,0.9,2.0
hh_with_children,second_quintile,1999,8.6,5.3,0.9,0.8,1.6
hh_with_children,second_quintile,2000,9.0,5.9,0.8,0.7,1.6
hh_with_children,second_quintile,2001,10.4,7.1,0.9,0.7,1.6
hh_with_children,second_quintile,2002,12.6,8.7,1.2,0.9,1.9
hh_with_children,second_quintile,2003,14.2,9.8,1.4,1.0,2.0
hh_with_children,second_quintile,2004,14.7,10.3,1.6,0.9,1.9
hh_with_children,second_quintile,2005,14.2,10.0,1.7,0.8,1.7
hh_with_children,second_quintile,2006,13.7,9.6,1.6,0.9,1.7
hh_with_children,second_quintile,2007,13.1,9.3,1.4,0.7,1.6
hh_with_children,second_quintile,2008,16.0,11.1,2.0,0.9,2.0
hh_with_children,second_quintile,2009,19.7,12.9,3.4,1.1,2.2
hh_with_children,second_quintile,2010,21.5,13.9,4.1,1.1,2.5
hh_with_children,second_quintile,2011,21.7,13.7,4.5,1.0,2.6
hh_with_children,second_quintile,2012,21.7,13.8,4.4,1.1,2.4
hh_with_children,second_quintile,2013,22.4,14.9,4.1,1.1,2.2
hh_with_children,second_quintile,2014,25.7,18.7,3.5,1.2,2.4
hh_with_children,second_quintile,2015,28.1,21.3,3.4,1.1,2.3
hh_with_children,second_quintile,2016,28.4,21.9,3.0,1.1,2.3
hh_with_children,second_quintile,2017,27.2,21.4,2.7,1.0,2.2
hh_with_children,middle_quintile,1979,0.9,0.2,0.1,0.1,0.5
hh_with_children,middle_quintile,1980,1.0,0.3,0.2,0.1,0.5
hh_with_children,middle_quintile,1981,1.0,0.3,0.2,0.1,0.5
hh_with_children,middle_quintile,1982,0.8,0.2,0.1,0.1,0.4
hh_with_children,middle_quintile,1983,0.8,0.2,0.1,0.1,0.4
hh_with_children,middle_quintile,1984,0.9,0.2,0.2,0.1,0.4
hh_with_children,middle_quintile,1985,0.8,0.2,0.1,0.1,0.4
hh_with_children,middle_quintile,1986,0.8,0.3,0.1,0.1,0.3
hh_with_children,middle_quintile,1987,0.7,0.2,0.1,0.1,0.3
hh_with_children,middle_quintile,1988,0.9,0.4,0.1,0.1,0.3
hh_with_children,middle_quintile,1989,0.8,0.3,0.1,0.1,0.3
hh_with_children,middle_quintile,1990,1.0,0.5,0.1,0.1,0.3
hh_with_children,middle_quintile,1991,1.3,0.6,0.2,0.1,0.4
hh_with_children,middle_quintile,1992,1.7,0.8,0.2,0.2,0.5
hh_with_children,middle_quintile,1993,2.0,0.9,0.3,0.3,0.5
hh_with_children,middle_quintile,1994,1.9,0.9,0.3,0.2,0.5
hh_with_children,middle_quintile,1995,2.1,1.0,0.3,0.2,0.5
hh_with_children,middle_quintile,1996,1.8,0.9,0.2,0.2,0.5
hh_with_children,middle_quintile,1997,1.6,0.9,0.2,0.2,0.3
hh_with_children,middle_quintile,1998,1.7,1.0,0.1,0.2,0.3
hh_with_children,middle_quintile,1999,2.0,1.3,0.1,0.2,0.3
hh_with_children,middle_quintile,2000,2.1,1.5,0.1,0.2,0.3
hh_with_children,middle_quintile,2001,2.4,1.8,0.1,0.2,0.3
hh_with_children,middle_quintile,2002,3.0,2.3,0.2,0.2,0.3
hh_with_children,middle_quintile,2003,3.4,2.6,0.2,0.2,0.3
hh_with_children,middle_quintile,2004,3.5,2.7,0.2,0.2,0.3
hh_with_children,middle_quintile,2005,3.3,2.6,0.2,0.2,0.3
hh_with_children,middle_quintile,2006,3.2,2.5,0.2,0.2,0.3
hh_with_children,middle_quintile,2007,3.3,2.6,0.2,0.2,0.3
hh_with_children,middle_quintile,2008,3.9,3.0,0.3,0.3,0.3
hh_with_children,middle_quintile,2009,5.1,3.9,0.5,0.3,0.4
hh_with_children,middle_quintile,2010,5.6,4.1,0.7,0.3,0.4
hh_with_children,middle_quintile,2011,5.7,4.1,0.8,0.3,0.5
hh_with_children,middle_quintile,2012,5.7,4.2,0.7,0.3,0.5
hh_with_children,middle_quintile,2013,6.0,4.5,0.7,0.3,0.5
hh_with_children,middle_quintile,2014,7.0,5.7,0.6,0.3,0.5
hh_with_children,middle_quintile,2015,8.0,6.6,0.6,0.3,0.5
hh_with_children,middle_quintile,2016,8.1,6.8,0.5,0.3,0.6
hh_with_children,middle_quintile,2017,8.1,6.8,0.4,0.3,0.5
hh_with_children,fourth_quintile,1979,0.4,0.1,0.0,0.0,0.2
hh_with_children,fourth_quintile,1980,0.4,0.1,0.0,0.0,0.2
hh_with_children,fourth_quintile,1981,0.4,0.1,0.0,0.0,0.2
hh_with_children,fourth_quintile,1982,0.3,0.1,0.0,0.0,0.1
hh_with_children,fourth_quintile,1983,0.2,0.1,0.0,0.0,0.1
hh_with_children,fourth_quintile,1984,0.3,0.1,0.0,0.0,0.2
hh_with_children,fourth_quintile,1985,0.3,0.1,0.0,0.0,0.1
hh_with_children,fourth_quintile,1986,0.3,0.1,0.0,0.0,0.2
hh_with_children,fourth_quintile,1987,0.3,0.1,0.0,0.0,0.1
hh_with_children,fourth_quintile,1988,0.3,0.1,0.0,0.0,0.1
hh_with_children,fourth_quintile,1989,0.3,0.1,0.0,0.0,0.1
hh_with_children,fourth_quintile,1990,0.4,0.2,0.0,0.1,0.1
hh_with_children,fourth_quintile,1991,0.5,0.2,0.0,0.1,0.1
hh_with_children,fourth_quintile,1992,0.6,0.3,0.1,0.1,0.2
hh_with_children,fourth_quintile,1993,0.5,0.3,0.1,0.1,0.1
hh_with_children,fourth_quintile,1994,0.6,0.3,0.1,0.1,0.2
hh_with_children,fourth_quintile,1995,0.6,0.3,0.1,0.1,0.2
hh_with_children,fourth_quintile,1996,0.6,0.3,0.0,0.1,0.1
hh_with_children,fourth_quintile,1997,0.5,0.3,0.0,0.1,0.1
hh_with_children,fourth_quintile,1998,0.5,0.3,0.0,0.0,0.1
hh_with_children,fourth_quintile,1999,0.6,0.4,0.0,0.1,0.1
hh_with_children,fourth_quintile,2000,0.7,0.5,0.0,0.1,0.1
hh_with_children,fourth_quintile,2001,0.7,0.5,0.0,0.1,0.1
hh_with_children,fourth_quintile,2002,0.8,0.6,0.0,0.1,0.1
hh_with_children,fourth_quintile,2003,0.9,0.7,0.0,0.1,0.1
hh_with_children,fourth_quintile,2004,1.0,0.7,0.0,0.1,0.1
hh_with_children,fourth_quintile,2005,1.0,0.8,0.0,0.1,0.1
hh_with_children,fourth_quintile,2006,1.0,0.8,0.0,0.1,0.1
hh_with_children,fourth_quintile,2007,1.0,0.8,0.0,0.1,0.1
hh_with_children,fourth_quintile,2008,1.1,0.9,0.0,0.1,0.1
hh_with_children,fourth_quintile,2009,1.5,1.2,0.1,0.1,0.1
hh_with_children,fourth_quintile,2010,1.6,1.2,0.1,0.1,0.1
hh_with_children,fourth_quintile,2011,1.5,1.1,0.1,0.1,0.1
hh_with_children,fourth_quintile,2012,1.4,1.1,0.1,0.1,0.1
hh_with_children,fourth_quintile,2013,1.5,1.1,0.1,0.1,0.1
hh_with_children,fourth_quintile,2014,2.0,1.7,0.1,0.1,0.2
hh_with_children,fourth_quintile,2015,2.1,1.7,0.1,0.1,0.2
hh_with_children,fourth_quintile,2016,2.4,2.0,0.1,0.1,0.2
hh_with_children,fourth_quintile,2017,2.3,1.9,0.1,0.1,0.2
hh_with_children,highest_quintile,1979,0.2,0.0,0.0,0.0,0.1
hh_with_children,highest_quintile,1980,0.2,0.0,0.0,0.0,0.1
hh_with_children,highest_quintile,1981,0.1,0.0,0.0,0.0,0.1
hh_with_children,highest_quintile,1982,0.1,0.0,0.0,0.0,0.1
hh_with_children,highest_quintile,1983,0.1,0.0,0.0,0.0,0.1
hh_with_children,highest_quintile,1984,0.1,0.0,0.0,0.0,0.1
hh_with_children,highest_quintile,1985,0.1,0.0,0.0,0.0,0.1
hh_with_children,highest_quintile,1986,0.1,0.0,0.0,0.0,0.1
hh_with_children,highest_quintile,1987,0.1,0.0,0.0,0.0,0.1
hh_with_children,highest_quintile,1988,0.1,0.0,0.0,0.0,0.0
hh_with_children,highest_quintile,1989,0.1,0.0,0.0,0.0,0.0
hh_with_children,highest_quintile,1990,0.1,0.1,0.0,0.0,0.0
hh_with_children,highest_quintile,1991,0.2,0.1,0.0,0.0,0.1
hh_with_children,highest_quintile,1992,0.2,0.1,0.0,0.0,0.1
hh_with_children,highest_quintile,1993,0.2,0.1,0.0,0.0,0.1
hh_with_children,highest_quintile,1994,0.2,0.1,0.0,0.0,0.1
hh_with_children,highest_quintile,1995,0.2,0.1,0.0,0.0,0.1
hh_with_children,highest_quintile,1996,0.1,0.1,0.0,0.0,0.0
hh_with_children,highest_quintile,1997,0.1,0.1,0.0,0.0,0.0
hh_with_children,highest_quintile,1998,0.1,0.1,0.0,0.0,0.0
hh_with_children,highest_quintile,1999,0.1,0.1,0.0,0.0,0.0
hh_with_children,highest_quintile,2000,0.1,0.1,0.0,0.0,0.0
hh_with_children,highest_quintile,2001,0.2,0.1,0.0,0.0,0.0
hh_with_children,highest_quintile,2002,0.2,0.2,0.0,0.0,0.0
hh_with_children,highest_quintile,2003,0.2,0.2,0.0,0.0,0.0
hh_with_children,highest_quintile,2004,0.2,0.2,0.0,0.0,0.0
hh_with_children,highest_quintile,2005,0.2,0.2,0.0,0.0,0.0
hh_with_children,highest_quintile,2006,0.2,0.1,0.0,0.0,0.0
hh_with_children,highest_quintile,2007,0.2,0.1,0.0,0.0,0.0
hh_with_children,highest_quintile,2008,0.3,0.2,0.0,0.0,0.0
hh_with_children,highest_quintile,2009,0.3,0.2,0.0,0.0,0.0
hh_with_children,highest_quintile,2010,0.3,0.2,0.0,0.0,0.0
hh_with_children,highest_quintile,2011,0.3,0.2,0.0,0.0,0.0
hh_with_children,highest_quintile,2012,0.2,0.2,0.0,0.0,0.0
hh_with_children,highest_quintile,2013,0.2,0.2,0.0,0.0,0.0
hh_with_children,highest_quintile,2014,0.3,0.3,0.0,0.0,0.0
hh_with_children,highest_quintile,2015,0.4,0.3,0.0,0.0,0.0
hh_with_children,highest_quintile,2016,0.4,0.4,0.0,0.0,0.0
hh_with_children,highest_quintile,2017,0.4,0.3,0.0,0.0,0.0
hh_with_children,percentiles_81_90,1979,0.2,0.1,0.0,0.0,0.1
hh_with_children,percentiles_81_90,1980,0.2,0.0,0.0,0.0,0.1
hh_with_children,percentiles_81_90,1981,0.2,0.0,0.0,0.0,0.1
hh_with_children,percentiles_81_90,1982,0.2,0.1,0.0,0.0,0.1
hh_with_children,percentiles_81_90,1983,0.1,0.0,0.0,0.0,0.1
hh_with_children,percentiles_81_90,1984,0.2,0.0,0.0,0.0,0.1
hh_with_children,percentiles_81_90,1985,0.2,0.0,0.0,0.0,0.1
hh_with_children,percentiles_81_90,1986,0.1,0.0,0.0,0.0,0.1
hh_with_children,percentiles_81_90,1987,0.1,0.0,0.0,0.0,0.1
hh_with_children,percentiles_81_90,1988,0.1,0.1,0.0,0.0,0.1
hh_with_children,percentiles_81_90,1989,0.2,0.1,0.0,0.0,0.1
hh_with_children,percentiles_81_90,1990,0.2,0.1,0.0,0.0,0.1
hh_with_children,percentiles_81_90,1991,0.3,0.1,0.0,0.0,0.1
hh_with_children,percentiles_81_90,1992,0.3,0.2,0.0,0.0,0.1
hh_with_children,percentiles_81_90,1993,0.3,0.1,0.0,0.1,0.1
hh_with_children,percentiles_81_90,1994,0.3,0.1,0.0,0.0,0.1
hh_with_children,percentiles_81_90,1995,0.3,0.2,0.0,0.1,0.1
hh_with_children,percentiles_81_90,1996,0.3,0.2,0.0,0.0,0.1
hh_with_children,percentiles_81_90,1997,0.2,0.1,0.0,0.0,0.0
hh_with_children,percentiles_81_90,1998,0.2,0.1,0.0,0.0,0.1
hh_with_children,percentiles_81_90,1999,0.3,0.1,0.0,0.0,0.1
hh_with_children,percentiles_81_90,2000,0.3,0.2,0.0,0.0,0.1
hh_with_children,percentiles_81_90,2001,0.3,0.2,0.0,0.0,0.1
hh_with_children,percentiles_81_90,2002,0.4,0.3,0.0,0.0,0.0
hh_with_children,percentiles_81_90,2003,0.4,0.3,0.0,0.0,0.0
hh_with_children,percentiles_81_90,2004,0.4,0.3,0.0,0.1,0.0
hh_with_children,percentiles_81_90,2005,0.4,0.3,0.0,0.0,0.1
hh_with_children,percentiles_81_90,2006,0.4,0.3,0.0,0.0,0.0
hh_with_children,percentiles_81_90,2007,0.4,0.3,0.0,0.0,0.1
hh_with_children,percentiles_81_90,2008,0.5,0.4,0.0,0.0,0.1
hh_with_children,percentiles_81_90,2009,0.6,0.5,0.0,0.0,0.1
hh_with_children,percentiles_81_90,2010,0.6,0.4,0.0,0.1,0.1
hh_with_children,percentiles_81_90,2011,0.6,0.4,0.0,0.0,0.1
hh_with_children,percentiles_81_90,2012,0.5,0.4,0.0,0.0,0.1
hh_with_children,percentiles_81_90,2013,0.5,0.4,0.0,0.0,0.0
hh_with_children,percentiles_81_90,2014,0.7,0.6,0.0,0.0,0.1
hh_with_children,percentiles_81_90,2015,0.8,0.6,0.0,0.0,0.1
hh_with_children,percentiles_81_90,2016,0.9,0.7,0.0,0.0,0.1
hh_with_children,percentiles_81_90,2017,0.9,0.7,0.0,0.0,0.1
hh_with_children,percentiles_91_95,1979,0.1,0.0,0.0,0.0,0.1
hh_with_children,percentiles_91_95,1980,0.2,0.0,0.0,0.0,0.1
hh_with_children,percentiles_91_95,1981,0.1,0.0,0.0,0.0,0.1
hh_with_children,percentiles_91_95,1982,0.2,0.1,0.0,0.0,0.1
hh_with_children,percentiles_91_95,1983,0.1,0.0,0.0,0.0,0.1
hh_with_children,percentiles_91_95,1984,0.1,0.0,0.0,0.0,0.1
hh_with_children,percentiles_91_95,1985,0.1,0.0,0.0,0.0,0.1
hh_with_children,percentiles_91_95,1986,0.1,0.0,0.0,0.0,0.1
hh_with_children,percentiles_91_95,1987,0.1,0.0,0.0,0.0,0.1
hh_with_children,percentiles_91_95,1988,0.1,0.0,0.0,0.0,0.1
hh_with_children,percentiles_91_95,1989,0.1,0.1,0.0,0.0,0.0
hh_with_children,percentiles_91_95,1990,0.1,0.0,0.0,0.0,0.0
hh_with_children,percentiles_91_95,1991,0.2,0.1,0.0,0.0,0.1
hh_with_children,percentiles_91_95,1992,0.2,0.1,0.0,0.0,0.1
hh_with_children,percentiles_91_95,1993,0.1,0.1,0.0,0.0,0.0
hh_with_children,percentiles_91_95,1994,0.2,0.1,0.0,0.0,0.0
hh_with_children,percentiles_91_95,1995,0.2,0.1,0.0,0.0,0.1
hh_with_children,percentiles_91_95,1996,0.2,0.1,0.0,0.0,0.0
hh_with_children,percentiles_91_95,1997,0.1,0.1,0.0,0.0,0.0
hh_with_children,percentiles_91_95,1998,0.1,0.1,0.0,0.0,0.0
hh_with_children,percentiles_91_95,1999,0.2,0.1,0.0,0.0,0.0
hh_with_children,percentiles_91_95,2000,0.2,0.1,0.0,0.0,0.0
hh_with_children,percentiles_91_95,2001,0.2,0.1,0.0,0.0,0.0
hh_with_children,percentiles_91_95,2002,0.3,0.2,0.0,0.0,0.0
hh_with_children,percentiles_91_95,2003,0.2,0.2,0.0,0.0,0.0
hh_with_children,percentiles_91_95,2004,0.3,0.2,0.0,0.0,0.0
hh_with_children,percentiles_91_95,2005,0.3,0.2,0.0,0.0,0.0
hh_with_children,percentiles_91_95,2006,0.2,0.2,0.0,0.0,0.0
hh_with_children,percentiles_91_95,2007,0.3,0.2,0.0,0.0,0.0
hh_with_children,percentiles_91_95,2008,0.4,0.3,0.0,0.0,0.0
hh_with_children,percentiles_91_95,2009,0.4,0.3,0.0,0.0,0.0
hh_with_children,percentiles_91_95,2010,0.3,0.3,0.0,0.0,0.0
hh_with_children,percentiles_91_95,2011,0.3,0.2,0.0,0.0,0.0
hh_with_children,percentiles_91_95,2012,0.3,0.2,0.0,0.0,0.0
hh_with_children,percentiles_91_95,2013,0.3,0.2,0.0,0.0,0.0
hh_with_children,percentiles_91_95,2014,0.4,0.3,0.0,0.0,0.0
hh_with_children,percentiles_91_95,2015,0.5,0.4,0.0,0.0,0.0
hh_with_children,percentiles_91_95,2016,0.5,0.5,0.0,0.0,0.0
hh_with_children,percentiles_91_95,2017,0.5,0.4,0.0,0.0,0.0
hh_with_children,percentiles_96_99,1979,0.1,0.0,0.0,0.0,0.1
hh_with_children,percentiles_96_99,1980,0.1,0.0,0.0,0.0,0.1
hh_with_children,percentiles_96_99,1981,0.1,0.0,0.0,0.0,0.1
hh_with_children,percentiles_96_99,1982,0.1,0.0,0.0,0.0,0.0
hh_with_children,percentiles_96_99,1983,0.1,0.0,0.0,0.0,0.1
hh_with_children,percentiles_96_99,1984,0.1,0.0,0.0,0.0,0.1
hh_with_children,percentiles_96_99,1985,0.1,0.0,0.0,0.0,0.1
hh_with_children,percentiles_96_99,1986,0.1,0.0,0.0,0.0,0.1
hh_with_children,percentiles_96_99,1987,0.1,0.0,0.0,0.0,0.1
hh_with_children,percentiles_96_99,1988,0.1,0.0,0.0,0.0,0.0
hh_with_children,percentiles_96_99,1989,0.1,0.0,0.0,0.0,0.0
hh_with_children,percentiles_96_99,1990,0.1,0.1,0.0,0.0,0.0
hh_with_children,percentiles_96_99,1991,0.2,0.1,0.0,0.0,0.1
hh_with_children,percentiles_96_99,1992,0.1,0.1,0.0,0.0,0.0
hh_with_children,percentiles_96_99,1993,0.1,0.1,0.0,0.0,0.0
hh_with_children,percentiles_96_99,1994,0.2,0.1,0.0,0.0,0.0
hh_with_children,percentiles_96_99,1995,0.2,0.1,0.0,0.0,0.0
hh_with_children,percentiles_96_99,1996,0.1,0.1,0.0,0.0,0.0
hh_with_children,percentiles_96_99,1997,0.1,0.1,0.0,0.0,0.0
hh_with_children,percentiles_96_99,1998,0.1,0.1,0.0,0.0,0.0
hh_with_children,percentiles_96_99,1999,0.1,0.1,0.0,0.0,0.0
hh_with_children,percentiles_96_99,2000,0.1,0.1,0.0,0.0,0.0
hh_with_children,percentiles_96_99,2001,0.2,0.1,0.0,0.0,0.0
hh_with_children,percentiles_96_99,2002,0.2,0.1,0.0,0.0,0.0
hh_with_children,percentiles_96_99,2003,0.2,0.1,0.0,0.0,0.0
hh_with_children,percentiles_96_99,2004,0.1,0.1,0.0,0.0,0.0
hh_with_children,percentiles_96_99,2005,0.2,0.1,0.0,0.0,0.0
hh_with_children,percentiles_96_99,2006,0.1,0.1,0.0,0.0,0.0
hh_with_children,percentiles_96_99,2007,0.2,0.1,0.0,0.0,0.0
hh_with_children,percentiles_96_99,2008,0.2,0.1,0.0,0.0,0.0
hh_with_children,percentiles_96_99,2009,0.2,0.2,0.0,0.0,0.0
hh_with_children,percentiles_96_99,2010,0.2,0.1,0.0,0.0,0.0
hh_with_children,percentiles_96_99,2011,0.2,0.2,0.0,0.0,0.0
hh_with_children,percentiles_96_99,2012,0.2,0.1,0.0,0.0,0.0
hh_with_children,percentiles_96_99,2013,0.2,0.1,0.0,0.0,0.0
hh_with_children,percentiles_96_99,2014,0.2,0.2,0.0,0.0,0.0
hh_with_children,percentiles_96_99,2015,0.3,0.2,0.0,0.0,0.0
hh_with_children,percentiles_96_99,2016,0.3,0.2,0.0,0.0,0.0
hh_with_children,percentiles_96_99,2017,0.3,0.2,0.0,0.0,0.0
hh_with_children,top_1_percent,1979,0.1,0.0,0.0,0.0,0.0
hh_with_children,top_1_percent,1980,0.1,0.0,0.0,0.0,0.0
hh_with_children,top_1_percent,1981,0.1,0.0,0.0,0.0,0.0
hh_with_children,top_1_percent,1982,0.1,0.0,0.0,0.0,0.0
hh_with_children,top_1_percent,1983,0.1,0.0,0.0,0.0,0.0
hh_with_children,top_1_percent,1984,0.1,0.0,0.0,0.0,0.0
hh_with_children,top_1_percent,1985,0.1,0.0,0.0,0.0,0.0
hh_with_children,top_1_percent,1986,0.1,0.0,0.0,0.0,0.0
hh_with_children,top_1_percent,1987,0.1,0.0,0.0,0.0,0.0
hh_with_children,top_1_percent,1988,0.0,0.0,0.0,0.0,0.0
hh_with_children,top_1_percent,1989,0.0,0.0,0.0,0.0,0.0
hh_with_children,top_1_percent,1990,0.0,0.0,0.0,0.0,0.0
hh_with_children,top_1_percent,1991,0.1,0.0,0.0,0.0,0.0
hh_with_children,top_1_percent,1992,0.0,0.0,0.0,0.0,0.0
hh_with_children,top_1_percent,1993,0.1,0.0,0.0,0.0,0.0
hh_with_children,top_1_percent,1994,0.1,0.0,0.0,0.0,0.0
hh_with_children,top_1_percent,1995,0.1,0.1,0.0,0.0,0.0
hh_with_children,top_1_percent,1996,0.0,0.0,0.0,0.0,0.0
hh_with_children,top_1_percent,1997,0.0,0.0,0.0,0.0,0.0
hh_with_children,top_1_percent,1998,0.0,0.0,0.0,0.0,0.0
hh_with_children,top_1_percent,1999,0.0,0.0,0.0,0.0,0.0
hh_with_children,top_1_percent,2000,0.0,0.0,0.0,0.0,0.0
hh_with_children,top_1_percent,2001,0.0,0.0,0.0,0.0,0.0
hh_with_children,top_1_percent,2002,0.1,0.0,0.0,0.0,0.0
hh_with_children,top_1_percent,2003,0.0,0.0,0.0,0.0,0.0
hh_with_children,top_1_percent,2004,0.0,0.0,0.0,0.0,0.0
hh_with_children,top_1_percent,2005,0.0,0.0,0.0,0.0,0.0
hh_with_children,top_1_percent,2006,0.0,0.0,0.0,0.0,0.0
hh_with_children,top_1_percent,2007,0.0,0.0,0.0,0.0,0.0
hh_with_children,top_1_percent,2008,0.1,0.0,0.0,0.0,0.0
hh_with_children,top_1_percent,2009,0.1,0.0,0.0,0.0,0.0
hh_with_children,top_1_percent,2010,0.1,0.0,0.0,0.0,0.0
hh_with_children,top_1_percent,2011,0.1,0.0,0.0,0.0,0.0
hh_with_children,top_1_percent,2012,0.0,0.0,0.0,0.0,0.0
hh_with_children,top_1_percent,2013,0.0,0.0,0.0,0.0,0.0
hh_with_children,top_1_percent,2014,0.1,0.1,0.0,0.0,0.0
hh_with_children,top_1_percent,2015,0.1,0.0,0.0,0.0,0.0
hh_with_children,top_1_percent,2016,0.1,0.1,0.0,0.0,0.0
hh_with_children,top_1_percent,2017,0.1,0.1,0.0,0.0,0.0
elderly_headed_hh,all_quintiles,1979,2.0,0.8,0.2,0.6,0.5
elderly_headed_hh,all_quintiles,1980,2.1,0.8,0.3,0.5,0.5
elderly_headed_hh,all_quintiles,1981,2.1,0.8,0.3,0.5,0.6
elderly_headed_hh,all_quintiles,1982,2.0,0.8,0.2,0.4,0.5
elderly_headed_hh,all_quintiles,1983,2.1,0.9,0.2,0.5,0.6
elderly_headed_hh,all_quintiles,1984,1.9,0.8,0.2,0.4,0.6
elderly_headed_hh,all_quintiles,1985,2.0,0.9,0.2,0.4,0.6
elderly_headed_hh,all_quintiles,1986,1.9,0.8,0.1,0.4,0.6
elderly_headed_hh,all_quintiles,1987,2.0,0.9,0.1,0.4,0.6
elderly_headed_hh,all_quintiles,1988,2.1,0.9,0.1,0.4,0.6
elderly_headed_hh,all_quintiles,1989,2.1,0.9,0.1,0.4,0.6
elderly_headed_hh,all_quintiles,1990,2.2,1.0,0.1,0.4,0.7
elderly_headed_hh,all_quintiles,1991,2.4,1.2,0.2,0.5,0.7
elderly_headed_hh,all_quintiles,1992,2.6,1.2,0.2,0.5,0.6
elderly_headed_hh,all_quintiles,1993,2.7,1.3,0.2,0.5,0.7
elderly_headed_hh,all_quintiles,1994,2.8,1.4,0.2,0.5,0.7
elderly_headed_hh,all_quintiles,1995,2.7,1.4,0.2,0.5,0.6
elderly_headed_hh,all_quintiles,1996,2.5,1.3,0.2,0.5,0.5
elderly_headed_hh,all_quintiles,1997,2.3,1.3,0.1,0.4,0.5
elderly_headed_hh,all_quintiles,1998,2.4,1.4,0.1,0.4,0.5
elderly_headed_hh,all_quintiles,1999,2.4,1.4,0.1,0.4,0.4
elderly_headed_hh,all_quintiles,2000,2.5,1.5,0.1,0.4,0.5
elderly_headed_hh,all_quintiles,2001,2.8,1.8,0.1,0.4,0.5
elderly_headed_hh,all_quintiles,2002,3.1,2.0,0.1,0.5,0.5
elderly_headed_hh,all_quintiles,2003,3.3,2.2,0.1,0.4,0.6
elderly_headed_hh,all_quintiles,2004,3.2,2.1,0.1,0.4,0.5
elderly_headed_hh,all_quintiles,2005,2.9,1.9,0.1,0.3,0.5
elderly_headed_hh,all_quintiles,2006,2.6,1.5,0.1,0.3,0.7
elderly_headed_hh,all_quintiles,2007,2.5,1.3,0.1,0.3,0.7
elderly_headed_hh,all_quintiles,2008,2.9,1.7,0.2,0.3,0.8
elderly_headed_hh,all_quintiles,2009,3.3,1.9,0.2,0.4,0.8
elderly_headed_hh,all_quintiles,2010,3.2,1.7,0.3,0.3,0.8
elderly_headed_hh,all_quintiles,2011,3.0,1.6,0.3,0.3,0.8
elderly_headed_hh,all_quintiles,2012,2.8,1.5,0.3,0.3,0.7
elderly_headed_hh,all_quintiles,2013,2.7,1.4,0.3,0.3,0.7
elderly_headed_hh,all_quintiles,2014,2.9,1.6,0.3,0.3,0.7
elderly_headed_hh,all_quintiles,2015,2.9,1.6,0.3,0.3,0.8
elderly_headed_hh,all_quintiles,2016,3.1,1.7,0.3,0.3,0.9
elderly_headed_hh,all_quintiles,2017,3.0,1.7,0.3,0.3,0.8
elderly_headed_hh,lowest_quintile,1979,7.7,2.8,0.9,2.1,1.9
elderly_headed_hh,lowest_quintile,1980,8.6,3.2,1.1,2.0,2.3
elderly_headed_hh,lowest_quintile,1981,9.4,3.6,1.3,2.0,2.5
elderly_headed_hh,lowest_quintile,1982,9.1,3.7,0.9,2.0,2.5
elderly_headed_hh,lowest_quintile,1983,10.3,4.3,1.0,2.1,3.0
elderly_headed_hh,lowest_quintile,1984,9.8,4.2,0.8,1.9,2.9
elderly_headed_hh,lowest_quintile,1985,10.6,4.5,0.8,2.0,3.3
elderly_headed_hh,lowest_quintile,1986,10.2,4.4,0.7,1.8,3.2
elderly_headed_hh,lowest_quintile,1987,10.3,4.5,0.6,2.0,3.2
elderly_headed_hh,lowest_quintile,1988,10.8,4.6,0.7,2.0,3.4
elderly_headed_hh,lowest_quintile,1989,11.0,4.8,0.8,2.0,3.4
elderly_headed_hh,lowest_quintile,1990,10.9,4.9,0.8,2.0,3.3
elderly_headed_hh,lowest_quintile,1991,11.4,5.3,0.8,2.1,3.2
elderly_headed_hh,lowest_quintile,1992,12.5,5.9,1.0,2.4,3.2
elderly_headed_hh,lowest_quintile,1993,12.1,5.6,0.9,2.4,3.2
elderly_headed_hh,lowest_quintile,1994,12.0,5.7,1.0,2.2,3.1
elderly_headed_hh,lowest_quintile,1995,11.7,5.6,0.8,2.2,3.1
elderly_headed_hh,lowest_quintile,1996,11.9,5.8,0.8,2.3,3.0
elderly_headed_hh,lowest_quintile,1997,11.5,5.8,0.6,2.1,3.0
elderly_headed_hh,lowest_quintile,1998,11.7,6.4,0.5,2.1,2.7
elderly_headed_hh,lowest_quintile,1999,12.2,7.0,0.5,2.2,2.5
elderly_headed_hh,lowest_quintile,2000,12.3,7.1,0.5,2.1,2.7
elderly_headed_hh,lowest_quintile,2001,13.3,7.9,0.5,2.1,2.7
elderly_headed_hh,lowest_quintile,2002,13.2,8.1,0.5,2.0,2.6
elderly_headed_hh,lowest_quintile,2003,14.4,8.8,0.6,2.1,2.9
elderly_headed_hh,lowest_quintile,2004,14.4,9.2,0.6,1.8,2.7
elderly_headed_hh,lowest_quintile,2005,13.9,8.5,0.8,1.7,2.9
elderly_headed_hh,lowest_quintile,2006,12.5,6.4,0.6,1.6,3.9
elderly_headed_hh,lowest_quintile,2007,12.0,5.8,0.7,1.4,4.1
elderly_headed_hh,lowest_quintile,2008,13.0,6.9,0.8,1.4,3.8
elderly_headed_hh,lowest_quintile,2009,13.5,7.0,1.1,1.5,3.9
elderly_headed_hh,lowest_quintile,2010,13.5,6.7,1.3,1.4,4.0
elderly_headed_hh,lowest_quintile,2011,13.5,6.6,1.5,1.4,4.0
elderly_headed_hh,lowest_quintile,2012,13.7,6.9,1.6,1.5,3.7
elderly_headed_hh,lowest_quintile,2013,12.9,6.2,1.6,1.3,3.7
elderly_headed_hh,lowest_quintile,2014,14.8,7.7,1.6,1.4,4.2
elderly_headed_hh,lowest_quintile,2015,14.3,7.2,1.4,1.4,4.3
elderly_headed_hh,lowest_quintile,2016,14.5,7.2,1.4,1.3,4.6
elderly_headed_hh,lowest_quintile,2017,14.8,7.4,1.4,1.3,4.7
elderly_headed_hh,second_quintile,1979,0.9,0.4,0.1,0.3,0.1
elderly_headed_hh,second_quintile,1980,0.8,0.4,0.1,0.2,0.1
elderly_headed_hh,second_quintile,1981,0.7,0.3,0.1,0.2,0.2
elderly_headed_hh,second_quintile,1982,0.8,0.4,0.1,0.2,0.2
elderly_headed_hh,second_quintile,1983,1.0,0.4,0.1,0.3,0.2
elderly_headed_hh,second_quintile,1984,0.8,0.4,0.0,0.2,0.2
elderly_headed_hh,second_quintile,1985,0.8,0.3,0.0,0.2,0.2
elderly_headed_hh,second_quintile,1986,0.9,0.4,0.0,0.2,0.2
elderly_headed_hh,second_quintile,1987,0.8,0.5,0.0,0.2,0.2
elderly_headed_hh,second_quintile,1988,1.0,0.5,0.0,0.3,0.2
elderly_headed_hh,second_quintile,1989,0.7,0.3,0.0,0.2,0.2
elderly_headed_hh,second_quintile,1990,0.8,0.4,0.0,0.1,0.2
elderly_headed_hh,second_quintile,1991,1.1,0.6,0.0,0.3,0.2
elderly_headed_hh,second_quintile,1992,1.0,0.5,0.1,0.2,0.2
elderly_headed_hh,second_quintile,1993,1.3,0.8,0.1,0.3,0.2
elderly_headed_hh,second_quintile,1994,1.4,0.9,0.0,0.3,0.2
elderly_headed_hh,second_quintile,1995,1.5,0.9,0.1,0.3,0.2
elderly_headed_hh,second_quintile,1996,1.6,1.0,0.1,0.3,0.2
elderly_headed_hh,second_quintile,1997,1.5,1.1,0.1,0.3,0.1
elderly_headed_hh,second_quintile,1998,1.6,1.2,0.0,0.2,0.1
elderly_headed_hh,second_quintile,1999,1.7,1.2,0.0,0.3,0.2
elderly_headed_hh,second_quintile,2000,2.0,1.3,0.0,0.3,0.2
elderly_headed_hh,second_quintile,2001,2.0,1.5,0.1,0.3,0.2
elderly_headed_hh,second_quintile,2002,2.1,1.5,0.1,0.3,0.3
elderly_headed_hh,second_quintile,2003,2.2,1.7,0.1,0.2,0.2
elderly_headed_hh,second_quintile,2004,2.5,1.9,0.1,0.3,0.2
elderly_headed_hh,second_quintile,2005,2.6,2.0,0.1,0.3,0.2
elderly_headed_hh,second_quintile,2006,2.3,1.5,0.1,0.3,0.4
elderly_headed_hh,second_quintile,2007,2.8,1.8,0.1,0.3,0.6
elderly_headed_hh,second_quintile,2008,2.5,1.6,0.1,0.3,0.4
elderly_headed_hh,second_quintile,2009,2.8,1.9,0.2,0.3,0.5
elderly_headed_hh,second_quintile,2010,3.1,2.0,0.2,0.3,0.6
elderly_headed_hh,second_quintile,2011,3.0,1.9,0.2,0.3,0.6
elderly_headed_hh,second_quintile,2012,2.9,1.8,0.2,0.3,0.5
elderly_headed_hh,second_quintile,2013,3.1,1.8,0.3,0.3,0.6
elderly_headed_hh,second_quintile,2014,3.0,1.9,0.2,0.3,0.6
elderly_headed_hh,second_quintile,2015,3.0,1.9,0.2,0.3,0.6
elderly_headed_hh,second_quintile,2016,3.3,2.1,0.2,0.3,0.7
elderly_headed_hh,second_quintile,2017,3.4,2.2,0.2,0.3,0.7
elderly_headed_hh,middle_quintile,1979,0.4,0.2,0.0,0.2,0.1
elderly_headed_hh,middle_quintile,1980,0.4,0.2,0.0,0.1,0.1
elderly_headed_hh,middle_quintile,1981,0.4,0.2,0.0,0.1,0.0
elderly_headed_hh,middle_quintile,1982,0.3,0.2,0.0,0.1,0.1
elderly_headed_hh,middle_quintile,1983,0.3,0.1,0.0,0.1,0.1
elderly_headed_hh,middle_quintile,1984,0.3,0.2,0.0,0.1,0.0
elderly_headed_hh,middle_quintile,1985,0.3,0.1,0.0,0.1,0.1
elderly_headed_hh,middle_quintile,1986,0.4,0.2,0.0,0.1,0.0
elderly_headed_hh,middle_quintile,1987,0.4,0.2,0.0,0.1,0.1
elderly_headed_hh,middle_quintile,1988,0.4,0.1,0.0,0.1,0.2
elderly_headed_hh,middle_quintile,1989,0.4,0.2,0.0,0.1,0.1
elderly_headed_hh,middle_quintile,1990,0.3,0.2,0.0,0.1,0.1
elderly_headed_hh,middle_quintile,1991,0.3,0.2,0.0,0.1,0.1
elderly_headed_hh,middle_quintile,1992,0.6,0.3,0.0,0.2,0.1
elderly_headed_hh,middle_quintile,1993,0.5,0.4,0.0,0.1,0.1
elderly_headed_hh,middle_quintile,1994,0.7,0.5,0.0,0.1,0.1
elderly_headed_hh,middle_quintile,1995,0.7,0.5,0.0,0.1,0.1
elderly_headed_hh,middle_quintile,1996,0.6,0.5,0.0,0.1,0.1
elderly_headed_hh,middle_quintile,1997,0.9,0.6,0.0,0.2,0.1
elderly_headed_hh,middle_quintile,1998,0.9,0.7,0.0,0.2,0.0
elderly_headed_hh,middle_quintile,1999,0.8,0.6,0.0,0.1,0.0
elderly_headed_hh,middle_quintile,2000,0.8,0.6,0.0,0.1,0.1
elderly_headed_hh,middle_quintile,2001,0.9,0.7,0.0,0.1,0.1
elderly_headed_hh,middle_quintile,2002,1.2,0.9,0.0,0.2,0.1
elderly_headed_hh,middle_quintile,2003,1.2,1.1,0.0,0.1,0.1
elderly_headed_hh,middle_quintile,2004,1.3,1.0,0.0,0.2,0.1
elderly_headed_hh,middle_quintile,2005,1.4,1.2,0.0,0.2,0.0
elderly_headed_hh,middle_quintile,2006,1.4,1.0,0.0,0.2,0.2
elderly_headed_hh,middle_quintile,2007,1.6,1.1,0.0,0.2,0.2
elderly_headed_hh,middle_quintile,2008,1.3,0.9,0.0,0.2,0.2
elderly_headed_hh,middle_quintile,2009,1.5,1.1,0.1,0.2,0.2
elderly_headed_hh,middle_quintile,2010,1.5,1.1,0.1,0.1,0.2
elderly_headed_hh,middle_quintile,2011,1.4,0.9,0.1,0.2,0.2
elderly_headed_hh,middle_quintile,2012,1.2,0.8,0.1,0.1,0.2
elderly_headed_hh,middle_quintile,2013,1.2,0.8,0.1,0.1,0.2
elderly_headed_hh,middle_quintile,2014,1.6,1.1,0.1,0.2,0.2
elderly_headed_hh,middle_quintile,2015,1.5,1.0,0.1,0.2,0.2
elderly_headed_hh,middle_quintile,2016,1.5,1.0,0.1,0.1,0.3
elderly_headed_hh,middle_quintile,2017,1.6,1.1,0.1,0.2,0.3
elderly_headed_hh,fourth_quintile,1979,0.2,0.1,0.0,0.1,0.0
elderly_headed_hh,fourth_quintile,1980,0.2,0.1,0.0,0.1,0.0
elderly_headed_hh,fourth_quintile,1981,0.2,0.1,0.0,0.1,0.0
elderly_headed_hh,fourth_quintile,1982,0.2,0.1,0.0,0.1,0.0
elderly_headed_hh,fourth_quintile,1983,0.2,0.1,0.0,0.1,0.0
elderly_headed_hh,fourth_quintile,1984,0.2,0.1,0.0,0.1,0.0
elderly_headed_hh,fourth_quintile,1985,0.2,0.1,0.0,0.1,0.0
elderly_headed_hh,fourth_quintile,1986,0.2,0.1,0.0,0.1,0.0
elderly_headed_hh,fourth_quintile,1987,0.2,0.1,0.0,0.0,0.0
elderly_headed_hh,fourth_quintile,1988,0.2,0.1,0.0,0.1,0.1
elderly_headed_hh,fourth_quintile,1989,0.2,0.1,0.0,0.1,0.0
elderly_headed_hh,fourth_quintile,1990,0.2,0.1,0.0,0.0,0.0
elderly_headed_hh,fourth_quintile,1991,0.2,0.1,0.0,0.1,0.0
elderly_headed_hh,fourth_quintile,1992,0.2,0.1,0.0,0.1,0.0
elderly_headed_hh,fourth_quintile,1993,0.4,0.3,0.0,0.1,0.0
elderly_headed_hh,fourth_quintile,1994,0.3,0.2,0.0,0.1,0.0
elderly_headed_hh,fourth_quintile,1995,0.4,0.3,0.0,0.1,0.0
elderly_headed_hh,fourth_quintile,1996,0.5,0.3,0.0,0.1,0.0
elderly_headed_hh,fourth_quintile,1997,0.5,0.4,0.0,0.1,0.0
elderly_headed_hh,fourth_quintile,1998,0.6,0.4,0.0,0.1,0.0
elderly_headed_hh,fourth_quintile,1999,0.5,0.4,0.0,0.1,0.0
elderly_headed_hh,fourth_quintile,2000,0.6,0.4,0.0,0.1,0.0
elderly_headed_hh,fourth_quintile,2001,0.6,0.5,0.0,0.1,0.0
elderly_headed_hh,fourth_quintile,2002,0.7,0.6,0.0,0.1,0.0
elderly_headed_hh,fourth_quintile,2003,0.8,0.7,0.0,0.1,0.0
elderly_headed_hh,fourth_quintile,2004,0.7,0.5,0.0,0.1,0.0
elderly_headed_hh,fourth_quintile,2005,0.7,0.6,0.0,0.1,0.0
elderly_headed_hh,fourth_quintile,2006,0.8,0.5,0.0,0.1,0.1
elderly_headed_hh,fourth_quintile,2007,0.9,0.6,0.0,0.1,0.2
elderly_headed_hh,fourth_quintile,2008,0.6,0.5,0.0,0.1,0.1
elderly_headed_hh,fourth_quintile,2009,0.8,0.6,0.0,0.1,0.1
elderly_headed_hh,fourth_quintile,2010,1.0,0.7,0.0,0.1,0.1
elderly_headed_hh,fourth_quintile,2011,0.6,0.4,0.0,0.1,0.1
elderly_headed_hh,fourth_quintile,2012,0.7,0.5,0.0,0.1,0.1
elderly_headed_hh,fourth_quintile,2013,0.6,0.4,0.0,0.1,0.1
elderly_headed_hh,fourth_quintile,2014,0.8,0.6,0.0,0.1,0.1
elderly_headed_hh,fourth_quintile,2015,0.9,0.6,0.0,0.1,0.1
elderly_headed_hh,fourth_quintile,2016,0.9,0.6,0.0,0.1,0.1
elderly_headed_hh,fourth_quintile,2017,0.7,0.5,0.0,0.1,0.1
elderly_headed_hh,highest_quintile,1979,0.1,0.0,0.0,0.0,0.0
elderly_headed_hh,highest_quintile,1980,0.0,0.0,0.0,0.0,0.0
elderly_headed_hh,highest_quintile,1981,0.1,0.0,0.0,0.0,0.0
elderly_headed_hh,highest_quintile,1982,0.1,0.0,0.0,0.0,0.0
elderly_headed_hh,highest_quintile,1983,0.0,0.0,0.0,0.0,0.0
elderly_headed_hh,highest_quintile,1984,0.0,0.0,0.0,0.0,0.0
elderly_headed_hh,highest_quintile,1985,0.0,0.0,0.0,0.0,0.0
elderly_headed_hh,highest_quintile,1986,0.0,0.0,0.0,0.0,0.0
elderly_headed_hh,highest_quintile,1987,0.0,0.0,0.0,0.0,0.0
elderly_headed_hh,highest_quintile,1988,0.0,0.0,0.0,0.0,0.0
elderly_headed_hh,highest_quintile,1989,0.0,0.0,0.0,0.0,0.0
elderly_headed_hh,highest_quintile,1990,0.1,0.0,0.0,0.0,0.0
elderly_headed_hh,highest_quintile,1991,0.0,0.0,0.0,0.0,0.0
elderly_headed_hh,highest_quintile,1992,0.1,0.0,0.0,0.0,0.0
elderly_headed_hh,highest_quintile,1993,0.0,0.0,0.0,0.0,0.0
elderly_headed_hh,highest_quintile,1994,0.1,0.1,0.0,0.0,0.0
elderly_headed_hh,highest_quintile,1995,0.1,0.1,0.0,0.0,0.0
elderly_headed_hh,highest_quintile,1996,0.2,0.1,0.0,0.0,0.0
elderly_headed_hh,highest_quintile,1997,0.1,0.1,0.0,0.0,0.0
elderly_headed_hh,highest_quintile,1998,0.2,0.1,0.0,0.0,0.0
elderly_headed_hh,highest_quintile,1999,0.1,0.1,0.0,0.0,0.0
elderly_headed_hh,highest_quintile,2000,0.2,0.1,0.0,0.0,0.0
elderly_headed_hh,highest_quintile,2001,0.1,0.1,0.0,0.0,0.0
elderly_headed_hh,highest_quintile,2002,0.2,0.1,0.0,0.0,0.0
elderly_headed_hh,highest_quintile,2003,0.2,0.2,0.0,0.0,0.0
elderly_headed_hh,highest_quintile,2004,0.2,0.2,0.0,0.0,0.0
elderly_headed_hh,highest_quintile,2005,0.2,0.2,0.0,0.0,0.0
elderly_headed_hh,highest_quintile,2006,0.2,0.2,0.0,0.0,0.0
elderly_headed_hh,highest_quintile,2007,0.2,0.2,0.0,0.0,0.0
elderly_headed_hh,highest_quintile,2008,0.2,0.1,0.0,0.0,0.0
elderly_headed_hh,highest_quintile,2009,0.2,0.2,0.0,0.0,0.0
elderly_headed_hh,highest_quintile,2010,0.2,0.2,0.0,0.0,0.0
elderly_headed_hh,highest_quintile,2011,0.1,0.1,0.0,0.0,0.0
elderly_headed_hh,highest_quintile,2012,0.1,0.1,0.0,0.0,0.0
elderly_headed_hh,highest_quintile,2013,0.2,0.1,0.0,0.0,0.0
elderly_headed_hh,highest_quintile,2014,0.2,0.1,0.0,0.0,0.0
elderly_headed_hh,highest_quintile,2015,0.2,0.1,0.0,0.0,0.0
elderly_headed_hh,highest_quintile,2016,0.2,0.2,0.0,0.0,0.0
elderly_headed_hh,highest_quintile,2017,0.2,0.1,0.0,0.0,0.0
elderly_headed_hh,percentiles_81_90,1979,0.1,0.1,0.0,0.0,0.0
elderly_headed_hh,percentiles_81_90,1980,0.1,0.1,0.0,0.0,0.0
elderly_headed_hh,percentiles_81_90,1981,0.1,0.1,0.0,0.0,0.0
elderly_headed_hh,percentiles_81_90,1982,0.2,0.1,0.0,0.1,0.0
elderly_headed_hh,percentiles_81_90,1983,0.1,0.0,0.0,0.0,0.0
elderly_headed_hh,percentiles_81_90,1984,0.1,0.0,0.0,0.0,0.0
elderly_headed_hh,percentiles_81_90,1985,0.1,0.1,0.0,0.0,0.0
elderly_headed_hh,percentiles_81_90,1986,0.1,0.0,0.0,0.1,0.0
elderly_headed_hh,percentiles_81_90,1987,0.1,0.1,0.0,0.0,0.0
elderly_headed_hh,percentiles_81_90,1988,0.1,0.1,0.0,0.0,0.0
elderly_headed_hh,percentiles_81_90,1989,0.1,0.0,0.0,0.0,0.0
elderly_headed_hh,percentiles_81_90,1990,0.1,0.0,0.0,0.0,0.0
elderly_headed_hh,percentiles_81_90,1991,0.1,0.0,0.0,0.0,0.0
elderly_headed_hh,percentiles_81_90,1992,0.2,0.1,0.0,0.1,0.0
elderly_headed_hh,percentiles_81_90,1993,0.1,0.1,0.0,0.1,0.0
elderly_headed_hh,percentiles_81_90,1994,0.3,0.2,0.0,0.1,0.0
elderly_headed_hh,percentiles_81_90,1995,0.3,0.2,0.0,0.0,0.0
elderly_headed_hh,percentiles_81_90,1996,0.4,0.3,0.0,0.1,0.0
elderly_headed_hh,percentiles_81_90,1997,0.2,0.1,0.0,0.0,0.0
elderly_headed_hh,percentiles_81_90,1998,0.4,0.3,0.0,0.1,0.0
elderly_headed_hh,percentiles_81_90,1999,0.3,0.2,0.0,0.1,0.0
elderly_headed_hh,percentiles_81_90,2000,0.4,0.3,0.0,0.1,0.0
elderly_headed_hh,percentiles_81_90,2001,0.3,0.2,0.0,0.0,0.0
elderly_headed_hh,percentiles_81_90,2002,0.3,0.3,0.0,0.0,0.0
elderly_headed_hh,percentiles_81_90,2003,0.3,0.3,0.0,0.0,0.0
elderly_headed_hh,percentiles_81_90,2004,0.4,0.4,0.0,0.1,0.0
elderly_headed_hh,percentiles_81_90,2005,0.5,0.4,0.0,0.1,0.0
elderly_headed_hh,percentiles_81_90,2006,0.5,0.4,0.0,0.1,0.1
elderly_headed_hh,percentiles_81_90,2007,0.6,0.4,0.0,0.1,0.1
elderly_headed_hh,percentiles_81_90,2008,0.4,0.3,0.0,0.0,0.1
elderly_headed_hh,percentiles_81_90,2009,0.5,0.4,0.0,0.0,0.1
elderly_headed_hh,percentiles_81_90,2010,0.4,0.3,0.0,0.1,0.1
elderly_headed_hh,percentiles_81_90,2011,0.4,0.3,0.0,0.0,0.0
elderly_headed_hh,percentiles_81_90,2012,0.3,0.2,0.0,0.1,0.0
elderly_headed_hh,percentiles_81_90,2013,0.4,0.3,0.0,0.0,0.0
elderly_headed_hh,percentiles_81_90,2014,0.4,0.3,0.0,0.0,0.1
elderly_headed_hh,percentiles_81_90,2015,0.4,0.3,0.0,0.0,0.1
elderly_headed_hh,percentiles_81_90,2016,0.6,0.5,0.0,0.1,0.1
elderly_headed_hh,percentiles_81_90,2017,0.4,0.3,0.0,0.0,0.0
elderly_headed_hh,percentiles_91_95,1979,0.1,0.1,0.0,0.0,0.0
elderly_headed_hh,percentiles_91_95,1980,0.1,0.0,0.0,0.0,0.0
elderly_headed_hh,percentiles_91_95,1981,0.1,0.1,0.0,0.0,0.0
elderly_headed_hh,percentiles_91_95,1982,0.1,0.0,0.0,0.0,0.0
elderly_headed_hh,percentiles_91_95,1983,0.1,0.0,0.0,0.0,0.0
elderly_headed_hh,percentiles_91_95,1984,0.0,0.0,0.0,0.0,0.0
elderly_headed_hh,percentiles_91_95,1985,0.1,0.0,0.0,0.0,0.0
elderly_headed_hh,percentiles_91_95,1986,0.1,0.0,0.0,0.0,0.0
elderly_headed_hh,percentiles_91_95,1987,0.0,0.0,0.0,0.0,0.0
elderly_headed_hh,percentiles_91_95,1988,0.0,0.0,0.0,0.0,0.0
elderly_headed_hh,percentiles_91_95,1989,0.2,0.0,0.0,0.0,0.1
elderly_headed_hh,percentiles_91_95,1990,0.1,0.1,0.0,0.0,0.0
elderly_headed_hh,percentiles_91_95,1991,0.1,0.0,0.0,0.0,0.0
elderly_headed_hh,percentiles_91_95,1992,0.1,0.1,0.0,0.0,0.0
elderly_headed_hh,percentiles_91_95,1993,0.0,0.0,0.0,0.0,0.0
elderly_headed_hh,percentiles_91_95,1994,0.3,0.2,0.0,0.0,0.0
elderly_headed_hh,percentiles_91_95,1995,0.2,0.2,0.0,0.0,0.0
elderly_headed_hh,percentiles_91_95,1996,0.2,0.2,0.0,0.0,0.0
elderly_headed_hh,percentiles_91_95,1997,0.2,0.1,0.0,0.0,0.0
elderly_headed_hh,percentiles_91_95,1998,0.4,0.3,0.0,0.1,0.0
elderly_headed_hh,percentiles_91_95,1999,0.3,0.2,0.0,0.0,0.0
elderly_headed_hh,percentiles_91_95,2000,0.3,0.3,0.0,0.0,0.0
elderly_headed_hh,percentiles_91_95,2001,0.3,0.2,0.0,0.0,0.0
elderly_headed_hh,percentiles_91_95,2002,0.2,0.2,0.0,0.0,0.0
elderly_headed_hh,percentiles_91_95,2003,0.3,0.3,0.0,0.0,0.0
elderly_headed_hh,percentiles_91_95,2004,0.3,0.3,0.0,0.0,0.0
elderly_headed_hh,percentiles_91_95,2005,0.2,0.2,0.0,0.0,0.0
elderly_headed_hh,percentiles_91_95,2006,0.3,0.3,0.0,0.0,0.0
elderly_headed_hh,percentiles_91_95,2007,0.4,0.3,0.0,0.0,0.1
elderly_headed_hh,percentiles_91_95,2008,0.4,0.3,0.0,0.0,0.1
elderly_headed_hh,percentiles_91_95,2009,0.3,0.2,0.0,0.0,0.0
elderly_headed_hh,percentiles_91_95,2010,0.3,0.2,0.0,0.0,0.0
elderly_headed_hh,percentiles_91_95,2011,0.1,0.1,0.0,0.0,0.0
elderly_headed_hh,percentiles_91_95,2012,0.2,0.2,0.0,0.0,0.0
elderly_headed_hh,percentiles_91_95,2013,0.3,0.2,0.0,0.0,0.0
elderly_headed_hh,percentiles_91_95,2014,0.3,0.2,0.0,0.0,0.0
elderly_headed_hh,percentiles_91_95,2015,0.3,0.3,0.0,0.0,0.0
elderly_headed_hh,percentiles_91_95,2016,0.3,0.2,0.0,0.0,0.0
elderly_headed_hh,percentiles_91_95,2017,0.3,0.2,0.0,0.0,0.0
elderly_headed_hh,percentiles_96_99,1979,0.1,0.1,0.0,0.0,0.0
elderly_headed_hh,percentiles_96_99,1980,0.0,0.0,0.0,0.0,0.0
elderly_headed_hh,percentiles_96_99,1981,0.1,0.0,0.0,0.0,0.0
elderly_headed_hh,percentiles_96_99,1982,0.0,0.0,0.0,0.0,0.0
elderly_headed_hh,percentiles_96_99,1983,0.1,0.0,0.0,0.1,0.0
elderly_headed_hh,percentiles_96_99,1984,0.0,0.0,0.0,0.0,0.0
elderly_headed_hh,percentiles_96_99,1985,0.1,0.0,0.0,0.0,0.0
elderly_headed_hh,percentiles_96_99,1986,0.0,0.0,0.0,0.0,0.0
elderly_headed_hh,percentiles_96_99,1987,0.0,0.0,0.0,0.0,0.0
elderly_headed_hh,percentiles_96_99,1988,0.0,0.0,0.0,0.0,0.0
elderly_headed_hh,percentiles_96_99,1989,0.0,0.0,0.0,0.0,0.0
elderly_headed_hh,percentiles_96_99,1990,0.1,0.0,0.0,0.0,0.1
elderly_headed_hh,percentiles_96_99,1991,0.1,0.0,0.0,0.0,0.0
elderly_headed_hh,percentiles_96_99,1992,0.1,0.0,0.0,0.0,0.0
elderly_headed_hh,percentiles_96_99,1993,0.0,0.0,0.0,0.0,0.0
elderly_headed_hh,percentiles_96_99,1994,0.1,0.1,0.0,0.0,0.0
elderly_headed_hh,percentiles_96_99,1995,0.1,0.1,0.0,0.0,0.0
elderly_headed_hh,percentiles_96_99,1996,0.1,0.1,0.0,0.0,0.0
elderly_headed_hh,percentiles_96_99,1997,0.1,0.1,0.0,0.0,0.0
elderly_headed_hh,percentiles_96_99,1998,0.1,0.1,0.0,0.0,0.0
elderly_headed_hh,percentiles_96_99,1999,0.1,0.1,0.0,0.0,0.0
elderly_headed_hh,percentiles_96_99,2000,0.2,0.1,0.0,0.0,0.0
elderly_headed_hh,percentiles_96_99,2001,0.2,0.1,0.0,0.0,0.0
elderly_headed_hh,percentiles_96_99,2002,0.2,0.2,0.0,0.0,0.0
elderly_headed_hh,percentiles_96_99,2003,0.3,0.2,0.0,0.0,0.0
elderly_headed_hh,percentiles_96_99,2004,0.2,0.2,0.0,0.0,0.0
elderly_headed_hh,percentiles_96_99,2005,0.2,0.2,0.0,0.0,0.0
elderly_headed_hh,percentiles_96_99,2006,0.2,0.1,0.0,0.0,0.0
elderly_headed_hh,percentiles_96_99,2007,0.3,0.2,0.0,0.0,0.1
elderly_headed_hh,percentiles_96_99,2008,0.2,0.2,0.0,0.0,0.0
elderly_headed_hh,percentiles_96_99,2009,0.2,0.2,0.0,0.0,0.0
elderly_headed_hh,percentiles_96_99,2010,0.2,0.2,0.0,0.0,0.0
elderly_headed_hh,percentiles_96_99,2011,0.1,0.1,0.0,0.0,0.0
elderly_headed_hh,percentiles_96_99,2012,0.1,0.1,0.0,0.0,0.0
elderly_headed_hh,percentiles_96_99,2013,0.2,0.1,0.0,0.0,0.0
elderly_headed_hh,percentiles_96_99,2014,0.1,0.1,0.0,0.0,0.0
elderly_headed_hh,percentiles_96_99,2015,0.2,0.1,0.0,0.0,0.0
elderly_headed_hh,percentiles_96_99,2016,0.1,0.1,0.0,0.0,0.0
elderly_headed_hh,percentiles_96_99,2017,0.1,0.1,0.0,0.0,0.0
elderly_headed_hh,top_1_percent,1979,0.0,0.0,0.0,0.0,0.0
elderly_headed_hh,top_1_percent,1980,0.0,0.0,0.0,0.0,0.0
elderly_headed_hh,top_1_percent,1981,0.0,0.0,0.0,0.0,0.0
elderly_headed_hh,top_1_percent,1982,0.0,0.0,0.0,0.0,0.0
elderly_headed_hh,top_1_percent,1983,0.0,0.0,0.0,0.0,0.0
elderly_headed_hh,top_1_percent,1984,0.0,0.0,0.0,0.0,0.0
elderly_headed_hh,top_1_percent,1985,0.0,0.0,0.0,0.0,0.0
elderly_headed_hh,top_1_percent,1986,0.0,0.0,0.0,0.0,0.0
elderly_headed_hh,top_1_percent,1987,0.0,0.0,0.0,0.0,0.0
elderly_headed_hh,top_1_percent,1988,0.0,0.0,0.0,0.0,0.0
elderly_headed_hh,top_1_percent,1989,0.0,0.0,0.0,0.0,0.0
elderly_headed_hh,top_1_percent,1990,0.0,0.0,0.0,0.0,0.0
elderly_headed_hh,top_1_percent,1991,0.0,0.0,0.0,0.0,0.0
elderly_headed_hh,top_1_percent,1992,0.0,0.0,0.0,0.0,0.0
elderly_headed_hh,top_1_percent,1993,0.0,0.0,0.0,0.0,0.0
elderly_headed_hh,top_1_percent,1994,0.0,0.0,0.0,0.0,0.0
elderly_headed_hh,top_1_percent,1995,0.0,0.0,0.0,0.0,0.0
elderly_headed_hh,top_1_percent,1996,0.0,0.0,0.0,0.0,0.0
elderly_headed_hh,top_1_percent,1997,0.0,0.0,0.0,0.0,0.0
elderly_headed_hh,top_1_percent,1998,0.0,0.0,0.0,0.0,0.0
elderly_headed_hh,top_1_percent,1999,0.0,0.0,0.0,0.0,0.0
elderly_headed_hh,top_1_percent,2000,0.0,0.0,0.0,0.0,0.0
elderly_headed_hh,top_1_percent,2001,0.0,0.0,0.0,0.0,0.0
elderly_headed_hh,top_1_percent,2002,0.0,0.0,0.0,0.0,0.0
elderly_headed_hh,top_1_percent,2003,0.0,0.0,0.0,0.0,0.0
elderly_headed_hh,top_1_percent,2004,0.0,0.0,0.0,0.0,0.0
elderly_headed_hh,top_1_percent,2005,0.0,0.0,0.0,0.0,0.0
elderly_headed_hh,top_1_percent,2006,0.0,0.0,0.0,0.0,0.0
elderly_headed_hh,top_1_percent,2007,0.0,0.0,0.0,0.0,0.0
elderly_headed_hh,top_1_percent,2008,0.0,0.0,0.0,0.0,0.0
elderly_headed_hh,top_1_percent,2009,0.0,0.0,0.0,0.0,0.0
elderly_headed_hh,top_1_percent,2010,0.1,0.0,0.0,0.0,0.0
elderly_headed_hh,top_1_percent,2011,0.0,0.0,0.0,0.0,0.0
elderly_headed_hh,top_1_percent,2012,0.0,0.0,0.0,0.0,0.0
elderly_headed_hh,top_1_percent,2013,0.0,0.0,0.0,0.0,0.0
elderly_headed_hh,top_1_percent,2014,0.0,0.0,0.0,0.0,0.0
elderly_headed_hh,top_1_percent,2015,0.0,0.0,0.0,0.0,0.0
elderly_headed_hh,top_1_percent,2016,0.0,0.0,0.0,0.0,0.0
elderly_headed_hh,top_1_percent,2017,0.1,0.1,0.0,0.0,0.0
nonelderly_childless_hh,all_quintiles,1979,1.0,0.3,0.1,0.4,0.2
nonelderly_childless_hh,all_quintiles,1980,1.1,0.3,0.1,0.4,0.2
nonelderly_childless_hh,all_quintiles,1981,1.1,0.4,0.2,0.4,0.2
nonelderly_childless_hh,all_quintiles,1982,1.1,0.4,0.1,0.4,0.2
nonelderly_childless_hh,all_quintiles,1983,1.2,0.4,0.1,0.4,0.3
nonelderly_childless_hh,all_quintiles,1984,1.1,0.4,0.1,0.4,0.3
nonelderly_childless_hh,all_quintiles,1985,1.1,0.4,0.1,0.4,0.2
nonelderly_childless_hh,all_quintiles,1986,1.1,0.4,0.1,0.4,0.2
nonelderly_childless_hh,all_quintiles,1987,1.1,0.4,0.1,0.4,0.2
nonelderly_childless_hh,all_quintiles,1988,1.1,0.4,0.1,0.4,0.2
nonelderly_childless_hh,all_quintiles,1989,1.2,0.5,0.1,0.4,0.2
nonelderly_childless_hh,all_quintiles,1990,1.2,0.5,0.1,0.4,0.2
nonelderly_childless_hh,all_quintiles,1991,1.4,0.6,0.1,0.4,0.2
nonelderly_childless_hh,all_quintiles,1992,1.6,0.7,0.2,0.4,0.3
nonelderly_childless_hh,all_quintiles,1993,1.7,0.8,0.2,0.5,0.3
nonelderly_childless_hh,all_quintiles,1994,1.8,0.9,0.1,0.5,0.3
nonelderly_childless_hh,all_quintiles,1995,1.9,1.0,0.1,0.5,0.3
nonelderly_childless_hh,all_quintiles,1996,1.8,0.9,0.1,0.5,0.3
nonelderly_childless_hh,all_quintiles,1997,1.8,1.0,0.1,0.4,0.3
nonelderly_childless_hh,all_quintiles,1998,1.9,1.1,0.1,0.5,0.3
nonelderly_childless_hh,all_quintiles,1999,1.9,1.2,0.1,0.4,0.2
nonelderly_childless_hh,all_quintiles,2000,2.0,1.3,0.1,0.4,0.2
nonelderly_childless_hh,all_quintiles,2001,2.3,1.5,0.1,0.5,0.3
nonelderly_childless_hh,all_quintiles,2002,2.6,1.7,0.1,0.5,0.3
nonelderly_childless_hh,all_quintiles,2003,2.7,1.8,0.1,0.5,0.3
nonelderly_childless_hh,all_quintiles,2004,2.7,1.9,0.1,0.5,0.3
nonelderly_childless_hh,all_quintiles,2005,2.6,1.8,0.1,0.4,0.3
nonelderly_childless_hh,all_quintiles,2006,2.5,1.6,0.1,0.4,0.3
nonelderly_childless_hh,all_quintiles,2007,2.6,1.7,0.1,0.4,0.3
nonelderly_childless_hh,all_quintiles,2008,2.8,1.8,0.2,0.5,0.3
nonelderly_childless_hh,all_quintiles,2009,3.4,2.1,0.3,0.5,0.4
nonelderly_childless_hh,all_quintiles,2010,3.6,2.2,0.4,0.6,0.4
nonelderly_childless_hh,all_quintiles,2011,3.6,2.2,0.4,0.6,0.4
nonelderly_childless_hh,all_quintiles,2012,3.6,2.2,0.4,0.6,0.4
nonelderly_childless_hh,all_quintiles,2013,3.7,2.3,0.4,0.6,0.4
nonelderly_childless_hh,all_quintiles,2014,4.1,2.8,0.4,0.6,0.4
nonelderly_childless_hh,all_quintiles,2015,4.3,3.0,0.3,0.5,0.5
nonelderly_childless_hh,all_quintiles,2016,4.4,3.0,0.3,0.5,0.5
nonelderly_childless_hh,all_quintiles,2017,4.3,3.0,0.3,0.5,0.5
nonelderly_childless_hh,lowest_quintile,1979,25.2,7.7,2.9,9.9,4.6
nonelderly_childless_hh,lowest_quintile,1980,29.1,9.0,3.6,11.1,5.4
nonelderly_childless_hh,lowest_quintile,1981,29.9,9.2,4.2,11.0,5.5
nonelderly_childless_hh,lowest_quintile,1982,31.4,9.7,4.4,10.6,6.6
nonelderly_childless_hh,lowest_quintile,1983,36.1,11.2,4.6,11.8,8.5
nonelderly_childless_hh,lowest_quintile,1984,30.7,9.6,3.5,10.1,7.5
nonelderly_childless_hh,lowest_quintile,1985,34.6,11.3,3.9,11.0,8.5
nonelderly_childless_hh,lowest_quintile,1986,35.2,11.8,3.5,12.3,7.6
nonelderly_childless_hh,lowest_quintile,1987,34.9,12.0,3.3,12.4,7.2
nonelderly_childless_hh,lowest_quintile,1988,38.5,13.9,3.4,12.7,8.5
nonelderly_childless_hh,lowest_quintile,1989,37.1,14.5,3.2,11.5,7.9
nonelderly_childless_hh,lowest_quintile,1990,36.2,13.9,3.5,10.8,8.2
nonelderly_childless_hh,lowest_quintile,1991,40.5,16.9,3.7,12.3,7.5
nonelderly_childless_hh,lowest_quintile,1992,42.4,18.2,4.2,12.0,8.0
nonelderly_childless_hh,lowest_quintile,1993,46.8,20.4,4.6,13.1,8.8
nonelderly_childless_hh,lowest_quintile,1994,54.4,25.8,4.6,14.6,9.4
nonelderly_childless_hh,lowest_quintile,1995,50.7,24.7,4.1,12.5,9.4
nonelderly_childless_hh,lowest_quintile,1996,53.5,26.4,4.1,13.7,9.3
nonelderly_childless_hh,lowest_quintile,1997,53.2,27.1,3.2,13.5,9.4
nonelderly_childless_hh,lowest_quintile,1998,51.3,27.8,2.6,12.6,8.4
nonelderly_childless_hh,lowest_quintile,1999,48.0,28.2,2.2,11.2,6.5
nonelderly_childless_hh,lowest_quintile,2000,54.7,32.5,2.5,11.9,7.7
nonelderly_childless_hh,lowest_quintile,2001,57.3,35.3,2.4,11.7,7.9
nonelderly_childless_hh,lowest_quintile,2002,60.7,37.9,2.7,11.7,8.4
nonelderly_childless_hh,lowest_quintile,2003,61.1,38.8,3.2,11.3,7.9
nonelderly_childless_hh,lowest_quintile,2004,62.3,40.7,3.4,10.5,7.6
nonelderly_childless_hh,lowest_quintile,2005,57.8,37.0,3.9,9.8,7.2
nonelderly_childless_hh,lowest_quintile,2006,55.1,33.6,3.2,9.6,8.8
nonelderly_childless_hh,lowest_quintile,2007,48.4,29.9,2.8,8.3,7.3
nonelderly_childless_hh,lowest_quintile,2008,51.4,31.9,3.3,8.7,7.5
nonelderly_childless_hh,lowest_quintile,2009,57.6,34.4,4.9,9.6,8.7
nonelderly_childless_hh,lowest_quintile,2010,60.3,35.9,5.8,9.9,8.8
nonelderly_childless_hh,lowest_quintile,2011,58.9,34.0,6.6,9.7,8.6
nonelderly_childless_hh,lowest_quintile,2012,64.3,37.4,7.5,10.7,8.7
nonelderly_childless_hh,lowest_quintile,2013,63.8,38.3,7.0,10.7,7.8
nonelderly_childless_hh,lowest_quintile,2014,75.0,47.5,6.7,11.4,9.4
nonelderly_childless_hh,lowest_quintile,2015,75.5,48.7,6.5,10.6,9.7
nonelderly_childless_hh,lowest_quintile,2016,76.8,49.5,6.5,10.7,10.1
nonelderly_childless_hh,lowest_quintile,2017,74.5,48.5,6.0,10.0,10.0
nonelderly_childless_hh,second_quintile,1979,1.9,0.6,0.3,0.6,0.4
nonelderly_childless_hh,second_quintile,1980,2.2,0.7,0.4,0.7,0.4
nonelderly_childless_hh,second_quintile,1981,2.3,0.8,0.4,0.6,0.5
nonelderly_childless_hh,second_quintile,1982,2.2,0.8,0.3,0.7,0.5
nonelderly_childless_hh,second_quintile,1983,2.3,0.8,0.3,0.7,0.5
nonelderly_childless_hh,second_quintile,1984,2.0,0.7,0.3,0.6,0.5
nonelderly_childless_hh,second_quintile,1985,2.0,0.8,0.2,0.6,0.4
nonelderly_childless_hh,second_quintile,1986,2.4,0.9,0.2,0.8,0.4
nonelderly_childless_hh,second_quintile,1987,2.7,1.0,0.2,0.9,0.6
nonelderly_childless_hh,second_quintile,1988,2.4,1.0,0.2,0.8,0.4
nonelderly_childless_hh,second_quintile,1989,3.0,1.3,0.2,1.0,0.5
nonelderly_childless_hh,second_quintile,1990,3.1,1.4,0.3,0.9,0.5
nonelderly_childless_hh,second_quintile,1991,3.7,1.6,0.4,1.1,0.6
nonelderly_childless_hh,second_quintile,1992,4.7,2.2,0.6,1.2,0.7
nonelderly_childless_hh,second_quintile,1993,5.3,2.6,0.5,1.3,0.8
nonelderly_childless_hh,second_quintile,1994,5.2,2.7,0.5,1.2,0.8
nonelderly_childless_hh,second_quintile,1995,5.3,2.8,0.4,1.3,0.7
nonelderly_childless_hh,second_quintile,1996,4.7,2.6,0.4,1.1,0.7
nonelderly_childless_hh,second_quintile,1997,4.2,2.6,0.2,0.9,0.5
nonelderly_childless_hh,second_quintile,1998,5.2,3.4,0.2,1.1,0.5
nonelderly_childless_hh,second_quintile,1999,5.9,4.1,0.2,1.2,0.4
nonelderly_childless_hh,second_quintile,2000,5.3,3.8,0.2,0.9,0.4
nonelderly_childless_hh,second_quintile,2001,6.2,4.4,0.2,1.1,0.5
nonelderly_childless_hh,second_quintile,2002,6.7,4.8,0.3,1.1,0.5
nonelderly_childless_hh,second_quintile,2003,7.4,5.5,0.3,1.0,0.6
nonelderly_childless_hh,second_quintile,2004,8.3,6.1,0.4,1.2,0.6
nonelderly_childless_hh,second_quintile,2005,8.0,5.9,0.4,1.2,0.5
nonelderly_childless_hh,second_quintile,2006,7.5,5.4,0.3,1.1,0.7
nonelderly_childless_hh,second_quintile,2007,7.2,5.1,0.3,1.2,0.6
nonelderly_childless_hh,second_quintile,2008,7.7,5.4,0.5,1.1,0.7
nonelderly_childless_hh,second_quintile,2009,9.8,6.6,0.9,1.3,0.9
nonelderly_childless_hh,second_quintile,2010,10.5,6.6,1.2,1.5,1.1
nonelderly_childless_hh,second_quintile,2011,11.1,7.1,1.5,1.5,1.0
nonelderly_childless_hh,second_quintile,2012,12.1,8.0,1.6,1.4,1.1
nonelderly_childless_hh,second_quintile,2013,11.5,7.6,1.5,1.5,1.0
nonelderly_childless_hh,second_quintile,2014,13.6,9.5,1.3,1.6,1.2
nonelderly_childless_hh,second_quintile,2015,14.5,10.7,1.2,1.3,1.3
nonelderly_childless_hh,second_quintile,2016,14.2,10.5,1.0,1.3,1.4
nonelderly_childless_hh,second_quintile,2017,14.9,11.2,1.1,1.3,1.3
nonelderly_childless_hh,middle_quintile,1979,0.6,0.2,0.1,0.2,0.1
nonelderly_childless_hh,middle_quintile,1980,0.5,0.2,0.1,0.2,0.1
nonelderly_childless_hh,middle_quintile,1981,0.5,0.2,0.1,0.2,0.1
nonelderly_childless_hh,middle_quintile,1982,0.6,0.2,0.0,0.3,0.1
nonelderly_childless_hh,middle_quintile,1983,0.6,0.2,0.1,0.2,0.1
nonelderly_childless_hh,middle_quintile,1984,0.6,0.2,0.1,0.3,0.1
nonelderly_childless_hh,middle_quintile,1985,0.5,0.2,0.0,0.2,0.1
nonelderly_childless_hh,middle_quintile,1986,0.7,0.3,0.0,0.3,0.1
nonelderly_childless_hh,middle_quintile,1987,0.7,0.3,0.0,0.3,0.1
nonelderly_childless_hh,middle_quintile,1988,0.7,0.3,0.0,0.3,0.1
nonelderly_childless_hh,middle_quintile,1989,0.7,0.3,0.0,0.3,0.1
nonelderly_childless_hh,middle_quintile,1990,0.9,0.4,0.0,0.3,0.1
nonelderly_childless_hh,middle_quintile,1991,1.0,0.5,0.1,0.3,0.1
nonelderly_childless_hh,middle_quintile,1992,1.1,0.5,0.1,0.3,0.2
nonelderly_childless_hh,middle_quintile,1993,1.2,0.6,0.1,0.3,0.2
nonelderly_childless_hh,middle_quintile,1994,1.2,0.7,0.1,0.3,0.2
nonelderly_childless_hh,middle_quintile,1995,1.3,0.7,0.1,0.3,0.2
nonelderly_childless_hh,middle_quintile,1996,1.3,0.7,0.1,0.3,0.1
nonelderly_childless_hh,middle_quintile,1997,1.3,0.8,0.0,0.3,0.1
nonelderly_childless_hh,middle_quintile,1998,1.3,0.9,0.0,0.3,0.1
nonelderly_childless_hh,middle_quintile,1999,1.5,1.0,0.0,0.3,0.1
nonelderly_childless_hh,middle_quintile,2000,1.4,1.0,0.0,0.3,0.1
nonelderly_childless_hh,middle_quintile,2001,1.6,1.1,0.0,0.3,0.1
nonelderly_childless_hh,middle_quintile,2002,1.9,1.4,0.1,0.3,0.1
nonelderly_childless_hh,middle_quintile,2003,2.0,1.5,0.0,0.3,0.1
nonelderly_childless_hh,middle_quintile,2004,2.0,1.6,0.0,0.3,0.1
nonelderly_childless_hh,middle_quintile,2005,2.0,1.6,0.1,0.3,0.1
nonelderly_childless_hh,middle_quintile,2006,2.0,1.5,0.1,0.3,0.1
nonelderly_childless_hh,middle_quintile,2007,2.0,1.5,0.1,0.3,0.1
nonelderly_childless_hh,middle_quintile,2008,2.3,1.7,0.1,0.3,0.1
nonelderly_childless_hh,middle_quintile,2009,2.7,2.0,0.2,0.4,0.2
nonelderly_childless_hh,middle_quintile,2010,2.5,1.8,0.2,0.3,0.2
nonelderly_childless_hh,middle_quintile,2011,3.0,2.0,0.2,0.5,0.2
nonelderly_childless_hh,middle_quintile,2012,3.0,2.0,0.3,0.5,0.2
nonelderly_childless_hh,middle_quintile,2013,2.8,1.9,0.2,0.4,0.2
nonelderly_childless_hh,middle_quintile,2014,3.6,2.7,0.3,0.4,0.2
nonelderly_childless_hh,middle_quintile,2015,4.1,3.1,0.2,0.4,0.3
nonelderly_childless_hh,middle_quintile,2016,4.1,3.2,0.2,0.4,0.3
nonelderly_childless_hh,middle_quintile,2017,4.4,3.5,0.2,0.4,0.3
nonelderly_childless_hh,fourth_quintile,1979,0.2,0.1,0.0,0.1,0.0
nonelderly_childless_hh,fourth_quintile,1980,0.2,0.1,0.0,0.1,0.0
nonelderly_childless_hh,fourth_quintile,1981,0.2,0.1,0.0,0.1,0.0
nonelderly_childless_hh,fourth_quintile,1982,0.2,0.1,0.0,0.1,0.0
nonelderly_childless_hh,fourth_quintile,1983,0.2,0.1,0.0,0.1,0.0
nonelderly_childless_hh,fourth_quintile,1984,0.3,0.1,0.0,0.1,0.0
nonelderly_childless_hh,fourth_quintile,1985,0.2,0.1,0.0,0.1,0.0
nonelderly_childless_hh,fourth_quintile,1986,0.2,0.1,0.0,0.1,0.0
nonelderly_childless_hh,fourth_quintile,1987,0.3,0.1,0.0,0.1,0.0
nonelderly_childless_hh,fourth_quintile,1988,0.2,0.1,0.0,0.1,0.0
nonelderly_childless_hh,fourth_quintile,1989,0.3,0.1,0.0,0.1,0.0
nonelderly_childless_hh,fourth_quintile,1990,0.3,0.1,0.0,0.1,0.0
nonelderly_childless_hh,fourth_quintile,1991,0.3,0.2,0.0,0.1,0.0
nonelderly_childless_hh,fourth_quintile,1992,0.4,0.2,0.0,0.1,0.0
nonelderly_childless_hh,fourth_quintile,1993,0.4,0.2,0.0,0.1,0.0
nonelderly_childless_hh,fourth_quintile,1994,0.5,0.3,0.0,0.1,0.1
nonelderly_childless_hh,fourth_quintile,1995,0.4,0.2,0.0,0.1,0.0
nonelderly_childless_hh,fourth_quintile,1996,0.4,0.3,0.0,0.1,0.0
nonelderly_childless_hh,fourth_quintile,1997,0.5,0.3,0.0,0.1,0.0
nonelderly_childless_hh,fourth_quintile,1998,0.4,0.3,0.0,0.1,0.0
nonelderly_childless_hh,fourth_quintile,1999,0.5,0.3,0.0,0.1,0.0
nonelderly_childless_hh,fourth_quintile,2000,0.5,0.4,0.0,0.1,0.0
nonelderly_childless_hh,fourth_quintile,2001,0.5,0.3,0.0,0.1,0.0
nonelderly_childless_hh,fourth_quintile,2002,0.6,0.4,0.0,0.1,0.0
nonelderly_childless_hh,fourth_quintile,2003,0.6,0.5,0.0,0.1,0.0
nonelderly_childless_hh,fourth_quintile,2004,0.7,0.5,0.0,0.1,0.0
nonelderly_childless_hh,fourth_quintile,2005,0.7,0.5,0.0,0.1,0.0
nonelderly_childless_hh,fourth_quintile,2006,0.7,0.5,0.0,0.1,0.0
nonelderly_childless_hh,fourth_quintile,2007,0.6,0.5,0.0,0.1,0.0
nonelderly_childless_hh,fourth_quintile,2008,0.7,0.5,0.0,0.1,0.0
nonelderly_childless_hh,fourth_quintile,2009,0.7,0.6,0.0,0.1,0.0
nonelderly_childless_hh,fourth_quintile,2010,0.8,0.6,0.1,0.1,0.0
nonelderly_childless_hh,fourth_quintile,2011,0.8,0.6,0.0,0.1,0.1
nonelderly_childless_hh,fourth_quintile,2012,0.9,0.7,0.0,0.1,0.0
nonelderly_childless_hh,fourth_quintile,2013,0.8,0.6,0.0,0.1,0.0
nonelderly_childless_hh,fourth_quintile,2014,1.2,0.9,0.1,0.1,0.1
nonelderly_childless_hh,fourth_quintile,2015,1.3,1.0,0.1,0.2,0.1
nonelderly_childless_hh,fourth_quintile,2016,1.3,1.1,0.1,0.1,0.1
nonelderly_childless_hh,fourth_quintile,2017,1.4,1.1,0.1,0.2,0.1
nonelderly_childless_hh,highest_quintile,1979,0.1,0.0,0.0,0.0,0.0
nonelderly_childless_hh,highest_quintile,1980,0.0,0.0,0.0,0.0,0.0
nonelderly_childless_hh,highest_quintile,1981,0.1,0.0,0.0,0.0,0.0
nonelderly_childless_hh,highest_quintile,1982,0.1,0.0,0.0,0.0,0.0
nonelderly_childless_hh,highest_quintile,1983,0.0,0.0,0.0,0.0,0.0
nonelderly_childless_hh,highest_quintile,1984,0.1,0.0,0.0,0.0,0.0
nonelderly_childless_hh,highest_quintile,1985,0.1,0.0,0.0,0.0,0.0
nonelderly_childless_hh,highest_quintile,1986,0.0,0.0,0.0,0.0,0.0
nonelderly_childless_hh,highest_quintile,1987,0.1,0.0,0.0,0.0,0.0
nonelderly_childless_hh,highest_quintile,1988,0.0,0.0,0.0,0.0,0.0
nonelderly_childless_hh,highest_quintile,1989,0.1,0.0,0.0,0.0,0.0
nonelderly_childless_hh,highest_quintile,1990,0.1,0.0,0.0,0.0,0.0
nonelderly_childless_hh,highest_quintile,1991,0.1,0.0,0.0,0.0,0.0
nonelderly_childless_hh,highest_quintile,1992,0.1,0.0,0.0,0.0,0.0
nonelderly_childless_hh,highest_quintile,1993,0.1,0.1,0.0,0.0,0.0
nonelderly_childless_hh,highest_quintile,1994,0.1,0.1,0.0,0.0,0.0
nonelderly_childless_hh,highest_quintile,1995,0.1,0.1,0.0,0.0,0.0
nonelderly_childless_hh,highest_quintile,1996,0.1,0.1,0.0,0.0,0.0
nonelderly_childless_hh,highest_quintile,1997,0.1,0.1,0.0,0.0,0.0
nonelderly_childless_hh,highest_quintile,1998,0.1,0.1,0.0,0.0,0.0
nonelderly_childless_hh,highest_quintile,1999,0.1,0.1,0.0,0.0,0.0
nonelderly_childless_hh,highest_quintile,2000,0.1,0.1,0.0,0.0,0.0
nonelderly_childless_hh,highest_quintile,2001,0.1,0.1,0.0,0.0,0.0
nonelderly_childless_hh,highest_quintile,2002,0.1,0.1,0.0,0.0,0.0
nonelderly_childless_hh,highest_quintile,2003,0.1,0.1,0.0,0.0,0.0
nonelderly_childless_hh,highest_quintile,2004,0.1,0.1,0.0,0.0,0.0
nonelderly_childless_hh,highest_quintile,2005,0.1,0.1,0.0,0.0,0.0
nonelderly_childless_hh,highest_quintile,2006,0.1,0.1,0.0,0.0,0.0
nonelderly_childless_hh,highest_quintile,2007,0.1,0.1,0.0,0.0,0.0
nonelderly_childless_hh,highest_quintile,2008,0.1,0.1,0.0,0.0,0.0
nonelderly_childless_hh,highest_quintile,2009,0.2,0.1,0.0,0.0,0.0
nonelderly_childless_hh,highest_quintile,2010,0.2,0.1,0.0,0.0,0.0
nonelderly_childless_hh,highest_quintile,2011,0.2,0.1,0.0,0.0,0.0
nonelderly_childless_hh,highest_quintile,2012,0.2,0.1,0.0,0.0,0.0
nonelderly_childless_hh,highest_quintile,2013,0.2,0.1,0.0,0.0,0.0
nonelderly_childless_hh,highest_quintile,2014,0.2,0.2,0.0,0.0,0.0
nonelderly_childless_hh,highest_quintile,2015,0.3,0.2,0.0,0.0,0.0
nonelderly_childless_hh,highest_quintile,2016,0.3,0.2,0.0,0.0,0.0
nonelderly_childless_hh,highest_quintile,2017,0.3,0.2,0.0,0.0,0.0
nonelderly_childless_hh,percentiles_81_90,1979,0.1,0.0,0.0,0.0,0.0
nonelderly_childless_hh,percentiles_81_90,1980,0.1,0.0,0.0,0.0,0.0
nonelderly_childless_hh,percentiles_81_90,1981,0.1,0.0,0.0,0.1,0.0
nonelderly_childless_hh,percentiles_81_90,1982,0.1,0.0,0.0,0.0,0.0
nonelderly_childless_hh,percentiles_81_90,1983,0.1,0.0,0.0,0.0,0.0
nonelderly_childless_hh,percentiles_81_90,1984,0.1,0.0,0.0,0.0,0.0
nonelderly_childless_hh,percentiles_81_90,1985,0.1,0.0,0.0,0.1,0.0
nonelderly_childless_hh,percentiles_81_90,1986,0.1,0.0,0.0,0.0,0.0
nonelderly_childless_hh,percentiles_81_90,1987,0.1,0.0,0.0,0.0,0.0
nonelderly_childless_hh,percentiles_81_90,1988,0.1,0.0,0.0,0.0,0.0
nonelderly_childless_hh,percentiles_81_90,1989,0.1,0.1,0.0,0.0,0.0
nonelderly_childless_hh,percentiles_81_90,1990,0.2,0.1,0.0,0.1,0.0
nonelderly_childless_hh,percentiles_81_90,1991,0.1,0.1,0.0,0.1,0.0
nonelderly_childless_hh,percentiles_81_90,1992,0.2,0.1,0.0,0.0,0.0
nonelderly_childless_hh,percentiles_81_90,1993,0.2,0.1,0.0,0.1,0.0
nonelderly_childless_hh,percentiles_81_90,1994,0.2,0.2,0.0,0.1,0.0
nonelderly_childless_hh,percentiles_81_90,1995,0.2,0.1,0.0,0.1,0.0
nonelderly_childless_hh,percentiles_81_90,1996,0.2,0.1,0.0,0.1,0.0
nonelderly_childless_hh,percentiles_81_90,1997,0.2,0.2,0.0,0.0,0.0
nonelderly_childless_hh,percentiles_81_90,1998,0.2,0.2,0.0,0.1,0.0
nonelderly_childless_hh,percentiles_81_90,1999,0.1,0.1,0.0,0.0,0.0
nonelderly_childless_hh,percentiles_81_90,2000,0.2,0.2,0.0,0.0,0.0
nonelderly_childless_hh,percentiles_81_90,2001,0.2,0.2,0.0,0.0,0.0
nonelderly_childless_hh,percentiles_81_90,2002,0.2,0.2,0.0,0.0,0.0
nonelderly_childless_hh,percentiles_81_90,2003,0.3,0.2,0.0,0.1,0.0
nonelderly_childless_hh,percentiles_81_90,2004,0.3,0.2,0.0,0.1,0.0
nonelderly_childless_hh,percentiles_81_90,2005,0.3,0.2,0.0,0.1,0.0
nonelderly_childless_hh,percentiles_81_90,2006,0.3,0.2,0.0,0.1,0.0
nonelderly_childless_hh,percentiles_81_90,2007,0.3,0.2,0.0,0.1,0.0
nonelderly_childless_hh,percentiles_81_90,2008,0.3,0.2,0.0,0.0,0.0
nonelderly_childless_hh,percentiles_81_90,2009,0.3,0.3,0.0,0.0,0.0
nonelderly_childless_hh,percentiles_81_90,2010,0.3,0.3,0.0,0.0,0.0
nonelderly_childless_hh,percentiles_81_90,2011,0.3,0.3,0.0,0.1,0.0
nonelderly_childless_hh,percentiles_81_90,2012,0.4,0.3,0.0,0.1,0.0
nonelderly_childless_hh,percentiles_81_90,2013,0.3,0.2,0.0,0.0,0.0
nonelderly_childless_hh,percentiles_81_90,2014,0.4,0.4,0.0,0.0,0.0
nonelderly_childless_hh,percentiles_81_90,2015,0.5,0.4,0.0,0.1,0.0
nonelderly_childless_hh,percentiles_81_90,2016,0.5,0.4,0.0,0.0,0.0
nonelderly_childless_hh,percentiles_81_90,2017,0.5,0.4,0.0,0.0,0.0
nonelderly_childless_hh,percentiles_91_95,1979,0.0,0.0,0.0,0.0,0.0
nonelderly_childless_hh,percentiles_91_95,1980,0.0,0.0,0.0,0.0,0.0
nonelderly_childless_hh,percentiles_91_95,1981,0.1,0.0,0.0,0.0,0.0
nonelderly_childless_hh,percentiles_91_95,1982,0.0,0.0,0.0,0.0,0.0
nonelderly_childless_hh,percentiles_91_95,1983,0.1,0.0,0.0,0.0,0.0
nonelderly_childless_hh,percentiles_91_95,1984,0.0,0.0,0.0,0.0,0.0
nonelderly_childless_hh,percentiles_91_95,1985,0.0,0.0,0.0,0.0,0.0
nonelderly_childless_hh,percentiles_91_95,1986,0.0,0.0,0.0,0.0,0.0
nonelderly_childless_hh,percentiles_91_95,1987,0.0,0.0,0.0,0.0,0.0
nonelderly_childless_hh,percentiles_91_95,1988,0.0,0.0,0.0,0.0,0.0
nonelderly_childless_hh,percentiles_91_95,1989,0.1,0.0,0.0,0.0,0.0
nonelderly_childless_hh,percentiles_91_95,1990,0.1,0.0,0.0,0.0,0.0
nonelderly_childless_hh,percentiles_91_95,1991,0.1,0.0,0.0,0.0,0.0
nonelderly_childless_hh,percentiles_91_95,1992,0.1,0.1,0.0,0.0,0.0
nonelderly_childless_hh,percentiles_91_95,1993,0.1,0.1,0.0,0.0,0.0
nonelderly_childless_hh,percentiles_91_95,1994,0.1,0.1,0.0,0.0,0.0
nonelderly_childless_hh,percentiles_91_95,1995,0.1,0.1,0.0,0.0,0.0
nonelderly_childless_hh,percentiles_91_95,1996,0.1,0.1,0.0,0.0,0.0
nonelderly_childless_hh,percentiles_91_95,1997,0.1,0.1,0.0,0.0,0.0
nonelderly_childless_hh,percentiles_91_95,1998,0.1,0.1,0.0,0.0,0.0
nonelderly_childless_hh,percentiles_91_95,1999,0.1,0.1,0.0,0.0,0.0
nonelderly_childless_hh,percentiles_91_95,2000,0.1,0.1,0.0,0.0,0.0
nonelderly_childless_hh,percentiles_91_95,2001,0.2,0.1,0.0,0.0,0.0
nonelderly_childless_hh,percentiles_91_95,2002,0.1,0.1,0.0,0.0,0.0
nonelderly_childless_hh,percentiles_91_95,2003,0.2,0.1,0.0,0.0,0.0
nonelderly_childless_hh,percentiles_91_95,2004,0.1,0.1,0.0,0.0,0.0
nonelderly_childless_hh,percentiles_91_95,2005,0.2,0.2,0.0,0.0,0.0
nonelderly_childless_hh,percentiles_91_95,2006,0.1,0.1,0.0,0.0,0.0
nonelderly_childless_hh,percentiles_91_95,2007,0.2,0.1,0.0,0.0,0.0
nonelderly_childless_hh,percentiles_91_95,2008,0.2,0.1,0.0,0.0,0.0
nonelderly_childless_hh,percentiles_91_95,2009,0.2,0.2,0.0,0.0,0.0
nonelderly_childless_hh,percentiles_91_95,2010,0.2,0.1,0.0,0.0,0.0
nonelderly_childless_hh,percentiles_91_95,2011,0.2,0.1,0.0,0.0,0.0
nonelderly_childless_hh,percentiles_91_95,2012,0.2,0.2,0.0,0.0,0.0
nonelderly_childless_hh,percentiles_91_95,2013,0.2,0.1,0.0,0.0,0.0
nonelderly_childless_hh,percentiles_91_95,2014,0.2,0.2,0.0,0.0,0.0
nonelderly_childless_hh,percentiles_91_95,2015,0.3,0.2,0.0,0.0,0.0
nonelderly_childless_hh,percentiles_91_95,2016,0.4,0.3,0.0,0.0,0.0
nonelderly_childless_hh,percentiles_91_95,2017,0.3,0.2,0.0,0.0,0.0
nonelderly_childless_hh,percentiles_96_99,1979,0.0,0.0,0.0,0.0,0.0
nonelderly_childless_hh,percentiles_96_99,1980,0.0,0.0,0.0,0.0,0.0
nonelderly_childless_hh,percentiles_96_99,1981,0.0,0.0,0.0,0.0,0.0
nonelderly_childless_hh,percentiles_96_99,1982,0.0,0.0,0.0,0.0,0.0
nonelderly_childless_hh,percentiles_96_99,1983,0.0,0.0,0.0,0.0,0.0
nonelderly_childless_hh,percentiles_96_99,1984,0.0,0.0,0.0,0.0,0.0
nonelderly_childless_hh,percentiles_96_99,1985,0.0,0.0,0.0,0.0,0.0
nonelderly_childless_hh,percentiles_96_99,1986,0.0,0.0,0.0,0.0,0.0
nonelderly_childless_hh,percentiles_96_99,1987,0.1,0.0,0.0,0.0,0.0
nonelderly_childless_hh,percentiles_96_99,1988,0.0,0.0,0.0,0.0,0.0
nonelderly_childless_hh,percentiles_96_99,1989,0.1,0.0,0.0,0.0,0.0
nonelderly_childless_hh,percentiles_96_99,1990,0.1,0.0,0.0,0.0,0.0
nonelderly_childless_hh,percentiles_96_99,1991,0.1,0.0,0.0,0.0,0.0
nonelderly_childless_hh,percentiles_96_99,1992,0.0,0.0,0.0,0.0,0.0
nonelderly_childless_hh,percentiles_96_99,1993,0.1,0.0,0.0,0.0,0.0
nonelderly_childless_hh,percentiles_96_99,1994,0.1,0.0,0.0,0.0,0.0
nonelderly_childless_hh,percentiles_96_99,1995,0.1,0.1,0.0,0.0,0.0
nonelderly_childless_hh,percentiles_96_99,1996,0.1,0.0,0.0,0.0,0.0
nonelderly_childless_hh,percentiles_96_99,1997,0.1,0.1,0.0,0.0,0.0
nonelderly_childless_hh,percentiles_96_99,1998,0.1,0.1,0.0,0.0,0.0
nonelderly_childless_hh,percentiles_96_99,1999,0.1,0.1,0.0,0.0,0.0
nonelderly_childless_hh,percentiles_96_99,2000,0.1,0.1,0.0,0.0,0.0
nonelderly_childless_hh,percentiles_96_99,2001,0.1,0.1,0.0,0.0,0.0
nonelderly_childless_hh,percentiles_96_99,2002,0.1,0.0,0.0,0.0,0.0
nonelderly_childless_hh,percentiles_96_99,2003,0.1,0.1,0.0,0.0,0.0
nonelderly_childless_hh,percentiles_96_99,2004,0.1,0.1,0.0,0.0,0.0
nonelderly_childless_hh,percentiles_96_99,2005,0.1,0.1,0.0,0.0,0.0
nonelderly_childless_hh,percentiles_96_99,2006,0.1,0.1,0.0,0.0,0.0
nonelderly_childless_hh,percentiles_96_99,2007,0.1,0.1,0.0,0.0,0.0
nonelderly_childless_hh,percentiles_96_99,2008,0.1,0.1,0.0,0.0,0.0
nonelderly_childless_hh,percentiles_96_99,2009,0.1,0.1,0.0,0.0,0.0
nonelderly_childless_hh,percentiles_96_99,2010,0.1,0.1,0.0,0.0,0.0
nonelderly_childless_hh,percentiles_96_99,2011,0.1,0.1,0.0,0.0,0.0
nonelderly_childless_hh,percentiles_96_99,2012,0.1,0.1,0.0,0.0,0.0
nonelderly_childless_hh,percentiles_96_99,2013,0.1,0.1,0.0,0.0,0.0
nonelderly_childless_hh,percentiles_96_99,2014,0.1,0.1,0.0,0.0,0.0
nonelderly_childless_hh,percentiles_96_99,2015,0.2,0.1,0.0,0.0,0.0
nonelderly_childless_hh,percentiles_96_99,2016,0.2,0.1,0.0,0.0,0.0
nonelderly_childless_hh,percentiles_96_99,2017,0.1,0.1,0.0,0.0,0.0
nonelderly_childless_hh,top_1_percent,1979,0.0,0.0,0.0,0.0,0.0
nonelderly_childless_hh,top_1_percent,1980,0.0,0.0,0.0,0.0,0.0
nonelderly_childless_hh,top_1_percent,1981,0.0,0.0,0.0,0.0,0.0
nonelderly_childless_hh,top_1_percent,1982,0.0,0.0,0.0,0.0,0.0
nonelderly_childless_hh,top_1_percent,1983,0.0,0.0,0.0,0.0,0.0
nonelderly_childless_hh,top_1_percent,1984,0.0,0.0,0.0,0.0,0.0
nonelderly_childless_hh,top_1_percent,1985,0.0,0.0,0.0,0.0,0.0
nonelderly_childless_hh,top_1_percent,1986,0.0,0.0,0.0,0.0,0.0
nonelderly_childless_hh,top_1_percent,1987,0.0,0.0,0.0,0.0,0.0
nonelderly_childless_hh,top_1_percent,1988,0.0,0.0,0.0,0.0,0.0
nonelderly_childless_hh,top_1_percent,1989,0.0,0.0,0.0,0.0,0.0
nonelderly_childless_hh,top_1_percent,1990,0.0,0.0,0.0,0.0,0.0
nonelderly_childless_hh,top_1_percent,1991,0.0,0.0,0.0,0.0,0.0
nonelderly_childless_hh,top_1_percent,1992,0.0,0.0,0.0,0.0,0.0
nonelderly_childless_hh,top_1_percent,1993,0.0,0.0,0.0,0.0,0.0
nonelderly_childless_hh,top_1_percent,1994,0.0,0.0,0.0,0.0,0.0
nonelderly_childless_hh,top_1_percent,1995,0.0,0.0,0.0,0.0,0.0
nonelderly_childless_hh,top_1_percent,1996,0.0,0.0,0.0,0.0,0.0
nonelderly_childless_hh,top_1_percent,1997,0.0,0.0,0.0,0.0,0.0
nonelderly_childless_hh,top_1_percent,1998,0.0,0.0,0.0,0.0,0.0
nonelderly_childless_hh,top_1_percent,1999,0.0,0.0,0.0,0.0,0.0
nonelderly_childless_hh,top_1_percent,2000,0.0,0.0,0.0,0.0,0.0
nonelderly_childless_hh,top_1_percent,2001,0.0,0.0,0.0,0.0,0.0
nonelderly_childless_hh,top_1_percent,2002,0.0,0.0,0.0,0.0,0.0
nonelderly_childless_hh,top_1_percent,2003,0.0,0.0,0.0,0.0,0.0
nonelderly_childless_hh,top_1_percent,2004,0.0,0.0,0.0,0.0,0.0
nonelderly_childless_hh,top_1_percent,2005,0.0,0.0,0.0,0.0,0.0
nonelderly_childless_hh,top_1_percent,2006,0.0,0.0,0.0,0.0,0.0
nonelderly_childless_hh,top_1_percent,2007,0.0,0.0,0.0,0.0,0.0
nonelderly_childless_hh,top_1_percent,2008,0.0,0.0,0.0,0.0,0.0
nonelderly_childless_hh,top_1_percent,2009,0.0,0.0,0.0,0.0,0.0
nonelderly_childless_hh,top_1_percent,2010,0.0,0.0,0.0,0.0,0.0
nonelderly_childless_hh,top_1_percent,2011,0.0,0.0,0.0,0.0,0.0
nonelderly_childless_hh,top_1_percent,2012,0.0,0.0,0.0,0.0,0.0
nonelderly_childless_hh,top_1_percent,2013,0.0,0.0,0.0,0.0,0.0
nonelderly_childless_hh,top_1_percent,2014,0.0,0.0,0.0,0.0,0.0
nonelderly_childless_hh,top_1_percent,2015,0.0,0.0,0.0,0.0,0.0
nonelderly_childless_hh,top_1_percent,2016,0.0,0.0,0.0,0.0,0.0
nonelderly_childless_hh,top_1_percent,2017,0.1,0.1,0.0,0.0,0.0
