household_type,income_group,year,market_inc,inc_before_transfers_taxes,inc_after_transfers_taxes
all_households,all_quintiles,1979,100.0,100.0,100.0
all_households,all_quintiles,1980,100.0,100.0,100.0
all_households,all_quintiles,1981,100.0,100.0,100.0
all_households,all_quintiles,1982,100.0,100.0,100.0
all_households,all_quintiles,1983,100.0,100.0,100.0
all_households,all_quintiles,1984,100.0,100.0,100.0
all_households,all_quintiles,1985,100.0,100.0,100.0
all_households,all_quintiles,1986,100.0,100.0,100.0
all_households,all_quintiles,1987,100.0,100.0,100.0
all_households,all_quintiles,1988,100.0,100.0,100.0
all_households,all_quintiles,1989,100.0,100.0,100.0
all_households,all_quintiles,1990,100.0,100.0,100.0
all_households,all_quintiles,1991,100.0,100.0,100.0
all_households,all_quintiles,1992,100.0,100.0,100.0
all_households,all_quintiles,1993,100.0,100.0,100.0
all_households,all_quintiles,1994,100.0,100.0,100.0
all_households,all_quintiles,1995,100.0,100.0,100.0
all_households,all_quintiles,1996,100.0,100.0,100.0
all_households,all_quintiles,1997,100.0,100.0,100.0
all_households,all_quintiles,1998,100.0,100.0,100.0
all_households,all_quintiles,1999,100.0,100.0,100.0
all_households,all_quintiles,2000,100.0,100.0,100.0
all_households,all_quintiles,2001,100.0,100.0,100.0
all_households,all_quintiles,2002,100.0,100.0,100.0
all_households,all_quintiles,2003,100.0,100.0,100.0
all_households,all_quintiles,2004,100.0,100.0,100.0
all_households,all_quintiles,2005,100.0,100.0,100.0
all_households,all_quintiles,2006,100.0,100.0,100.0
all_households,all_quintiles,2007,100.0,100.0,100.0
all_households,all_quintiles,2008,100.0,100.0,100.0
all_households,all_quintiles,2009,100.0,100.0,100.0
all_households,all_quintiles,2010,100.0,100.0,100.0
all_households,all_quintiles,2011,100.0,100.0,100.0
all_households,all_quintiles,2012,100.0,100.0,100.0
all_households,all_quintiles,2013,100.0,100.0,100.0
all_households,all_quintiles,2014,100.0,100.0,100.0
all_households,all_quintiles,2015,100.0,100.0,100.0
all_households,all_quintiles,2016,100.0,100.0,100.0
all_households,all_quintiles,2017,100.0,100.0,100.0
all_households,lowest_quintile,1979,3.5,5.0,7.8
all_households,lowest_quintile,1980,3.4,4.9,7.8
all_households,lowest_quintile,1981,3.3,4.7,7.5
all_households,lowest_quintile,1982,3.2,4.4,7.1
all_households,lowest_quintile,1983,3.1,4.1,6.6
all_households,lowest_quintile,1984,3.3,4.3,6.7
all_households,lowest_quintile,1985,3.1,4.1,6.6
all_households,lowest_quintile,1986,2.9,3.9,6.2
all_households,lowest_quintile,1987,2.8,3.7,6.2
all_households,lowest_quintile,1988,2.7,3.7,6.2
all_households,lowest_quintile,1989,2.9,3.8,6.3
all_households,lowest_quintile,1990,3.0,3.9,6.6
all_households,lowest_quintile,1991,3.1,4.0,7.0
all_households,lowest_quintile,1992,3.0,3.8,6.8
all_households,lowest_quintile,1993,3.0,3.8,7.0
all_households,lowest_quintile,1994,3.0,3.7,7.0
all_households,lowest_quintile,1995,3.2,4.0,7.3
all_households,lowest_quintile,1996,3.1,3.8,6.9
all_households,lowest_quintile,1997,3.2,3.9,6.8
all_households,lowest_quintile,1998,3.3,4.0,6.9
all_households,lowest_quintile,1999,3.2,4.0,6.7
all_households,lowest_quintile,2000,3.1,3.8,6.6
all_households,lowest_quintile,2001,3.2,3.9,6.8
all_households,lowest_quintile,2002,3.3,4.0,7.1
all_households,lowest_quintile,2003,3.2,3.9,7.0
all_households,lowest_quintile,2004,3.1,3.8,6.8
all_households,lowest_quintile,2005,3.0,3.7,6.6
all_households,lowest_quintile,2006,3.1,3.6,6.4
all_households,lowest_quintile,2007,3.3,3.9,6.6
all_households,lowest_quintile,2008,3.4,4.0,7.1
all_households,lowest_quintile,2009,3.4,3.9,7.2
all_households,lowest_quintile,2010,3.3,3.8,7.2
all_households,lowest_quintile,2011,3.4,3.9,7.3
all_households,lowest_quintile,2012,3.1,3.6,6.8
all_households,lowest_quintile,2013,3.3,3.8,7.2
all_households,lowest_quintile,2014,3.1,3.6,7.3
all_households,lowest_quintile,2015,3.2,3.7,7.5
all_households,lowest_quintile,2016,3.2,3.8,7.7
all_households,lowest_quintile,2017,3.1,3.7,7.5
all_households,second_quintile,1979,10.0,11.2,12.3
all_households,second_quintile,1980,9.7,11.0,12.2
all_households,second_quintile,1981,9.6,10.9,12.1
all_households,second_quintile,1982,9.2,10.7,11.7
all_households,second_quintile,1983,8.9,10.5,11.3
all_households,second_quintile,1984,9.1,10.4,11.3
all_households,second_quintile,1985,8.9,10.2,11.0
all_households,second_quintile,1986,8.3,9.7,10.5
all_households,second_quintile,1987,8.5,10.1,11.1
all_households,second_quintile,1988,8.4,9.8,10.8
all_households,second_quintile,1989,8.5,9.9,10.9
all_households,second_quintile,1990,8.7,10.1,11.1
all_households,second_quintile,1991,8.6,10.1,11.2
all_households,second_quintile,1992,8.3,9.9,11.2
all_households,second_quintile,1993,8.2,10.0,11.3
all_households,second_quintile,1994,8.1,9.9,11.3
all_households,second_quintile,1995,8.2,9.9,11.3
all_households,second_quintile,1996,8.0,9.6,11.0
all_households,second_quintile,1997,7.8,9.3,10.7
all_households,second_quintile,1998,7.8,9.1,10.6
all_households,second_quintile,1999,7.7,8.9,10.4
all_households,second_quintile,2000,7.6,8.8,10.3
all_households,second_quintile,2001,7.8,9.2,10.8
all_households,second_quintile,2002,7.9,9.4,11.1
all_households,second_quintile,2003,7.6,9.2,10.9
all_households,second_quintile,2004,7.5,9.0,10.8
all_households,second_quintile,2005,7.2,8.6,10.3
all_households,second_quintile,2006,7.0,8.5,10.2
all_households,second_quintile,2007,7.3,8.6,10.2
all_households,second_quintile,2008,7.5,9.0,10.9
all_households,second_quintile,2009,7.6,9.4,11.4
all_households,second_quintile,2010,7.3,9.1,11.2
all_households,second_quintile,2011,7.3,9.1,11.1
all_households,second_quintile,2012,6.8,8.5,10.6
all_households,second_quintile,2013,7.1,8.8,11.0
all_households,second_quintile,2014,7.0,8.6,10.9
all_households,second_quintile,2015,7.0,8.7,11.0
all_households,second_quintile,2016,7.3,8.9,11.1
all_households,second_quintile,2017,7.0,8.7,10.9
all_households,middle_quintile,1979,15.9,16.0,16.4
all_households,middle_quintile,1980,15.8,16.0,16.4
all_households,middle_quintile,1981,15.8,16.1,16.4
all_households,middle_quintile,1982,15.6,15.9,16.1
all_households,middle_quintile,1983,15.2,15.7,16.0
all_households,middle_quintile,1984,15.2,15.6,15.8
all_households,middle_quintile,1985,15.0,15.4,15.7
all_households,middle_quintile,1986,14.3,14.9,15.2
all_households,middle_quintile,1987,14.9,15.6,16.0
all_households,middle_quintile,1988,14.5,15.1,15.5
all_households,middle_quintile,1989,14.6,15.2,15.6
all_households,middle_quintile,1990,14.6,15.2,15.6
all_households,middle_quintile,1991,14.8,15.6,16.0
all_households,middle_quintile,1992,14.5,15.3,15.7
all_households,middle_quintile,1993,14.5,15.3,15.8
all_households,middle_quintile,1994,14.6,15.3,15.8
all_households,middle_quintile,1995,14.3,15.1,15.6
all_households,middle_quintile,1996,14.0,14.7,15.4
all_households,middle_quintile,1997,13.7,14.4,15.0
all_households,middle_quintile,1998,13.4,14.2,14.8
all_households,middle_quintile,1999,13.1,13.8,14.6
all_households,middle_quintile,2000,12.9,13.6,14.5
all_households,middle_quintile,2001,13.5,14.3,15.1
all_households,middle_quintile,2002,13.6,14.6,15.4
all_households,middle_quintile,2003,13.4,14.4,15.2
all_households,middle_quintile,2004,13.1,14.0,14.8
all_households,middle_quintile,2005,12.6,13.5,14.3
all_households,middle_quintile,2006,12.4,13.3,14.2
all_households,middle_quintile,2007,12.3,13.2,14.0
all_households,middle_quintile,2008,12.8,13.9,14.8
all_households,middle_quintile,2009,13.2,14.5,15.4
all_households,middle_quintile,2010,12.7,14.2,15.1
all_households,middle_quintile,2011,12.7,14.0,14.9
all_households,middle_quintile,2012,12.1,13.5,14.4
all_households,middle_quintile,2013,12.6,13.9,14.9
all_households,middle_quintile,2014,12.3,13.4,14.5
all_households,middle_quintile,2015,12.4,13.6,14.6
all_households,middle_quintile,2016,12.4,13.6,14.7
all_households,middle_quintile,2017,12.3,13.5,14.5
all_households,fourth_quintile,1979,22.9,22.4,22.1
all_households,fourth_quintile,1980,23.0,22.4,22.0
all_households,fourth_quintile,1981,23.0,22.5,22.0
all_households,fourth_quintile,1982,22.9,22.5,22.0
all_households,fourth_quintile,1983,22.9,22.5,22.0
all_households,fourth_quintile,1984,22.7,22.4,22.0
all_households,fourth_quintile,1985,22.4,22.1,21.7
all_households,fourth_quintile,1986,21.5,21.4,21.0
all_households,fourth_quintile,1987,22.7,22.4,22.2
all_households,fourth_quintile,1988,22.1,21.8,21.6
all_households,fourth_quintile,1989,22.2,21.9,21.6
all_households,fourth_quintile,1990,22.2,22.0,21.7
all_households,fourth_quintile,1991,22.4,22.1,21.8
all_households,fourth_quintile,1992,22.0,21.9,21.6
all_households,fourth_quintile,1993,22.2,22.0,21.8
all_households,fourth_quintile,1994,22.3,22.0,21.8
all_households,fourth_quintile,1995,21.8,21.7,21.5
all_households,fourth_quintile,1996,21.4,21.3,21.2
all_households,fourth_quintile,1997,20.7,20.7,20.8
all_households,fourth_quintile,1998,20.5,20.5,20.5
all_households,fourth_quintile,1999,20.2,20.2,20.2
all_households,fourth_quintile,2000,19.9,19.9,19.9
all_households,fourth_quintile,2001,21.0,21.0,20.9
all_households,fourth_quintile,2002,21.3,21.3,21.2
all_households,fourth_quintile,2003,21.1,21.1,20.9
all_households,fourth_quintile,2004,20.5,20.5,20.4
all_households,fourth_quintile,2005,19.8,19.9,19.8
all_households,fourth_quintile,2006,19.4,19.6,19.7
all_households,fourth_quintile,2007,19.1,19.3,19.3
all_households,fourth_quintile,2008,20.2,20.4,20.3
all_households,fourth_quintile,2009,21.1,21.5,21.2
all_households,fourth_quintile,2010,20.5,20.9,20.7
all_households,fourth_quintile,2011,20.6,20.9,20.7
all_households,fourth_quintile,2012,19.7,20.1,20.1
all_households,fourth_quintile,2013,20.3,20.7,20.7
all_households,fourth_quintile,2014,20.0,20.3,20.3
all_households,fourth_quintile,2015,19.9,20.3,20.2
all_households,fourth_quintile,2016,20.1,20.5,20.3
all_households,fourth_quintile,2017,20.0,20.3,20.1
all_households,highest_quintile,1979,47.9,45.6,41.8
all_households,highest_quintile,1980,48.5,46.0,42.1
all_households,highest_quintile,1981,48.8,46.2,42.6
all_households,highest_quintile,1982,49.7,47.0,43.8
all_households,highest_quintile,1983,50.7,47.9,44.7
all_households,highest_quintile,1984,50.5,48.0,45.0
all_households,highest_quintile,1985,51.4,48.8,45.9
all_households,highest_quintile,1986,53.6,50.8,47.9
all_households,highest_quintile,1987,51.9,49.0,45.4
all_households,highest_quintile,1988,53.2,50.4,46.9
all_households,highest_quintile,1989,52.7,50.0,46.5
all_households,highest_quintile,1990,52.3,49.5,46.0
all_households,highest_quintile,1991,52.1,49.0,45.2
all_households,highest_quintile,1992,53.2,49.9,45.8
all_households,highest_quintile,1993,53.0,49.8,45.2
all_households,highest_quintile,1994,52.9,49.8,45.0
all_households,highest_quintile,1995,53.3,50.2,45.3
all_households,highest_quintile,1996,54.3,51.3,46.4
all_households,highest_quintile,1997,55.3,52.4,47.6
all_households,highest_quintile,1998,55.7,52.9,48.0
all_households,highest_quintile,1999,56.5,53.7,48.8
all_households,highest_quintile,2000,57.2,54.4,49.4
all_households,highest_quintile,2001,55.4,52.3,47.2
all_households,highest_quintile,2002,54.8,51.4,46.2
all_households,highest_quintile,2003,55.6,52.1,47.0
all_households,highest_quintile,2004,56.8,53.4,48.2
all_households,highest_quintile,2005,58.2,55.0,49.7
all_households,highest_quintile,2006,58.8,55.6,50.4
all_households,highest_quintile,2007,58.9,55.7,50.8
all_households,highest_quintile,2008,57.4,53.9,48.4
all_households,highest_quintile,2009,56.4,52.3,46.5
all_households,highest_quintile,2010,57.7,53.4,47.4
all_households,highest_quintile,2011,57.6,53.5,47.6
all_households,highest_quintile,2012,59.8,55.6,49.6
all_households,highest_quintile,2013,58.2,54.2,47.8
all_households,highest_quintile,2014,59.2,55.3,48.5
all_households,highest_quintile,2015,58.9,55.0,48.2
all_households,highest_quintile,2016,58.4,54.4,47.6
all_households,highest_quintile,2017,59.1,55.2,48.6
all_households,percentiles_81_90,1979,15.9,15.3,14.6
all_households,percentiles_81_90,1980,16.1,15.4,14.7
all_households,percentiles_81_90,1981,16.2,15.5,14.7
all_households,percentiles_81_90,1982,16.4,15.7,14.9
all_households,percentiles_81_90,1983,16.3,15.7,14.9
all_households,percentiles_81_90,1984,16.1,15.5,14.9
all_households,percentiles_81_90,1985,16.1,15.5,14.8
all_households,percentiles_81_90,1986,15.6,15.0,14.3
all_households,percentiles_81_90,1987,16.3,15.7,15.0
all_households,percentiles_81_90,1988,15.9,15.3,14.7
all_households,percentiles_81_90,1989,15.9,15.3,14.7
all_households,percentiles_81_90,1990,15.9,15.3,14.6
all_households,percentiles_81_90,1991,16.1,15.4,14.7
all_households,percentiles_81_90,1992,16.0,15.3,14.6
all_households,percentiles_81_90,1993,16.1,15.4,14.7
all_households,percentiles_81_90,1994,16.0,15.4,14.7
all_households,percentiles_81_90,1995,15.8,15.2,14.5
all_households,percentiles_81_90,1996,15.6,15.0,14.4
all_households,percentiles_81_90,1997,15.4,14.9,14.3
all_households,percentiles_81_90,1998,15.1,14.7,14.1
all_households,percentiles_81_90,1999,14.9,14.4,13.9
all_households,percentiles_81_90,2000,14.6,14.3,13.7
all_households,percentiles_81_90,2001,15.4,14.8,14.2
all_households,percentiles_81_90,2002,15.7,15.1,14.3
all_households,percentiles_81_90,2003,15.8,15.1,14.4
all_households,percentiles_81_90,2004,15.2,14.7,14.0
all_households,percentiles_81_90,2005,14.7,14.3,13.7
all_households,percentiles_81_90,2006,14.6,14.1,13.6
all_households,percentiles_81_90,2007,14.3,14.0,13.4
all_households,percentiles_81_90,2008,15.1,14.6,13.9
all_households,percentiles_81_90,2009,16.0,15.3,14.5
all_households,percentiles_81_90,2010,15.6,15.0,14.2
all_households,percentiles_81_90,2011,15.6,15.0,14.2
all_households,percentiles_81_90,2012,15.1,14.6,13.9
all_households,percentiles_81_90,2013,15.6,15.1,14.4
all_households,percentiles_81_90,2014,15.2,14.8,14.0
all_households,percentiles_81_90,2015,15.2,14.8,13.9
all_households,percentiles_81_90,2016,15.5,14.9,14.1
all_households,percentiles_81_90,2017,15.3,14.8,14.0
all_households,percentiles_91_95,1979,10.4,9.9,9.3
all_households,percentiles_91_95,1980,10.5,10.0,9.3
all_households,percentiles_91_95,1981,10.6,10.1,9.4
all_households,percentiles_91_95,1982,10.7,10.1,9.5
all_households,percentiles_91_95,1983,10.7,10.1,9.6
all_households,percentiles_91_95,1984,10.5,10.1,9.5
all_households,percentiles_91_95,1985,10.6,10.1,9.6
all_households,percentiles_91_95,1986,10.4,9.9,9.4
all_households,percentiles_91_95,1987,10.7,10.2,9.6
all_households,percentiles_91_95,1988,10.4,9.9,9.4
all_households,percentiles_91_95,1989,10.6,10.1,9.5
all_households,percentiles_91_95,1990,10.6,10.1,9.5
all_households,percentiles_91_95,1991,10.8,10.2,9.5
all_households,percentiles_91_95,1992,10.7,10.1,9.5
all_households,percentiles_91_95,1993,10.8,10.2,9.6
all_households,percentiles_91_95,1994,10.8,10.2,9.5
all_households,percentiles_91_95,1995,10.7,10.2,9.5
all_households,percentiles_91_95,1996,10.6,10.1,9.5
all_households,percentiles_91_95,1997,10.6,10.1,9.5
all_households,percentiles_91_95,1998,10.4,10.0,9.3
all_households,percentiles_91_95,1999,10.3,9.9,9.3
all_households,percentiles_91_95,2000,10.2,9.8,9.2
all_households,percentiles_91_95,2001,10.6,10.1,9.4
all_households,percentiles_91_95,2002,10.8,10.2,9.4
all_households,percentiles_91_95,2003,10.7,10.2,9.4
all_households,percentiles_91_95,2004,10.5,10.0,9.2
all_households,percentiles_91_95,2005,10.3,9.9,9.2
all_households,percentiles_91_95,2006,10.3,9.8,9.2
all_households,percentiles_91_95,2007,10.1,9.7,9.1
all_households,percentiles_91_95,2008,10.6,10.0,9.2
all_households,percentiles_91_95,2009,11.1,10.4,9.5
all_households,percentiles_91_95,2010,10.9,10.2,9.3
all_households,percentiles_91_95,2011,11.0,10.3,9.5
all_households,percentiles_91_95,2012,10.7,10.1,9.3
all_households,percentiles_91_95,2013,11.0,10.3,9.5
all_households,percentiles_91_95,2014,10.9,10.3,9.5
all_households,percentiles_91_95,2015,10.9,10.3,9.4
all_households,percentiles_91_95,2016,11.0,10.3,9.4
all_households,percentiles_91_95,2017,10.9,10.3,9.4
all_households,percentiles_96_99,1979,12.0,11.5,10.5
all_households,percentiles_96_99,1980,12.3,11.6,10.6
all_households,percentiles_96_99,1981,12.3,11.7,10.7
all_households,percentiles_96_99,1982,12.4,11.7,10.8
all_households,percentiles_96_99,1983,12.6,11.9,11.1
all_households,percentiles_96_99,1984,12.4,11.8,11.1
all_households,percentiles_96_99,1985,12.6,11.9,11.2
all_households,percentiles_96_99,1986,12.8,12.1,11.4
all_households,percentiles_96_99,1987,12.9,12.1,11.2
all_households,percentiles_96_99,1988,12.7,12.0,11.2
all_households,percentiles_96_99,1989,13.0,12.2,11.4
all_households,percentiles_96_99,1990,12.9,12.2,11.3
all_households,percentiles_96_99,1991,13.1,12.3,11.3
all_households,percentiles_96_99,1992,13.3,12.4,11.3
all_households,percentiles_96_99,1993,13.3,12.4,11.3
all_households,percentiles_96_99,1994,13.2,12.4,11.3
all_households,percentiles_96_99,1995,13.4,12.5,11.4
all_households,percentiles_96_99,1996,13.4,12.6,11.4
all_households,percentiles_96_99,1997,13.5,12.7,11.6
all_households,percentiles_96_99,1998,13.5,12.7,11.6
all_households,percentiles_96_99,1999,13.6,12.9,11.7
all_households,percentiles_96_99,2000,13.5,12.9,11.6
all_households,percentiles_96_99,2001,13.5,12.7,11.5
all_households,percentiles_96_99,2002,13.7,12.8,11.5
all_households,percentiles_96_99,2003,13.7,12.8,11.4
all_households,percentiles_96_99,2004,13.6,12.7,11.4
all_households,percentiles_96_99,2005,13.8,13.0,11.7
all_households,percentiles_96_99,2006,13.9,13.1,11.8
all_households,percentiles_96_99,2007,13.8,13.0,11.7
all_households,percentiles_96_99,2008,13.8,12.9,11.4
all_households,percentiles_96_99,2009,14.0,12.8,11.3
all_households,percentiles_96_99,2010,14.0,12.9,11.3
all_households,percentiles_96_99,2011,14.2,13.0,11.5
all_households,percentiles_96_99,2012,14.2,13.1,11.6
all_households,percentiles_96_99,2013,14.4,13.3,11.7
all_households,percentiles_96_99,2014,14.5,13.5,11.8
all_households,percentiles_96_99,2015,14.4,13.3,11.7
all_households,percentiles_96_99,2016,14.4,13.3,11.6
all_households,percentiles_96_99,2017,14.5,13.4,11.7
all_households,top_1_percent,1979,9.6,9.0,7.4
all_households,top_1_percent,1980,9.6,9.0,7.5
all_households,top_1_percent,1981,9.7,9.0,7.8
all_households,top_1_percent,1982,10.3,9.5,8.5
all_households,top_1_percent,1983,11.1,10.2,9.1
all_households,top_1_percent,1984,11.4,10.6,9.5
all_households,top_1_percent,1985,12.2,11.3,10.3
all_households,top_1_percent,1986,14.8,13.8,12.8
all_households,top_1_percent,1987,11.9,11.1,9.6
all_households,top_1_percent,1988,14.2,13.2,11.7
all_households,top_1_percent,1989,13.3,12.3,11.0
all_households,top_1_percent,1990,12.9,12.0,10.7
all_households,top_1_percent,1991,12.1,11.1,9.7
all_households,top_1_percent,1992,13.2,12.1,10.5
all_households,top_1_percent,1993,12.8,11.7,9.7
all_households,top_1_percent,1994,12.9,11.8,9.6
all_households,top_1_percent,1995,13.4,12.3,9.9
all_households,top_1_percent,1996,14.8,13.6,11.0
all_households,top_1_percent,1997,15.9,14.7,12.2
all_households,top_1_percent,1998,16.8,15.5,13.1
all_households,top_1_percent,1999,17.7,16.5,13.9
all_households,top_1_percent,2000,18.8,17.5,14.9
all_households,top_1_percent,2001,15.8,14.6,12.2
all_households,top_1_percent,2002,14.5,13.3,11.0
all_households,top_1_percent,2003,15.4,14.1,11.7
all_households,top_1_percent,2004,17.4,16.0,13.5
all_households,top_1_percent,2005,19.4,17.9,15.1
all_households,top_1_percent,2006,20.1,18.6,15.8
all_households,top_1_percent,2007,20.7,19.1,16.6
all_households,top_1_percent,2008,18.0,16.4,13.9
all_households,top_1_percent,2009,15.3,13.7,11.3
all_households,top_1_percent,2010,17.1,15.3,12.6
all_households,top_1_percent,2011,16.8,15.1,12.5
all_households,top_1_percent,2012,19.8,17.8,14.9
all_households,top_1_percent,2013,17.1,15.4,12.2
all_households,top_1_percent,2014,18.5,16.7,13.3
all_households,top_1_percent,2015,18.4,16.6,13.2
all_households,top_1_percent,2016,17.5,15.8,12.5
all_households,top_1_percent,2017,18.4,16.7,13.5
hh_with_children,all_quintiles,1979,100.0,100.0,100.0
hh_with_children,all_quintiles,1980,100.0,100.0,100.0
hh_with_children,all_quintiles,1981,100.0,100.0,100.0
hh_with_children,all_quintiles,1982,100.0,100.0,100.0
hh_with_children,all_quintiles,1983,100.0,100.0,100.0
hh_with_children,all_quintiles,1984,100.0,100.0,100.0
hh_with_children,all_quintiles,1985,100.0,100.0,100.0
hh_with_children,all_quintiles,1986,100.0,100.0,100.0
hh_with_children,all_quintiles,1987,100.0,100.0,100.0
hh_with_children,all_quintiles,1988,100.0,100.0,100.0
hh_with_children,all_quintiles,1989,100.0,100.0,100.0
hh_with_children,all_quintiles,1990,100.0,100.0,100.0
hh_with_children,all_quintiles,1991,100.0,100.0,100.0
hh_with_children,all_quintiles,1992,100.0,100.0,100.0
hh_with_children,all_quintiles,1993,100.0,100.0,100.0
hh_with_children,all_quintiles,1994,100.0,100.0,100.0
hh_with_children,all_quintiles,1995,100.0,100.0,100.0
hh_with_children,all_quintiles,1996,100.0,100.0,100.0
hh_with_children,all_quintiles,1997,100.0,100.0,100.0
hh_with_children,all_quintiles,1998,100.0,100.0,100.0
hh_with_children,all_quintiles,1999,100.0,100.0,100.0
hh_with_children,all_quintiles,2000,100.0,100.0,100.0
hh_with_children,all_quintiles,2001,100.0,100.0,100.0
hh_with_children,all_quintiles,2002,100.0,100.0,100.0
hh_with_children,all_quintiles,2003,100.0,100.0,100.0
hh_with_children,all_quintiles,2004,100.0,100.0,100.0
hh_with_children,all_quintiles,2005,100.0,100.0,100.0
hh_with_children,all_quintiles,2006,100.0,100.0,100.0
hh_with_children,all_quintiles,2007,100.0,100.0,100.0
hh_with_children,all_quintiles,2008,100.0,100.0,100.0
hh_with_children,all_quintiles,2009,100.0,100.0,100.0
hh_with_children,all_quintiles,2010,100.0,100.0,100.0
hh_with_children,all_quintiles,2011,100.0,100.0,100.0
hh_with_children,all_quintiles,2012,100.0,100.0,100.0
hh_with_children,all_quintiles,2013,100.0,100.0,100.0
hh_with_children,all_quintiles,2014,100.0,100.0,100.0
hh_with_children,all_quintiles,2015,100.0,100.0,100.0
hh_with_children,all_quintiles,2016,100.0,100.0,100.0
hh_with_children,all_quintiles,2017,100.0,100.0,100.0
hh_with_children,lowest_quintile,1979,4.9,5.3,8.8
hh_with_children,lowest_quintile,1980,4.9,5.4,9.1
hh_with_children,lowest_quintile,1981,5.0,5.4,9.2
hh_with_children,lowest_quintile,1982,4.9,5.4,9.2
hh_with_children,lowest_quintile,1983,4.7,5.3,9.1
hh_with_children,lowest_quintile,1984,4.9,5.3,8.6
hh_with_children,lowest_quintile,1985,4.7,5.2,8.7
hh_with_children,lowest_quintile,1986,4.4,4.9,8.3
hh_with_children,lowest_quintile,1987,4.3,4.7,8.7
hh_with_children,lowest_quintile,1988,4.3,4.8,8.7
hh_with_children,lowest_quintile,1989,4.5,5.0,8.9
hh_with_children,lowest_quintile,1990,4.8,5.2,9.5
hh_with_children,lowest_quintile,1991,5.0,5.4,10.2
hh_with_children,lowest_quintile,1992,4.9,5.4,10.3
hh_with_children,lowest_quintile,1993,4.9,5.4,10.5
hh_with_children,lowest_quintile,1994,4.8,5.2,10.4
hh_with_children,lowest_quintile,1995,5.0,5.4,10.5
hh_with_children,lowest_quintile,1996,5.1,5.5,10.4
hh_with_children,lowest_quintile,1997,5.2,5.6,10.0
hh_with_children,lowest_quintile,1998,5.4,5.7,9.9
hh_with_children,lowest_quintile,1999,5.0,5.3,9.2
hh_with_children,lowest_quintile,2000,4.9,5.2,9.0
hh_with_children,lowest_quintile,2001,5.0,5.4,9.3
hh_with_children,lowest_quintile,2002,5.2,5.6,9.8
hh_with_children,lowest_quintile,2003,5.0,5.4,9.6
hh_with_children,lowest_quintile,2004,4.7,5.1,9.2
hh_with_children,lowest_quintile,2005,4.8,5.1,9.3
hh_with_children,lowest_quintile,2006,4.9,5.2,9.2
hh_with_children,lowest_quintile,2007,5.1,5.4,9.4
hh_with_children,lowest_quintile,2008,5.2,5.5,10.0
hh_with_children,lowest_quintile,2009,5.2,5.7,10.7
hh_with_children,lowest_quintile,2010,5.0,5.5,10.8
hh_with_children,lowest_quintile,2011,5.2,5.6,10.7
hh_with_children,lowest_quintile,2012,4.8,5.2,10.2
hh_with_children,lowest_quintile,2013,5.0,5.3,10.6
hh_with_children,lowest_quintile,2014,4.8,5.1,10.7
hh_with_children,lowest_quintile,2015,5.0,5.2,11.0
hh_with_children,lowest_quintile,2016,5.1,5.4,11.2
hh_with_children,lowest_quintile,2017,4.9,5.2,10.8
hh_with_children,second_quintile,1979,13.2,13.5,14.2
hh_with_children,second_quintile,1980,13.1,13.5,14.3
hh_with_children,second_quintile,1981,13.2,13.5,14.3
hh_with_children,second_quintile,1982,13.0,13.5,14.1
hh_with_children,second_quintile,1983,12.7,13.1,13.6
hh_with_children,second_quintile,1984,12.5,12.8,13.3
hh_with_children,second_quintile,1985,12.7,13.1,13.6
hh_with_children,second_quintile,1986,11.9,12.3,12.8
hh_with_children,second_quintile,1987,11.8,12.1,12.7
hh_with_children,second_quintile,1988,11.7,12.1,12.6
hh_with_children,second_quintile,1989,11.5,11.8,12.4
hh_with_children,second_quintile,1990,12.5,12.8,13.3
hh_with_children,second_quintile,1991,12.1,12.5,13.2
hh_with_children,second_quintile,1992,11.8,12.3,13.2
hh_with_children,second_quintile,1993,11.6,12.0,13.0
hh_with_children,second_quintile,1994,11.4,11.9,13.0
hh_with_children,second_quintile,1995,11.4,11.8,13.0
hh_with_children,second_quintile,1996,11.5,11.9,13.2
hh_with_children,second_quintile,1997,11.3,11.7,13.0
hh_with_children,second_quintile,1998,11.0,11.4,12.8
hh_with_children,second_quintile,1999,10.7,11.1,12.5
hh_with_children,second_quintile,2000,10.2,10.5,12.0
hh_with_children,second_quintile,2001,10.9,11.3,12.9
hh_with_children,second_quintile,2002,10.7,11.1,12.9
hh_with_children,second_quintile,2003,10.5,11.0,12.8
hh_with_children,second_quintile,2004,10.1,10.5,12.4
hh_with_children,second_quintile,2005,9.8,10.2,12.0
hh_with_children,second_quintile,2006,9.5,9.9,11.7
hh_with_children,second_quintile,2007,9.9,10.3,12.1
hh_with_children,second_quintile,2008,9.9,10.4,12.4
hh_with_children,second_quintile,2009,10.1,10.7,12.9
hh_with_children,second_quintile,2010,9.6,10.2,12.5
hh_with_children,second_quintile,2011,9.6,10.2,12.5
hh_with_children,second_quintile,2012,9.3,9.9,12.2
hh_with_children,second_quintile,2013,9.4,9.9,12.4
hh_with_children,second_quintile,2014,9.3,9.8,12.5
hh_with_children,second_quintile,2015,9.2,9.6,12.4
hh_with_children,second_quintile,2016,9.6,10.1,12.8
hh_with_children,second_quintile,2017,9.4,9.8,12.4
hh_with_children,middle_quintile,1979,20.9,20.9,20.7
hh_with_children,middle_quintile,1980,21.0,21.0,20.8
hh_with_children,middle_quintile,1981,21.0,21.0,20.7
hh_with_children,middle_quintile,1982,21.0,21.0,20.5
hh_with_children,middle_quintile,1983,19.9,20.0,19.6
hh_with_children,middle_quintile,1984,19.8,19.8,19.5
hh_with_children,middle_quintile,1985,19.7,19.7,19.3
hh_with_children,middle_quintile,1986,18.6,18.6,18.3
hh_with_children,middle_quintile,1987,19.1,19.1,18.9
hh_with_children,middle_quintile,1988,19.1,19.1,18.8
hh_with_children,middle_quintile,1989,18.8,18.8,18.6
hh_with_children,middle_quintile,1990,19.2,19.2,18.9
hh_with_children,middle_quintile,1991,18.7,18.8,18.5
hh_with_children,middle_quintile,1992,18.5,18.6,18.2
hh_with_children,middle_quintile,1993,18.3,18.4,18.2
hh_with_children,middle_quintile,1994,18.2,18.3,18.1
hh_with_children,middle_quintile,1995,17.5,17.6,17.5
hh_with_children,middle_quintile,1996,17.5,17.6,17.6
hh_with_children,middle_quintile,1997,17.1,17.2,17.2
hh_with_children,middle_quintile,1998,16.6,16.7,16.9
hh_with_children,middle_quintile,1999,16.2,16.4,16.8
hh_with_children,middle_quintile,2000,15.3,15.4,15.9
hh_with_children,middle_quintile,2001,16.1,16.2,16.7
hh_with_children,middle_quintile,2002,16.1,16.3,16.7
hh_with_children,middle_quintile,2003,15.9,16.1,16.5
hh_with_children,middle_quintile,2004,15.5,15.7,16.1
hh_with_children,middle_quintile,2005,15.2,15.3,15.8
hh_with_children,middle_quintile,2006,14.4,14.6,15.1
hh_with_children,middle_quintile,2007,14.1,14.3,14.8
hh_with_children,middle_quintile,2008,14.6,14.8,15.4
hh_with_children,middle_quintile,2009,15.0,15.3,15.8
hh_with_children,middle_quintile,2010,14.2,14.5,15.1
hh_with_children,middle_quintile,2011,14.4,14.7,15.2
hh_with_children,middle_quintile,2012,13.6,13.9,14.5
hh_with_children,middle_quintile,2013,14.0,14.3,15.1
hh_with_children,middle_quintile,2014,14.2,14.4,15.2
hh_with_children,middle_quintile,2015,13.5,13.8,14.6
hh_with_children,middle_quintile,2016,14.1,14.3,15.1
hh_with_children,middle_quintile,2017,13.8,14.1,14.9
hh_with_children,fourth_quintile,1979,26.4,26.2,25.2
hh_with_children,fourth_quintile,1980,26.2,25.9,24.8
hh_with_children,fourth_quintile,1981,26.6,26.4,25.1
hh_with_children,fourth_quintile,1982,26.8,26.5,25.1
hh_with_children,fourth_quintile,1983,26.0,25.7,24.5
hh_with_children,fourth_quintile,1984,25.3,25.1,24.0
hh_with_children,fourth_quintile,1985,25.6,25.4,24.3
hh_with_children,fourth_quintile,1986,24.5,24.3,23.3
hh_with_children,fourth_quintile,1987,25.7,25.5,24.7
hh_with_children,fourth_quintile,1988,25.0,24.9,24.0
hh_with_children,fourth_quintile,1989,24.8,24.6,23.7
hh_with_children,fourth_quintile,1990,24.9,24.7,23.5
hh_with_children,fourth_quintile,1991,24.8,24.6,23.4
hh_with_children,fourth_quintile,1992,24.5,24.3,23.1
hh_with_children,fourth_quintile,1993,24.4,24.2,23.0
hh_with_children,fourth_quintile,1994,24.3,24.0,22.9
hh_with_children,fourth_quintile,1995,23.3,23.1,22.2
hh_with_children,fourth_quintile,1996,23.3,23.1,22.2
hh_with_children,fourth_quintile,1997,22.5,22.4,21.7
hh_with_children,fourth_quintile,1998,22.0,21.9,21.2
hh_with_children,fourth_quintile,1999,21.4,21.3,20.9
hh_with_children,fourth_quintile,2000,20.7,20.6,20.2
hh_with_children,fourth_quintile,2001,21.5,21.4,20.9
hh_with_children,fourth_quintile,2002,21.9,21.7,21.1
hh_with_children,fourth_quintile,2003,21.9,21.8,21.1
hh_with_children,fourth_quintile,2004,21.1,21.0,20.5
hh_with_children,fourth_quintile,2005,20.8,20.7,20.2
hh_with_children,fourth_quintile,2006,19.7,19.7,19.3
hh_with_children,fourth_quintile,2007,19.4,19.4,19.0
hh_with_children,fourth_quintile,2008,20.4,20.3,19.8
hh_with_children,fourth_quintile,2009,21.6,21.4,20.6
hh_with_children,fourth_quintile,2010,20.3,20.2,19.4
hh_with_children,fourth_quintile,2011,20.5,20.4,19.6
hh_with_children,fourth_quintile,2012,19.8,19.7,19.1
hh_with_children,fourth_quintile,2013,20.3,20.2,19.6
hh_with_children,fourth_quintile,2014,19.7,19.6,18.9
hh_with_children,fourth_quintile,2015,19.3,19.3,18.6
hh_with_children,fourth_quintile,2016,19.7,19.6,18.8
hh_with_children,fourth_quintile,2017,19.6,19.5,18.7
hh_with_children,highest_quintile,1979,35.0,34.5,31.5
hh_with_children,highest_quintile,1980,35.3,34.7,31.6
hh_with_children,highest_quintile,1981,34.9,34.3,31.5
hh_with_children,highest_quintile,1982,35.2,34.4,31.9
hh_with_children,highest_quintile,1983,37.6,36.8,34.1
hh_with_children,highest_quintile,1984,38.4,37.9,35.5
hh_with_children,highest_quintile,1985,38.2,37.5,35.2
hh_with_children,highest_quintile,1986,41.3,40.6,38.2
hh_with_children,highest_quintile,1987,40.2,39.5,36.3
hh_with_children,highest_quintile,1988,40.8,40.1,37.1
hh_with_children,highest_quintile,1989,41.3,40.6,37.5
hh_with_children,highest_quintile,1990,39.5,38.9,35.7
hh_with_children,highest_quintile,1991,40.3,39.5,35.8
hh_with_children,highest_quintile,1992,41.3,40.4,36.4
hh_with_children,highest_quintile,1993,41.9,41.1,36.5
hh_with_children,highest_quintile,1994,42.1,41.4,36.6
hh_with_children,highest_quintile,1995,43.5,42.8,37.7
hh_with_children,highest_quintile,1996,43.3,42.5,37.5
hh_with_children,highest_quintile,1997,44.4,43.7,38.8
hh_with_children,highest_quintile,1998,45.6,44.9,39.8
hh_with_children,highest_quintile,1999,47.1,46.4,41.2
hh_with_children,highest_quintile,2000,49.5,48.8,43.5
hh_with_children,highest_quintile,2001,47.3,46.5,41.1
hh_with_children,highest_quintile,2002,47.0,46.1,40.5
hh_with_children,highest_quintile,2003,47.4,46.5,40.9
hh_with_children,highest_quintile,2004,49.2,48.3,42.6
hh_with_children,highest_quintile,2005,50.2,49.3,43.5
hh_with_children,highest_quintile,2006,52.0,51.2,45.3
hh_with_children,highest_quintile,2007,52.2,51.3,45.6
hh_with_children,highest_quintile,2008,51.3,50.3,43.9
hh_with_children,highest_quintile,2009,49.5,48.1,41.3
hh_with_children,highest_quintile,2010,52.3,50.9,43.7
hh_with_children,highest_quintile,2011,51.7,50.4,43.4
hh_with_children,highest_quintile,2012,53.5,52.3,45.1
hh_with_children,highest_quintile,2013,52.5,51.5,43.8
hh_with_children,highest_quintile,2014,53.2,52.2,44.0
hh_with_children,highest_quintile,2015,54.1,53.1,44.6
hh_with_children,highest_quintile,2016,52.7,51.7,43.5
hh_with_children,highest_quintile,2017,53.4,52.5,44.4
hh_with_children,percentiles_81_90,1979,13.8,13.7,12.9
hh_with_children,percentiles_81_90,1980,14.0,13.8,12.9
hh_with_children,percentiles_81_90,1981,14.0,13.8,12.9
hh_with_children,percentiles_81_90,1982,14.1,13.8,13.0
hh_with_children,percentiles_81_90,1983,14.2,14.0,13.1
hh_with_children,percentiles_81_90,1984,14.1,14.0,13.3
hh_with_children,percentiles_81_90,1985,14.2,14.0,13.2
hh_with_children,percentiles_81_90,1986,13.7,13.5,12.8
hh_with_children,percentiles_81_90,1987,14.1,13.9,13.2
hh_with_children,percentiles_81_90,1988,14.1,13.9,13.2
hh_with_children,percentiles_81_90,1989,13.7,13.5,12.8
hh_with_children,percentiles_81_90,1990,14.0,13.8,12.9
hh_with_children,percentiles_81_90,1991,14.3,14.1,13.1
hh_with_children,percentiles_81_90,1992,14.4,14.1,13.1
hh_with_children,percentiles_81_90,1993,14.4,14.3,13.3
hh_with_children,percentiles_81_90,1994,14.4,14.2,13.3
hh_with_children,percentiles_81_90,1995,14.3,14.1,13.1
hh_with_children,percentiles_81_90,1996,13.6,13.4,12.5
hh_with_children,percentiles_81_90,1997,13.4,13.2,12.4
hh_with_children,percentiles_81_90,1998,13.2,13.0,12.2
hh_with_children,percentiles_81_90,1999,13.2,13.1,12.4
hh_with_children,percentiles_81_90,2000,13.3,13.2,12.5
hh_with_children,percentiles_81_90,2001,13.8,13.7,12.8
hh_with_children,percentiles_81_90,2002,14.1,13.9,13.0
hh_with_children,percentiles_81_90,2003,13.6,13.5,12.6
hh_with_children,percentiles_81_90,2004,13.6,13.5,12.6
hh_with_children,percentiles_81_90,2005,13.1,12.9,12.1
hh_with_children,percentiles_81_90,2006,12.8,12.6,11.9
hh_with_children,percentiles_81_90,2007,12.3,12.2,11.5
hh_with_children,percentiles_81_90,2008,13.3,13.2,12.2
hh_with_children,percentiles_81_90,2009,14.2,14.0,12.8
hh_with_children,percentiles_81_90,2010,13.8,13.6,12.5
hh_with_children,percentiles_81_90,2011,14.1,13.9,12.8
hh_with_children,percentiles_81_90,2012,13.1,12.9,11.9
hh_with_children,percentiles_81_90,2013,13.5,13.3,12.3
hh_with_children,percentiles_81_90,2014,13.3,13.1,12.0
hh_with_children,percentiles_81_90,2015,12.8,12.7,11.6
hh_with_children,percentiles_81_90,2016,13.2,13.1,11.9
hh_with_children,percentiles_81_90,2017,13.1,13.0,11.8
hh_with_children,percentiles_91_95,1979,7.1,7.0,6.6
hh_with_children,percentiles_91_95,1980,7.2,7.1,6.5
hh_with_children,percentiles_91_95,1981,6.9,6.8,6.3
hh_with_children,percentiles_91_95,1982,7.0,6.8,6.4
hh_with_children,percentiles_91_95,1983,7.2,7.0,6.6
hh_with_children,percentiles_91_95,1984,7.4,7.3,6.9
hh_with_children,percentiles_91_95,1985,7.7,7.6,7.1
hh_with_children,percentiles_91_95,1986,7.4,7.2,6.8
hh_with_children,percentiles_91_95,1987,7.6,7.5,7.0
hh_with_children,percentiles_91_95,1988,7.4,7.3,6.8
hh_with_children,percentiles_91_95,1989,7.8,7.7,7.2
hh_with_children,percentiles_91_95,1990,7.6,7.4,6.9
hh_with_children,percentiles_91_95,1991,8.0,7.9,7.2
hh_with_children,percentiles_91_95,1992,7.9,7.8,7.1
hh_with_children,percentiles_91_95,1993,7.8,7.7,7.0
hh_with_children,percentiles_91_95,1994,8.2,8.1,7.4
hh_with_children,percentiles_91_95,1995,7.9,7.8,7.1
hh_with_children,percentiles_91_95,1996,8.0,7.8,7.2
hh_with_children,percentiles_91_95,1997,8.0,7.9,7.3
hh_with_children,percentiles_91_95,1998,7.9,7.8,7.1
hh_with_children,percentiles_91_95,1999,7.9,7.8,7.2
hh_with_children,percentiles_91_95,2000,8.1,8.0,7.4
hh_with_children,percentiles_91_95,2001,8.3,8.2,7.5
hh_with_children,percentiles_91_95,2002,8.9,8.7,7.9
hh_with_children,percentiles_91_95,2003,8.8,8.6,7.8
hh_with_children,percentiles_91_95,2004,8.6,8.5,7.7
hh_with_children,percentiles_91_95,2005,8.3,8.2,7.5
hh_with_children,percentiles_91_95,2006,8.3,8.2,7.5
hh_with_children,percentiles_91_95,2007,7.8,7.7,7.1
hh_with_children,percentiles_91_95,2008,8.7,8.5,7.7
hh_with_children,percentiles_91_95,2009,8.9,8.7,7.7
hh_with_children,percentiles_91_95,2010,8.9,8.6,7.7
hh_with_children,percentiles_91_95,2011,8.8,8.6,7.7
hh_with_children,percentiles_91_95,2012,8.5,8.4,7.5
hh_with_children,percentiles_91_95,2013,9.2,9.0,8.0
hh_with_children,percentiles_91_95,2014,8.6,8.4,7.5
hh_with_children,percentiles_91_95,2015,8.9,8.7,7.7
hh_with_children,percentiles_91_95,2016,9.1,8.9,7.9
hh_with_children,percentiles_91_95,2017,9.1,8.9,7.8
hh_with_children,percentiles_96_99,1979,8.2,8.0,7.3
hh_with_children,percentiles_96_99,1980,8.0,7.8,7.0
hh_with_children,percentiles_96_99,1981,7.5,7.4,6.7
hh_with_children,percentiles_96_99,1982,7.8,7.6,7.0
hh_with_children,percentiles_96_99,1983,8.3,8.1,7.5
hh_with_children,percentiles_96_99,1984,8.5,8.4,7.9
hh_with_children,percentiles_96_99,1985,8.4,8.3,7.8
hh_with_children,percentiles_96_99,1986,8.8,8.6,8.1
hh_with_children,percentiles_96_99,1987,9.2,9.1,8.3
hh_with_children,percentiles_96_99,1988,9.2,9.1,8.4
hh_with_children,percentiles_96_99,1989,9.3,9.2,8.4
hh_with_children,percentiles_96_99,1990,9.5,9.3,8.5
hh_with_children,percentiles_96_99,1991,9.1,8.9,8.0
hh_with_children,percentiles_96_99,1992,9.7,9.5,8.5
hh_with_children,percentiles_96_99,1993,10.1,9.8,8.7
hh_with_children,percentiles_96_99,1994,9.8,9.6,8.5
hh_with_children,percentiles_96_99,1995,10.3,10.1,8.9
hh_with_children,percentiles_96_99,1996,10.3,10.1,8.9
hh_with_children,percentiles_96_99,1997,10.8,10.6,9.4
hh_with_children,percentiles_96_99,1998,10.9,10.7,9.5
hh_with_children,percentiles_96_99,1999,10.8,10.6,9.3
hh_with_children,percentiles_96_99,2000,11.0,10.8,9.6
hh_with_children,percentiles_96_99,2001,10.8,10.6,9.4
hh_with_children,percentiles_96_99,2002,10.9,10.7,9.3
hh_with_children,percentiles_96_99,2003,11.0,10.8,9.4
hh_with_children,percentiles_96_99,2004,11.4,11.2,9.7
hh_with_children,percentiles_96_99,2005,12.1,11.9,10.4
hh_with_children,percentiles_96_99,2006,11.4,11.2,9.8
hh_with_children,percentiles_96_99,2007,11.4,11.2,9.8
hh_with_children,percentiles_96_99,2008,11.7,11.5,9.8
hh_with_children,percentiles_96_99,2009,11.8,11.4,9.7
hh_with_children,percentiles_96_99,2010,11.7,11.4,9.6
hh_with_children,percentiles_96_99,2011,12.3,11.9,10.1
hh_with_children,percentiles_96_99,2012,12.4,12.1,10.3
hh_with_children,percentiles_96_99,2013,12.4,12.1,10.3
hh_with_children,percentiles_96_99,2014,12.6,12.3,10.4
hh_with_children,percentiles_96_99,2015,12.8,12.6,10.6
hh_with_children,percentiles_96_99,2016,13.2,13.0,10.8
hh_with_children,percentiles_96_99,2017,12.7,12.5,10.4
hh_with_children,top_1_percent,1979,5.9,5.8,4.8
hh_with_children,top_1_percent,1980,6.2,6.0,5.1
hh_with_children,top_1_percent,1981,6.5,6.3,5.6
hh_with_children,top_1_percent,1982,6.3,6.2,5.6
hh_with_children,top_1_percent,1983,7.9,7.7,6.9
hh_with_children,top_1_percent,1984,8.5,8.3,7.5
hh_with_children,top_1_percent,1985,7.9,7.7,7.1
hh_with_children,top_1_percent,1986,11.4,11.2,10.4
hh_with_children,top_1_percent,1987,9.2,9.0,7.8
hh_with_children,top_1_percent,1988,10.1,9.8,8.7
hh_with_children,top_1_percent,1989,10.4,10.2,9.1
hh_with_children,top_1_percent,1990,8.5,8.3,7.4
hh_with_children,top_1_percent,1991,8.9,8.6,7.4
hh_with_children,top_1_percent,1992,9.3,9.0,7.7
hh_with_children,top_1_percent,1993,9.6,9.3,7.5
hh_with_children,top_1_percent,1994,9.7,9.5,7.5
hh_with_children,top_1_percent,1995,11.1,10.8,8.5
hh_with_children,top_1_percent,1996,11.5,11.3,8.9
hh_with_children,top_1_percent,1997,12.3,12.0,9.7
hh_with_children,top_1_percent,1998,13.6,13.4,11.0
hh_with_children,top_1_percent,1999,15.2,14.9,12.3
hh_with_children,top_1_percent,2000,17.2,16.9,14.1
hh_with_children,top_1_percent,2001,14.3,14.0,11.5
hh_with_children,top_1_percent,2002,13.1,12.7,10.3
hh_with_children,top_1_percent,2003,14.0,13.7,11.1
hh_with_children,top_1_percent,2004,15.6,15.2,12.5
hh_with_children,top_1_percent,2005,16.6,16.3,13.5
hh_with_children,top_1_percent,2006,19.6,19.2,16.0
hh_with_children,top_1_percent,2007,20.6,20.2,17.2
hh_with_children,top_1_percent,2008,17.5,17.1,14.2
hh_with_children,top_1_percent,2009,14.5,14.0,11.2
hh_with_children,top_1_percent,2010,17.9,17.3,13.9
hh_with_children,top_1_percent,2011,16.4,15.9,12.8
hh_with_children,top_1_percent,2012,19.5,19.0,15.5
hh_with_children,top_1_percent,2013,17.5,17.0,13.2
hh_with_children,top_1_percent,2014,18.8,18.3,14.1
hh_with_children,top_1_percent,2015,19.5,19.0,14.7
hh_with_children,top_1_percent,2016,17.2,16.8,12.9
hh_with_children,top_1_percent,2017,18.5,18.1,14.3
elderly_headed_hh,all_quintiles,1979,100.0,100.0,100.0
elderly_headed_hh,all_quintiles,1980,100.0,100.0,100.0
elderly_headed_hh,all_quintiles,1981,100.0,100.0,100.0
elderly_headed_hh,all_quintiles,1982,100.0,100.0,100.0
elderly_headed_hh,all_quintiles,1983,100.0,100.0,100.0
elderly_headed_hh,all_quintiles,1984,100.0,100.0,100.0
elderly_headed_hh,all_quintiles,1985,100.0,100.0,100.0
elderly_headed_hh,all_quintiles,1986,100.0,100.0,100.0
elderly_headed_hh,all_quintiles,1987,100.0,100.0,100.0
elderly_headed_hh,all_quintiles,1988,100.0,100.0,100.0
elderly_headed_hh,all_quintiles,1989,100.0,100.0,100.0
elderly_headed_hh,all_quintiles,1990,100.0,100.0,100.0
elderly_headed_hh,all_quintiles,1991,100.0,100.0,100.0
elderly_headed_hh,all_quintiles,1992,100.0,100.0,100.0
elderly_headed_hh,all_quintiles,1993,100.0,100.0,100.0
elderly_headed_hh,all_quintiles,1994,100.0,100.0,100.0
elderly_headed_hh,all_quintiles,1995,100.0,100.0,100.0
elderly_headed_hh,all_quintiles,1996,100.0,100.0,100.0
elderly_headed_hh,all_quintiles,1997,100.0,100.0,100.0
elderly_headed_hh,all_quintiles,1998,100.0,100.0,100.0
elderly_headed_hh,all_quintiles,1999,100.0,100.0,100.0
elderly_headed_hh,all_quintiles,2000,100.0,100.0,100.0
elderly_headed_hh,all_quintiles,2001,100.0,100.0,100.0
elderly_headed_hh,all_quintiles,2002,100.0,100.0,100.0
elderly_headed_hh,all_quintiles,2003,100.0,100.0,100.0
elderly_headed_hh,all_quintiles,2004,100.0,100.0,100.0
elderly_headed_hh,all_quintiles,2005,100.0,100.0,100.0
elderly_headed_hh,all_quintiles,2006,100.0,100.0,100.0
elderly_headed_hh,all_quintiles,2007,100.0,100.0,100.0
elderly_headed_hh,all_quintiles,2008,100.0,100.0,100.0
elderly_headed_hh,all_quintiles,2009,100.0,100.0,100.0
elderly_headed_hh,all_quintiles,2010,100.0,100.0,100.0
elderly_headed_hh,all_quintiles,2011,100.0,100.0,100.0
elderly_headed_hh,all_quintiles,2012,100.0,100.0,100.0
elderly_headed_hh,all_quintiles,2013,100.0,100.0,100.0
elderly_headed_hh,all_quintiles,2014,100.0,100.0,100.0
elderly_headed_hh,all_quintiles,2015,100.0,100.0,100.0
elderly_headed_hh,all_quintiles,2016,100.0,100.0,100.0
elderly_headed_hh,all_quintiles,2017,100.0,100.0,100.0
elderly_headed_hh,lowest_quintile,1979,2.2,10.3,13.8
elderly_headed_hh,lowest_quintile,1980,1.7,9.2,12.5
elderly_headed_hh,lowest_quintile,1981,1.2,7.8,10.8
elderly_headed_hh,lowest_quintile,1982,0.8,5.8,8.1
elderly_headed_hh,lowest_quintile,1983,0.6,4.8,6.9
elderly_headed_hh,lowest_quintile,1984,0.7,5.2,7.5
elderly_headed_hh,lowest_quintile,1985,0.6,5.1,7.4
elderly_headed_hh,lowest_quintile,1986,0.5,4.4,6.4
elderly_headed_hh,lowest_quintile,1987,0.7,4.8,6.9
elderly_headed_hh,lowest_quintile,1988,0.6,4.8,7.1
elderly_headed_hh,lowest_quintile,1989,0.7,4.7,7.0
elderly_headed_hh,lowest_quintile,1990,0.7,5.0,7.3
elderly_headed_hh,lowest_quintile,1991,0.7,4.7,7.0
elderly_headed_hh,lowest_quintile,1992,0.5,4.0,6.2
elderly_headed_hh,lowest_quintile,1993,0.4,3.5,5.6
elderly_headed_hh,lowest_quintile,1994,0.4,3.7,5.9
elderly_headed_hh,lowest_quintile,1995,0.4,3.8,6.0
elderly_headed_hh,lowest_quintile,1996,0.4,3.0,4.9
elderly_headed_hh,lowest_quintile,1997,0.3,3.2,5.1
elderly_headed_hh,lowest_quintile,1998,0.3,3.3,5.2
elderly_headed_hh,lowest_quintile,1999,0.4,3.6,5.7
elderly_headed_hh,lowest_quintile,2000,0.5,3.6,5.7
elderly_headed_hh,lowest_quintile,2001,0.4,3.7,5.8
elderly_headed_hh,lowest_quintile,2002,0.4,3.4,5.4
elderly_headed_hh,lowest_quintile,2003,0.3,3.3,5.3
elderly_headed_hh,lowest_quintile,2004,0.3,3.0,4.9
elderly_headed_hh,lowest_quintile,2005,0.2,2.9,4.8
elderly_headed_hh,lowest_quintile,2006,0.2,2.3,3.8
elderly_headed_hh,lowest_quintile,2007,0.2,2.5,3.9
elderly_headed_hh,lowest_quintile,2008,0.3,2.8,4.4
elderly_headed_hh,lowest_quintile,2009,0.2,2.1,3.4
elderly_headed_hh,lowest_quintile,2010,0.1,1.8,3.0
elderly_headed_hh,lowest_quintile,2011,0.2,2.1,3.5
elderly_headed_hh,lowest_quintile,2012,0.2,1.7,3.0
elderly_headed_hh,lowest_quintile,2013,0.2,1.9,3.3
elderly_headed_hh,lowest_quintile,2014,0.2,2.0,3.5
elderly_headed_hh,lowest_quintile,2015,0.3,2.2,3.7
elderly_headed_hh,lowest_quintile,2016,0.3,2.6,4.4
elderly_headed_hh,lowest_quintile,2017,0.3,2.7,4.5
elderly_headed_hh,second_quintile,1979,7.9,14.4,16.5
elderly_headed_hh,second_quintile,1980,6.5,13.8,15.8
elderly_headed_hh,second_quintile,1981,5.8,13.1,15.0
elderly_headed_hh,second_quintile,1982,5.1,13.0,14.7
elderly_headed_hh,second_quintile,1983,4.5,12.6,14.3
elderly_headed_hh,second_quintile,1984,4.8,11.8,13.4
elderly_headed_hh,second_quintile,1985,4.3,11.0,12.5
elderly_headed_hh,second_quintile,1986,4.2,11.1,12.7
elderly_headed_hh,second_quintile,1987,5.1,13.0,15.0
elderly_headed_hh,second_quintile,1988,5.5,12.9,14.8
elderly_headed_hh,second_quintile,1989,5.3,12.6,14.4
elderly_headed_hh,second_quintile,1990,5.2,12.4,14.2
elderly_headed_hh,second_quintile,1991,4.8,12.5,14.3
elderly_headed_hh,second_quintile,1992,4.6,12.8,14.8
elderly_headed_hh,second_quintile,1993,4.3,13.4,15.7
elderly_headed_hh,second_quintile,1994,4.1,13.5,15.9
elderly_headed_hh,second_quintile,1995,4.0,12.6,14.9
elderly_headed_hh,second_quintile,1996,3.3,11.1,13.4
elderly_headed_hh,second_quintile,1997,3.1,10.5,12.5
elderly_headed_hh,second_quintile,1998,3.3,10.2,12.2
elderly_headed_hh,second_quintile,1999,3.6,9.8,11.8
elderly_headed_hh,second_quintile,2000,4.3,10.0,11.9
elderly_headed_hh,second_quintile,2001,3.9,10.8,12.7
elderly_headed_hh,second_quintile,2002,3.6,11.2,13.2
elderly_headed_hh,second_quintile,2003,3.3,11.4,13.5
elderly_headed_hh,second_quintile,2004,3.2,10.8,13.0
elderly_headed_hh,second_quintile,2005,2.8,9.7,11.8
elderly_headed_hh,second_quintile,2006,2.4,9.2,11.2
elderly_headed_hh,second_quintile,2007,2.7,8.2,9.9
elderly_headed_hh,second_quintile,2008,2.9,9.5,11.4
elderly_headed_hh,second_quintile,2009,2.7,10.0,12.1
elderly_headed_hh,second_quintile,2010,2.4,9.3,11.3
elderly_headed_hh,second_quintile,2011,2.4,9.1,11.2
elderly_headed_hh,second_quintile,2012,2.1,8.4,10.4
elderly_headed_hh,second_quintile,2013,2.3,8.8,11.0
elderly_headed_hh,second_quintile,2014,2.4,8.6,10.9
elderly_headed_hh,second_quintile,2015,2.5,8.9,11.1
elderly_headed_hh,second_quintile,2016,2.5,8.8,10.9
elderly_headed_hh,second_quintile,2017,2.7,8.9,11.0
elderly_headed_hh,middle_quintile,1979,11.9,13.3,14.3
elderly_headed_hh,middle_quintile,1980,11.7,13.5,14.5
elderly_headed_hh,middle_quintile,1981,11.6,13.8,14.8
elderly_headed_hh,middle_quintile,1982,11.4,14.1,15.0
elderly_headed_hh,middle_quintile,1983,11.2,14.5,15.4
elderly_headed_hh,middle_quintile,1984,11.4,14.4,15.4
elderly_headed_hh,middle_quintile,1985,11.4,14.7,15.8
elderly_headed_hh,middle_quintile,1986,11.6,15.1,16.1
elderly_headed_hh,middle_quintile,1987,13.7,17.2,18.4
elderly_headed_hh,middle_quintile,1988,12.8,16.1,17.2
elderly_headed_hh,middle_quintile,1989,12.7,16.1,17.2
elderly_headed_hh,middle_quintile,1990,13.1,16.4,17.4
elderly_headed_hh,middle_quintile,1991,14.4,18.2,19.2
elderly_headed_hh,middle_quintile,1992,12.8,17.0,18.1
elderly_headed_hh,middle_quintile,1993,12.8,17.1,18.3
elderly_headed_hh,middle_quintile,1994,13.6,17.6,18.9
elderly_headed_hh,middle_quintile,1995,12.8,16.8,18.2
elderly_headed_hh,middle_quintile,1996,11.1,15.5,17.2
elderly_headed_hh,middle_quintile,1997,10.7,14.9,16.5
elderly_headed_hh,middle_quintile,1998,11.2,15.4,16.9
elderly_headed_hh,middle_quintile,1999,11.4,15.4,16.9
elderly_headed_hh,middle_quintile,2000,11.9,15.9,17.4
elderly_headed_hh,middle_quintile,2001,12.8,17.0,18.4
elderly_headed_hh,middle_quintile,2002,13.1,17.9,19.4
elderly_headed_hh,middle_quintile,2003,12.4,17.2,18.6
elderly_headed_hh,middle_quintile,2004,11.4,16.1,17.7
elderly_headed_hh,middle_quintile,2005,10.2,14.8,16.4
elderly_headed_hh,middle_quintile,2006,9.9,14.9,16.5
elderly_headed_hh,middle_quintile,2007,9.2,13.6,15.1
elderly_headed_hh,middle_quintile,2008,10.6,15.5,17.0
elderly_headed_hh,middle_quintile,2009,11.1,16.6,18.1
elderly_headed_hh,middle_quintile,2010,10.2,16.2,17.8
elderly_headed_hh,middle_quintile,2011,10.1,16.0,17.6
elderly_headed_hh,middle_quintile,2012,9.0,14.8,16.5
elderly_headed_hh,middle_quintile,2013,9.6,14.8,16.6
elderly_headed_hh,middle_quintile,2014,8.8,13.7,15.5
elderly_headed_hh,middle_quintile,2015,9.4,14.3,16.0
elderly_headed_hh,middle_quintile,2016,9.3,14.4,16.1
elderly_headed_hh,middle_quintile,2017,9.5,14.1,15.7
elderly_headed_hh,fourth_quintile,1979,15.3,14.5,14.8
elderly_headed_hh,fourth_quintile,1980,16.3,15.6,15.9
elderly_headed_hh,fourth_quintile,1981,17.0,16.6,16.9
elderly_headed_hh,fourth_quintile,1982,17.9,18.1,18.4
elderly_headed_hh,fourth_quintile,1983,18.6,18.9,19.1
elderly_headed_hh,fourth_quintile,1984,19.2,19.4,19.7
elderly_headed_hh,fourth_quintile,1985,18.1,18.7,19.1
elderly_headed_hh,fourth_quintile,1986,17.3,18.2,18.6
elderly_headed_hh,fourth_quintile,1987,19.5,19.2,19.5
elderly_headed_hh,fourth_quintile,1988,18.4,18.6,19.0
elderly_headed_hh,fourth_quintile,1989,19.2,19.2,19.4
elderly_headed_hh,fourth_quintile,1990,19.4,19.6,19.8
elderly_headed_hh,fourth_quintile,1991,20.6,20.5,20.6
elderly_headed_hh,fourth_quintile,1992,20.3,20.6,20.8
elderly_headed_hh,fourth_quintile,1993,20.0,20.4,20.8
elderly_headed_hh,fourth_quintile,1994,19.6,19.6,19.9
elderly_headed_hh,fourth_quintile,1995,19.6,20.0,20.5
elderly_headed_hh,fourth_quintile,1996,18.7,19.9,20.6
elderly_headed_hh,fourth_quintile,1997,18.4,19.7,20.6
elderly_headed_hh,fourth_quintile,1998,17.6,18.9,19.6
elderly_headed_hh,fourth_quintile,1999,17.7,18.8,19.4
elderly_headed_hh,fourth_quintile,2000,17.9,19.0,19.5
elderly_headed_hh,fourth_quintile,2001,20.4,20.9,21.4
elderly_headed_hh,fourth_quintile,2002,20.9,21.7,22.2
elderly_headed_hh,fourth_quintile,2003,20.5,21.2,21.6
elderly_headed_hh,fourth_quintile,2004,18.7,20.1,20.6
elderly_headed_hh,fourth_quintile,2005,17.4,19.0,19.7
elderly_headed_hh,fourth_quintile,2006,17.2,19.1,19.9
elderly_headed_hh,fourth_quintile,2007,16.4,18.7,19.6
elderly_headed_hh,fourth_quintile,2008,19.9,21.4,22.0
elderly_headed_hh,fourth_quintile,2009,21.5,23.5,24.1
elderly_headed_hh,fourth_quintile,2010,20.7,22.8,23.5
elderly_headed_hh,fourth_quintile,2011,20.6,22.5,23.2
elderly_headed_hh,fourth_quintile,2012,18.5,21.3,22.2
elderly_headed_hh,fourth_quintile,2013,20.1,22.3,23.3
elderly_headed_hh,fourth_quintile,2014,19.0,21.3,22.4
elderly_headed_hh,fourth_quintile,2015,18.7,21.1,22.1
elderly_headed_hh,fourth_quintile,2016,19.4,21.7,22.6
elderly_headed_hh,fourth_quintile,2017,19.0,20.7,21.5
elderly_headed_hh,highest_quintile,1979,63.0,47.7,40.8
elderly_headed_hh,highest_quintile,1980,64.1,48.0,41.5
elderly_headed_hh,highest_quintile,1981,64.7,48.7,42.6
elderly_headed_hh,highest_quintile,1982,65.3,49.2,44.0
elderly_headed_hh,highest_quintile,1983,65.6,49.5,44.4
elderly_headed_hh,highest_quintile,1984,64.6,49.6,44.4
elderly_headed_hh,highest_quintile,1985,66.1,50.8,45.6
elderly_headed_hh,highest_quintile,1986,66.9,51.6,46.6
elderly_headed_hh,highest_quintile,1987,61.8,46.2,40.7
elderly_headed_hh,highest_quintile,1988,63.6,48.2,42.7
elderly_headed_hh,highest_quintile,1989,62.9,47.9,42.6
elderly_headed_hh,highest_quintile,1990,62.4,47.2,42.0
elderly_headed_hh,highest_quintile,1991,60.6,44.7,39.7
elderly_headed_hh,highest_quintile,1992,63.1,46.3,40.9
elderly_headed_hh,highest_quintile,1993,63.6,46.2,40.5
elderly_headed_hh,highest_quintile,1994,63.8,46.3,40.3
elderly_headed_hh,highest_quintile,1995,64.7,47.6,41.4
elderly_headed_hh,highest_quintile,1996,68.2,51.4,45.1
elderly_headed_hh,highest_quintile,1997,69.0,52.7,46.5
elderly_headed_hh,highest_quintile,1998,69.0,53.2,47.3
elderly_headed_hh,highest_quintile,1999,68.2,53.2,47.2
elderly_headed_hh,highest_quintile,2000,66.7,52.4,46.5
elderly_headed_hh,highest_quintile,2001,64.2,48.5,42.8
elderly_headed_hh,highest_quintile,2002,64.1,47.0,41.1
elderly_headed_hh,highest_quintile,2003,65.5,48.1,42.3
elderly_headed_hh,highest_quintile,2004,68.4,51.2,45.2
elderly_headed_hh,highest_quintile,2005,70.8,54.5,48.4
elderly_headed_hh,highest_quintile,2006,71.7,55.4,49.5
elderly_headed_hh,highest_quintile,2007,72.9,57.9,52.5
elderly_headed_hh,highest_quintile,2008,68.8,52.3,46.8
elderly_headed_hh,highest_quintile,2009,68.8,50.2,45.0
elderly_headed_hh,highest_quintile,2010,69.8,51.8,46.4
elderly_headed_hh,highest_quintile,2011,70.0,52.3,46.7
elderly_headed_hh,highest_quintile,2012,73.3,55.8,50.2
elderly_headed_hh,highest_quintile,2013,71.1,54.1,48.2
elderly_headed_hh,highest_quintile,2014,72.8,56.3,50.0
elderly_headed_hh,highest_quintile,2015,72.3,55.6,49.4
elderly_headed_hh,highest_quintile,2016,71.7,54.6,48.4
elderly_headed_hh,highest_quintile,2017,72.1,55.9,50.0
elderly_headed_hh,percentiles_81_90,1979,12.0,10.2,9.9
elderly_headed_hh,percentiles_81_90,1980,12.4,10.5,10.1
elderly_headed_hh,percentiles_81_90,1981,12.7,10.8,10.4
elderly_headed_hh,percentiles_81_90,1982,13.2,11.5,11.2
elderly_headed_hh,percentiles_81_90,1983,14.0,12.2,11.9
elderly_headed_hh,percentiles_81_90,1984,13.2,11.7,11.4
elderly_headed_hh,percentiles_81_90,1985,13.0,11.7,11.4
elderly_headed_hh,percentiles_81_90,1986,11.5,10.5,10.3
elderly_headed_hh,percentiles_81_90,1987,12.9,11.1,10.7
elderly_headed_hh,percentiles_81_90,1988,12.5,11.0,10.6
elderly_headed_hh,percentiles_81_90,1989,12.9,11.3,10.9
elderly_headed_hh,percentiles_81_90,1990,12.8,11.2,10.7
elderly_headed_hh,percentiles_81_90,1991,13.5,11.6,11.1
elderly_headed_hh,percentiles_81_90,1992,14.3,12.2,11.7
elderly_headed_hh,percentiles_81_90,1993,13.9,11.9,11.4
elderly_headed_hh,percentiles_81_90,1994,13.6,11.6,11.1
elderly_headed_hh,percentiles_81_90,1995,14.8,12.7,12.2
elderly_headed_hh,percentiles_81_90,1996,13.7,12.3,11.9
elderly_headed_hh,percentiles_81_90,1997,13.5,12.4,12.1
elderly_headed_hh,percentiles_81_90,1998,13.4,12.2,11.9
elderly_headed_hh,percentiles_81_90,1999,12.8,11.6,11.3
elderly_headed_hh,percentiles_81_90,2000,12.9,11.9,11.5
elderly_headed_hh,percentiles_81_90,2001,13.7,12.2,11.7
elderly_headed_hh,percentiles_81_90,2002,14.1,12.1,11.6
elderly_headed_hh,percentiles_81_90,2003,13.6,11.8,11.4
elderly_headed_hh,percentiles_81_90,2004,13.0,11.6,11.3
elderly_headed_hh,percentiles_81_90,2005,13.0,12.0,11.8
elderly_headed_hh,percentiles_81_90,2006,13.1,12.1,11.9
elderly_headed_hh,percentiles_81_90,2007,12.6,12.1,12.0
elderly_headed_hh,percentiles_81_90,2008,13.8,12.7,12.4
elderly_headed_hh,percentiles_81_90,2009,16.0,14.1,13.8
elderly_headed_hh,percentiles_81_90,2010,15.6,14.0,13.7
elderly_headed_hh,percentiles_81_90,2011,14.9,13.4,13.1
elderly_headed_hh,percentiles_81_90,2012,14.4,13.3,13.2
elderly_headed_hh,percentiles_81_90,2013,16.4,14.8,14.6
elderly_headed_hh,percentiles_81_90,2014,15.1,13.9,13.8
elderly_headed_hh,percentiles_81_90,2015,15.8,14.3,14.2
elderly_headed_hh,percentiles_81_90,2016,16.1,14.5,14.3
elderly_headed_hh,percentiles_81_90,2017,15.7,14.3,14.1
elderly_headed_hh,percentiles_91_95,1979,8.6,6.9,6.5
elderly_headed_hh,percentiles_91_95,1980,9.8,7.8,7.2
elderly_headed_hh,percentiles_91_95,1981,10.4,8.4,7.8
elderly_headed_hh,percentiles_91_95,1982,10.0,8.1,7.6
elderly_headed_hh,percentiles_91_95,1983,11.0,8.8,8.3
elderly_headed_hh,percentiles_91_95,1984,11.0,9.0,8.4
elderly_headed_hh,percentiles_91_95,1985,9.9,8.2,7.7
elderly_headed_hh,percentiles_91_95,1986,8.7,7.4,6.9
elderly_headed_hh,percentiles_91_95,1987,8.9,7.0,6.5
elderly_headed_hh,percentiles_91_95,1988,9.2,7.5,6.9
elderly_headed_hh,percentiles_91_95,1989,9.4,7.7,7.1
elderly_headed_hh,percentiles_91_95,1990,10.6,8.6,8.0
elderly_headed_hh,percentiles_91_95,1991,10.6,8.3,7.6
elderly_headed_hh,percentiles_91_95,1992,9.8,7.7,7.0
elderly_headed_hh,percentiles_91_95,1993,11.0,8.6,7.9
elderly_headed_hh,percentiles_91_95,1994,9.9,7.8,7.1
elderly_headed_hh,percentiles_91_95,1995,10.2,8.1,7.4
elderly_headed_hh,percentiles_91_95,1996,10.9,8.9,8.3
elderly_headed_hh,percentiles_91_95,1997,10.8,8.9,8.2
elderly_headed_hh,percentiles_91_95,1998,10.9,9.0,8.4
elderly_headed_hh,percentiles_91_95,1999,10.4,8.8,8.2
elderly_headed_hh,percentiles_91_95,2000,9.8,8.3,7.7
elderly_headed_hh,percentiles_91_95,2001,10.2,8.4,7.8
elderly_headed_hh,percentiles_91_95,2002,9.9,7.9,7.3
elderly_headed_hh,percentiles_91_95,2003,10.1,8.1,7.5
elderly_headed_hh,percentiles_91_95,2004,9.5,7.8,7.3
elderly_headed_hh,percentiles_91_95,2005,10.5,8.8,8.3
elderly_headed_hh,percentiles_91_95,2006,10.5,8.9,8.4
elderly_headed_hh,percentiles_91_95,2007,10.3,9.0,8.6
elderly_headed_hh,percentiles_91_95,2008,10.5,8.7,8.2
elderly_headed_hh,percentiles_91_95,2009,11.4,9.1,8.5
elderly_headed_hh,percentiles_91_95,2010,12.3,9.8,9.2
elderly_headed_hh,percentiles_91_95,2011,11.7,9.4,8.8
elderly_headed_hh,percentiles_91_95,2012,11.3,9.3,8.8
elderly_headed_hh,percentiles_91_95,2013,11.6,9.4,8.8
elderly_headed_hh,percentiles_91_95,2014,11.9,10.0,9.5
elderly_headed_hh,percentiles_91_95,2015,11.2,9.2,8.7
elderly_headed_hh,percentiles_91_95,2016,11.4,9.2,8.7
elderly_headed_hh,percentiles_91_95,2017,11.4,9.5,9.0
elderly_headed_hh,percentiles_96_99,1979,16.7,12.7,11.1
elderly_headed_hh,percentiles_96_99,1980,18.0,13.5,11.8
elderly_headed_hh,percentiles_96_99,1981,18.7,13.9,12.1
elderly_headed_hh,percentiles_96_99,1982,17.8,13.3,11.8
elderly_headed_hh,percentiles_96_99,1983,16.5,12.3,11.0
elderly_headed_hh,percentiles_96_99,1984,15.5,11.9,10.5
elderly_headed_hh,percentiles_96_99,1985,16.3,12.4,11.0
elderly_headed_hh,percentiles_96_99,1986,16.2,12.4,11.2
elderly_headed_hh,percentiles_96_99,1987,16.7,12.4,10.8
elderly_headed_hh,percentiles_96_99,1988,15.8,11.9,10.5
elderly_headed_hh,percentiles_96_99,1989,17.0,12.8,11.2
elderly_headed_hh,percentiles_96_99,1990,16.4,12.1,10.7
elderly_headed_hh,percentiles_96_99,1991,16.6,11.9,10.4
elderly_headed_hh,percentiles_96_99,1992,17.3,12.3,10.8
elderly_headed_hh,percentiles_96_99,1993,16.3,11.6,10.1
elderly_headed_hh,percentiles_96_99,1994,17.2,12.4,10.9
elderly_headed_hh,percentiles_96_99,1995,17.0,12.4,10.8
elderly_headed_hh,percentiles_96_99,1996,17.0,12.7,11.2
elderly_headed_hh,percentiles_96_99,1997,17.7,13.4,11.8
elderly_headed_hh,percentiles_96_99,1998,17.0,13.0,11.5
elderly_headed_hh,percentiles_96_99,1999,16.4,12.7,11.3
elderly_headed_hh,percentiles_96_99,2000,17.1,13.4,11.9
elderly_headed_hh,percentiles_96_99,2001,15.6,11.6,10.2
elderly_headed_hh,percentiles_96_99,2002,15.2,11.0,9.6
elderly_headed_hh,percentiles_96_99,2003,15.4,11.2,9.8
elderly_headed_hh,percentiles_96_99,2004,15.1,11.2,9.9
elderly_headed_hh,percentiles_96_99,2005,15.8,12.0,10.7
elderly_headed_hh,percentiles_96_99,2006,17.1,13.1,11.6
elderly_headed_hh,percentiles_96_99,2007,16.7,13.2,11.9
elderly_headed_hh,percentiles_96_99,2008,15.9,11.9,10.5
elderly_headed_hh,percentiles_96_99,2009,15.5,11.0,9.7
elderly_headed_hh,percentiles_96_99,2010,15.5,11.2,9.8
elderly_headed_hh,percentiles_96_99,2011,15.7,11.4,10.2
elderly_headed_hh,percentiles_96_99,2012,16.0,12.0,10.7
elderly_headed_hh,percentiles_96_99,2013,17.2,12.7,11.3
elderly_headed_hh,percentiles_96_99,2014,17.1,12.9,11.5
elderly_headed_hh,percentiles_96_99,2015,16.8,12.6,11.2
elderly_headed_hh,percentiles_96_99,2016,17.2,12.7,11.2
elderly_headed_hh,percentiles_96_99,2017,17.2,13.1,11.6
elderly_headed_hh,top_1_percent,1979,25.7,17.9,13.4
elderly_headed_hh,top_1_percent,1980,23.8,16.3,12.3
elderly_headed_hh,top_1_percent,1981,22.9,15.6,12.3
elderly_headed_hh,top_1_percent,1982,24.3,16.4,13.4
elderly_headed_hh,top_1_percent,1983,24.1,16.1,13.3
elderly_headed_hh,top_1_percent,1984,24.9,17.1,14.1
elderly_headed_hh,top_1_percent,1985,26.9,18.5,15.4
elderly_headed_hh,top_1_percent,1986,30.5,21.3,18.2
elderly_headed_hh,top_1_percent,1987,23.3,15.7,12.7
elderly_headed_hh,top_1_percent,1988,26.0,17.8,14.6
elderly_headed_hh,top_1_percent,1989,23.6,16.2,13.4
elderly_headed_hh,top_1_percent,1990,22.7,15.3,12.6
elderly_headed_hh,top_1_percent,1991,19.9,13.0,10.6
elderly_headed_hh,top_1_percent,1992,21.8,14.1,11.4
elderly_headed_hh,top_1_percent,1993,22.4,14.2,11.1
elderly_headed_hh,top_1_percent,1994,23.1,14.5,11.2
elderly_headed_hh,top_1_percent,1995,22.6,14.5,11.1
elderly_headed_hh,top_1_percent,1996,26.7,17.6,13.7
elderly_headed_hh,top_1_percent,1997,27.0,18.1,14.4
elderly_headed_hh,top_1_percent,1998,27.7,18.9,15.4
elderly_headed_hh,top_1_percent,1999,28.7,20.1,16.5
elderly_headed_hh,top_1_percent,2000,26.9,18.9,15.5
elderly_headed_hh,top_1_percent,2001,24.6,16.4,13.1
elderly_headed_hh,top_1_percent,2002,24.9,16.0,12.6
elderly_headed_hh,top_1_percent,2003,26.4,17.0,13.6
elderly_headed_hh,top_1_percent,2004,30.8,20.6,16.7
elderly_headed_hh,top_1_percent,2005,31.5,21.7,17.7
elderly_headed_hh,top_1_percent,2006,31.0,21.3,17.6
elderly_headed_hh,top_1_percent,2007,33.3,23.6,20.1
elderly_headed_hh,top_1_percent,2008,28.6,19.0,15.7
elderly_headed_hh,top_1_percent,2009,25.9,16.0,12.9
elderly_headed_hh,top_1_percent,2010,26.4,16.9,13.6
elderly_headed_hh,top_1_percent,2011,27.7,18.1,14.7
elderly_headed_hh,top_1_percent,2012,31.6,21.2,17.5
elderly_headed_hh,top_1_percent,2013,26.0,17.3,13.5
elderly_headed_hh,top_1_percent,2014,28.6,19.4,15.2
elderly_headed_hh,top_1_percent,2015,28.6,19.5,15.3
elderly_headed_hh,top_1_percent,2016,27.1,18.2,14.2
elderly_headed_hh,top_1_percent,2017,27.7,19.0,15.3
nonelderly_childless_hh,all_quintiles,1979,100.0,100.0,100.0
nonelderly_childless_hh,all_quintiles,1980,100.0,100.0,100.0
nonelderly_childless_hh,all_quintiles,1981,100.0,100.0,100.0
nonelderly_childless_hh,all_quintiles,1982,100.0,100.0,100.0
nonelderly_childless_hh,all_quintiles,1983,100.0,100.0,100.0
nonelderly_childless_hh,all_quintiles,1984,100.0,100.0,100.0
nonelderly_childless_hh,all_quintiles,1985,100.0,100.0,100.0
nonelderly_childless_hh,all_quintiles,1986,100.0,100.0,100.0
nonelderly_childless_hh,all_quintiles,1987,100.0,100.0,100.0
nonelderly_childless_hh,all_quintiles,1988,100.0,100.0,100.0
nonelderly_childless_hh,all_quintiles,1989,100.0,100.0,100.0
nonelderly_childless_hh,all_quintiles,1990,100.0,100.0,100.0
nonelderly_childless_hh,all_quintiles,1991,100.0,100.0,100.0
nonelderly_childless_hh,all_quintiles,1992,100.0,100.0,100.0
nonelderly_childless_hh,all_quintiles,1993,100.0,100.0,100.0
nonelderly_childless_hh,all_quintiles,1994,100.0,100.0,100.0
nonelderly_childless_hh,all_quintiles,1995,100.0,100.0,100.0
nonelderly_childless_hh,all_quintiles,1996,100.0,100.0,100.0
nonelderly_childless_hh,all_quintiles,1997,100.0,100.0,100.0
nonelderly_childless_hh,all_quintiles,1998,100.0,100.0,100.0
nonelderly_childless_hh,all_quintiles,1999,100.0,100.0,100.0
nonelderly_childless_hh,all_quintiles,2000,100.0,100.0,100.0
nonelderly_childless_hh,all_quintiles,2001,100.0,100.0,100.0
nonelderly_childless_hh,all_quintiles,2002,100.0,100.0,100.0
nonelderly_childless_hh,all_quintiles,2003,100.0,100.0,100.0
nonelderly_childless_hh,all_quintiles,2004,100.0,100.0,100.0
nonelderly_childless_hh,all_quintiles,2005,100.0,100.0,100.0
nonelderly_childless_hh,all_quintiles,2006,100.0,100.0,100.0
nonelderly_childless_hh,all_quintiles,2007,100.0,100.0,100.0
nonelderly_childless_hh,all_quintiles,2008,100.0,100.0,100.0
nonelderly_childless_hh,all_quintiles,2009,100.0,100.0,100.0
nonelderly_childless_hh,all_quintiles,2010,100.0,100.0,100.0
nonelderly_childless_hh,all_quintiles,2011,100.0,100.0,100.0
nonelderly_childless_hh,all_quintiles,2012,100.0,100.0,100.0
nonelderly_childless_hh,all_quintiles,2013,100.0,100.0,100.0
nonelderly_childless_hh,all_quintiles,2014,100.0,100.0,100.0
nonelderly_childless_hh,all_quintiles,2015,100.0,100.0,100.0
nonelderly_childless_hh,all_quintiles,2016,100.0,100.0,100.0
nonelderly_childless_hh,all_quintiles,2017,100.0,100.0,100.0
nonelderly_childless_hh,lowest_quintile,1979,2.3,2.7,4.0
nonelderly_childless_hh,lowest_quintile,1980,2.2,2.8,4.2
nonelderly_childless_hh,lowest_quintile,1981,2.2,2.7,4.2
nonelderly_childless_hh,lowest_quintile,1982,2.3,2.8,4.2
nonelderly_childless_hh,lowest_quintile,1983,2.1,2.6,3.9
nonelderly_childless_hh,lowest_quintile,1984,2.5,3.0,4.3
nonelderly_childless_hh,lowest_quintile,1985,2.2,2.7,4.0
nonelderly_childless_hh,lowest_quintile,1986,2.2,2.6,3.9
nonelderly_childless_hh,lowest_quintile,1987,1.9,2.3,3.4
nonelderly_childless_hh,lowest_quintile,1988,1.8,2.1,3.3
nonelderly_childless_hh,lowest_quintile,1989,1.9,2.2,3.4
nonelderly_childless_hh,lowest_quintile,1990,1.9,2.3,3.5
nonelderly_childless_hh,lowest_quintile,1991,2.0,2.4,3.8
nonelderly_childless_hh,lowest_quintile,1992,1.9,2.3,3.7
nonelderly_childless_hh,lowest_quintile,1993,1.9,2.2,3.8
nonelderly_childless_hh,lowest_quintile,1994,1.9,2.3,4.0
nonelderly_childless_hh,lowest_quintile,1995,2.1,2.6,4.4
nonelderly_childless_hh,lowest_quintile,1996,1.9,2.4,4.2
nonelderly_childless_hh,lowest_quintile,1997,2.0,2.5,4.4
nonelderly_childless_hh,lowest_quintile,1998,2.1,2.6,4.6
nonelderly_childless_hh,lowest_quintile,1999,2.2,2.7,4.7
nonelderly_childless_hh,lowest_quintile,2000,2.0,2.5,4.5
nonelderly_childless_hh,lowest_quintile,2001,2.1,2.7,4.8
nonelderly_childless_hh,lowest_quintile,2002,2.2,2.8,5.1
nonelderly_childless_hh,lowest_quintile,2003,2.2,2.7,5.0
nonelderly_childless_hh,lowest_quintile,2004,2.2,2.8,5.1
nonelderly_childless_hh,lowest_quintile,2005,2.2,2.7,4.9
nonelderly_childless_hh,lowest_quintile,2006,2.2,2.7,4.7
nonelderly_childless_hh,lowest_quintile,2007,2.6,3.1,5.2
nonelderly_childless_hh,lowest_quintile,2008,2.7,3.2,5.4
nonelderly_childless_hh,lowest_quintile,2009,2.6,3.2,5.6
nonelderly_childless_hh,lowest_quintile,2010,2.6,3.2,5.8
nonelderly_childless_hh,lowest_quintile,2011,2.7,3.3,5.9
nonelderly_childless_hh,lowest_quintile,2012,2.5,3.1,5.7
nonelderly_childless_hh,lowest_quintile,2013,2.8,3.3,6.2
nonelderly_childless_hh,lowest_quintile,2014,2.5,3.0,6.1
nonelderly_childless_hh,lowest_quintile,2015,2.7,3.2,6.4
nonelderly_childless_hh,lowest_quintile,2016,2.7,3.2,6.4
nonelderly_childless_hh,lowest_quintile,2017,2.6,3.0,6.1
nonelderly_childless_hh,second_quintile,1979,6.9,7.4,8.3
nonelderly_childless_hh,second_quintile,1980,6.7,7.2,8.1
nonelderly_childless_hh,second_quintile,1981,6.7,7.3,8.1
nonelderly_childless_hh,second_quintile,1982,6.3,6.9,7.6
nonelderly_childless_hh,second_quintile,1983,6.2,6.8,7.5
nonelderly_childless_hh,second_quintile,1984,6.8,7.4,8.0
nonelderly_childless_hh,second_quintile,1985,6.5,7.0,7.6
nonelderly_childless_hh,second_quintile,1986,6.0,6.5,7.1
nonelderly_childless_hh,second_quintile,1987,6.3,6.8,7.6
nonelderly_childless_hh,second_quintile,1988,6.1,6.6,7.3
nonelderly_childless_hh,second_quintile,1989,6.5,7.0,7.8
nonelderly_childless_hh,second_quintile,1990,6.2,6.8,7.5
nonelderly_childless_hh,second_quintile,1991,6.3,7.0,7.8
nonelderly_childless_hh,second_quintile,1992,5.9,6.6,7.5
nonelderly_childless_hh,second_quintile,1993,5.9,6.5,7.5
nonelderly_childless_hh,second_quintile,1994,5.9,6.5,7.5
nonelderly_childless_hh,second_quintile,1995,6.1,6.7,7.8
nonelderly_childless_hh,second_quintile,1996,5.9,6.6,7.5
nonelderly_childless_hh,second_quintile,1997,5.8,6.4,7.4
nonelderly_childless_hh,second_quintile,1998,5.9,6.5,7.6
nonelderly_childless_hh,second_quintile,1999,5.9,6.4,7.5
nonelderly_childless_hh,second_quintile,2000,6.1,6.7,7.8
nonelderly_childless_hh,second_quintile,2001,5.9,6.6,7.8
nonelderly_childless_hh,second_quintile,2002,6.4,7.1,8.4
nonelderly_childless_hh,second_quintile,2003,5.9,6.7,8.0
nonelderly_childless_hh,second_quintile,2004,6.1,6.8,8.1
nonelderly_childless_hh,second_quintile,2005,5.9,6.7,8.0
nonelderly_childless_hh,second_quintile,2006,6.0,6.9,8.2
nonelderly_childless_hh,second_quintile,2007,6.3,7.1,8.4
nonelderly_childless_hh,second_quintile,2008,6.6,7.5,9.1
nonelderly_childless_hh,second_quintile,2009,6.6,7.8,9.5
nonelderly_childless_hh,second_quintile,2010,6.7,7.9,9.7
nonelderly_childless_hh,second_quintile,2011,6.8,8.0,9.8
nonelderly_childless_hh,second_quintile,2012,6.3,7.4,9.1
nonelderly_childless_hh,second_quintile,2013,6.7,7.8,9.6
nonelderly_childless_hh,second_quintile,2014,6.5,7.5,9.4
nonelderly_childless_hh,second_quintile,2015,6.8,7.7,9.5
nonelderly_childless_hh,second_quintile,2016,7.0,7.8,9.7
nonelderly_childless_hh,second_quintile,2017,6.6,7.6,9.5
nonelderly_childless_hh,middle_quintile,1979,11.2,11.4,12.0
nonelderly_childless_hh,middle_quintile,1980,11.1,11.3,11.9
nonelderly_childless_hh,middle_quintile,1981,11.4,11.7,12.3
nonelderly_childless_hh,middle_quintile,1982,11.2,11.5,11.9
nonelderly_childless_hh,middle_quintile,1983,11.5,11.8,12.3
nonelderly_childless_hh,middle_quintile,1984,11.5,11.7,12.0
nonelderly_childless_hh,middle_quintile,1985,11.3,11.5,11.8
nonelderly_childless_hh,middle_quintile,1986,10.8,11.0,11.3
nonelderly_childless_hh,middle_quintile,1987,11.2,11.5,12.0
nonelderly_childless_hh,middle_quintile,1988,10.7,11.0,11.5
nonelderly_childless_hh,middle_quintile,1989,11.2,11.4,11.9
nonelderly_childless_hh,middle_quintile,1990,10.8,11.1,11.5
nonelderly_childless_hh,middle_quintile,1991,11.3,11.5,12.0
nonelderly_childless_hh,middle_quintile,1992,11.2,11.5,12.1
nonelderly_childless_hh,middle_quintile,1993,11.1,11.5,12.1
nonelderly_childless_hh,middle_quintile,1994,11.2,11.5,12.1
nonelderly_childless_hh,middle_quintile,1995,11.5,11.7,12.4
nonelderly_childless_hh,middle_quintile,1996,11.3,11.5,12.2
nonelderly_childless_hh,middle_quintile,1997,11.2,11.4,12.0
nonelderly_childless_hh,middle_quintile,1998,11.0,11.2,11.8
nonelderly_childless_hh,middle_quintile,1999,10.5,10.7,11.4
nonelderly_childless_hh,middle_quintile,2000,10.7,11.0,11.6
nonelderly_childless_hh,middle_quintile,2001,11.1,11.4,12.0
nonelderly_childless_hh,middle_quintile,2002,11.3,11.6,12.2
nonelderly_childless_hh,middle_quintile,2003,11.2,11.7,12.3
nonelderly_childless_hh,middle_quintile,2004,11.1,11.4,12.0
nonelderly_childless_hh,middle_quintile,2005,10.8,11.1,11.8
nonelderly_childless_hh,middle_quintile,2006,11.1,11.4,12.1
nonelderly_childless_hh,middle_quintile,2007,11.6,12.0,12.6
nonelderly_childless_hh,middle_quintile,2008,11.8,12.3,13.0
nonelderly_childless_hh,middle_quintile,2009,12.2,12.8,13.6
nonelderly_childless_hh,middle_quintile,2010,12.1,12.9,13.7
nonelderly_childless_hh,middle_quintile,2011,11.9,12.5,13.2
nonelderly_childless_hh,middle_quintile,2012,11.7,12.3,13.1
nonelderly_childless_hh,middle_quintile,2013,12.4,13.0,13.8
nonelderly_childless_hh,middle_quintile,2014,11.8,12.3,13.1
nonelderly_childless_hh,middle_quintile,2015,12.5,12.9,13.8
nonelderly_childless_hh,middle_quintile,2016,12.1,12.6,13.5
nonelderly_childless_hh,middle_quintile,2017,12.1,12.5,13.4
nonelderly_childless_hh,fourth_quintile,1979,21.0,20.9,21.2
nonelderly_childless_hh,fourth_quintile,1980,21.3,21.2,21.4
nonelderly_childless_hh,fourth_quintile,1981,20.7,20.6,20.7
nonelderly_childless_hh,fourth_quintile,1982,20.4,20.3,20.3
nonelderly_childless_hh,fourth_quintile,1983,20.9,20.8,20.8
nonelderly_childless_hh,fourth_quintile,1984,20.9,20.8,20.8
nonelderly_childless_hh,fourth_quintile,1985,20.4,20.3,20.2
nonelderly_childless_hh,fourth_quintile,1986,19.8,19.8,19.7
nonelderly_childless_hh,fourth_quintile,1987,20.8,20.7,21.0
nonelderly_childless_hh,fourth_quintile,1988,20.4,20.3,20.5
nonelderly_childless_hh,fourth_quintile,1989,20.5,20.4,20.6
nonelderly_childless_hh,fourth_quintile,1990,20.6,20.6,20.7
nonelderly_childless_hh,fourth_quintile,1991,20.6,20.5,20.7
nonelderly_childless_hh,fourth_quintile,1992,20.2,20.2,20.4
nonelderly_childless_hh,fourth_quintile,1993,20.6,20.6,20.9
nonelderly_childless_hh,fourth_quintile,1994,21.1,21.1,21.4
nonelderly_childless_hh,fourth_quintile,1995,21.0,20.9,21.2
nonelderly_childless_hh,fourth_quintile,1996,20.4,20.2,20.6
nonelderly_childless_hh,fourth_quintile,1997,19.6,19.5,19.9
nonelderly_childless_hh,fourth_quintile,1998,20.0,19.9,20.1
nonelderly_childless_hh,fourth_quintile,1999,19.7,19.6,19.9
nonelderly_childless_hh,fourth_quintile,2000,19.7,19.6,19.9
nonelderly_childless_hh,fourth_quintile,2001,20.7,20.6,20.8
nonelderly_childless_hh,fourth_quintile,2002,20.8,20.8,20.9
nonelderly_childless_hh,fourth_quintile,2003,20.5,20.4,20.4
nonelderly_childless_hh,fourth_quintile,2004,20.3,20.2,20.3
nonelderly_childless_hh,fourth_quintile,2005,19.5,19.4,19.5
nonelderly_childless_hh,fourth_quintile,2006,19.8,19.7,19.9
nonelderly_childless_hh,fourth_quintile,2007,19.6,19.5,19.5
nonelderly_childless_hh,fourth_quintile,2008,20.1,20.0,20.1
nonelderly_childless_hh,fourth_quintile,2009,20.6,20.5,20.4
nonelderly_childless_hh,fourth_quintile,2010,20.8,20.7,20.5
nonelderly_childless_hh,fourth_quintile,2011,20.7,20.5,20.4
nonelderly_childless_hh,fourth_quintile,2012,20.0,19.9,19.8
nonelderly_childless_hh,fourth_quintile,2013,20.5,20.3,20.2
nonelderly_childless_hh,fourth_quintile,2014,20.6,20.5,20.4
nonelderly_childless_hh,fourth_quintile,2015,21.0,20.8,20.6
nonelderly_childless_hh,fourth_quintile,2016,20.8,20.7,20.4
nonelderly_childless_hh,fourth_quintile,2017,20.8,20.7,20.5
nonelderly_childless_hh,highest_quintile,1979,58.9,57.7,54.8
nonelderly_childless_hh,highest_quintile,1980,59.1,57.8,54.8
nonelderly_childless_hh,highest_quintile,1981,59.4,58.1,55.2
nonelderly_childless_hh,highest_quintile,1982,60.4,59.0,56.6
nonelderly_childless_hh,highest_quintile,1983,59.8,58.4,56.2
nonelderly_childless_hh,highest_quintile,1984,58.9,57.7,55.6
nonelderly_childless_hh,highest_quintile,1985,60.2,59.1,57.2
nonelderly_childless_hh,highest_quintile,1986,61.9,60.7,58.9
nonelderly_childless_hh,highest_quintile,1987,60.5,59.4,56.9
nonelderly_childless_hh,highest_quintile,1988,61.8,60.7,58.3
nonelderly_childless_hh,highest_quintile,1989,60.7,59.7,57.3
nonelderly_childless_hh,highest_quintile,1990,61.4,60.2,57.9
nonelderly_childless_hh,highest_quintile,1991,60.9,59.6,57.0
nonelderly_childless_hh,highest_quintile,1992,61.7,60.2,57.4
nonelderly_childless_hh,highest_quintile,1993,61.2,59.8,56.6
nonelderly_childless_hh,highest_quintile,1994,60.7,59.5,56.1
nonelderly_childless_hh,highest_quintile,1995,60.1,58.8,55.2
nonelderly_childless_hh,highest_quintile,1996,61.2,59.9,56.3
nonelderly_childless_hh,highest_quintile,1997,62.0,60.8,57.1
nonelderly_childless_hh,highest_quintile,1998,61.6,60.4,56.7
nonelderly_childless_hh,highest_quintile,1999,62.3,61.1,57.3
nonelderly_childless_hh,highest_quintile,2000,61.9,60.7,56.8
nonelderly_childless_hh,highest_quintile,2001,60.8,59.4,55.3
nonelderly_childless_hh,highest_quintile,2002,60.0,58.4,54.2
nonelderly_childless_hh,highest_quintile,2003,60.9,59.2,55.3
nonelderly_childless_hh,highest_quintile,2004,61.0,59.4,55.4
nonelderly_childless_hh,highest_quintile,2005,62.3,60.7,56.6
nonelderly_childless_hh,highest_quintile,2006,61.5,59.9,56.0
nonelderly_childless_hh,highest_quintile,2007,60.6,58.9,55.1
nonelderly_childless_hh,highest_quintile,2008,59.9,58.1,53.7
nonelderly_childless_hh,highest_quintile,2009,59.4,57.1,52.5
nonelderly_childless_hh,highest_quintile,2010,59.1,56.5,51.6
nonelderly_childless_hh,highest_quintile,2011,59.2,56.9,52.1
nonelderly_childless_hh,highest_quintile,2012,60.7,58.6,53.7
nonelderly_childless_hh,highest_quintile,2013,58.8,56.7,51.6
nonelderly_childless_hh,highest_quintile,2014,59.6,57.7,52.2
nonelderly_childless_hh,highest_quintile,2015,58.2,56.5,51.0
nonelderly_childless_hh,highest_quintile,2016,58.4,56.6,51.1
nonelderly_childless_hh,highest_quintile,2017,59.1,57.3,51.9
nonelderly_childless_hh,percentiles_81_90,1979,19.3,19.0,18.7
nonelderly_childless_hh,percentiles_81_90,1980,19.4,19.1,18.7
nonelderly_childless_hh,percentiles_81_90,1981,19.6,19.3,18.8
nonelderly_childless_hh,percentiles_81_90,1982,19.7,19.4,18.9
nonelderly_childless_hh,percentiles_81_90,1983,19.2,18.9,18.4
nonelderly_childless_hh,percentiles_81_90,1984,19.1,18.8,18.3
nonelderly_childless_hh,percentiles_81_90,1985,18.9,18.6,18.2
nonelderly_childless_hh,percentiles_81_90,1986,18.7,18.4,18.0
nonelderly_childless_hh,percentiles_81_90,1987,19.5,19.2,18.9
nonelderly_childless_hh,percentiles_81_90,1988,18.4,18.2,17.9
nonelderly_childless_hh,percentiles_81_90,1989,18.9,18.7,18.3
nonelderly_childless_hh,percentiles_81_90,1990,18.6,18.4,18.0
nonelderly_childless_hh,percentiles_81_90,1991,18.4,18.2,17.9
nonelderly_childless_hh,percentiles_81_90,1992,17.9,17.6,17.3
nonelderly_childless_hh,percentiles_81_90,1993,18.3,18.0,17.7
nonelderly_childless_hh,percentiles_81_90,1994,18.3,18.0,17.8
nonelderly_childless_hh,percentiles_81_90,1995,17.6,17.3,17.1
nonelderly_childless_hh,percentiles_81_90,1996,18.1,17.8,17.7
nonelderly_childless_hh,percentiles_81_90,1997,17.8,17.6,17.4
nonelderly_childless_hh,percentiles_81_90,1998,17.5,17.3,17.0
nonelderly_childless_hh,percentiles_81_90,1999,17.1,16.9,16.6
nonelderly_childless_hh,percentiles_81_90,2000,16.5,16.3,16.0
nonelderly_childless_hh,percentiles_81_90,2001,17.3,17.0,16.6
nonelderly_childless_hh,percentiles_81_90,2002,17.7,17.4,16.9
nonelderly_childless_hh,percentiles_81_90,2003,18.4,18.0,17.5
nonelderly_childless_hh,percentiles_81_90,2004,17.5,17.2,16.7
nonelderly_childless_hh,percentiles_81_90,2005,16.8,16.5,16.1
nonelderly_childless_hh,percentiles_81_90,2006,16.8,16.5,16.1
nonelderly_childless_hh,percentiles_81_90,2007,16.8,16.5,16.0
nonelderly_childless_hh,percentiles_81_90,2008,17.1,16.8,16.2
nonelderly_childless_hh,percentiles_81_90,2009,17.6,17.2,16.5
nonelderly_childless_hh,percentiles_81_90,2010,17.4,16.8,16.1
nonelderly_childless_hh,percentiles_81_90,2011,17.3,16.8,16.1
nonelderly_childless_hh,percentiles_81_90,2012,17.2,16.8,16.2
nonelderly_childless_hh,percentiles_81_90,2013,17.4,17.0,16.3
nonelderly_childless_hh,percentiles_81_90,2014,17.2,16.8,16.1
nonelderly_childless_hh,percentiles_81_90,2015,17.4,17.0,16.2
nonelderly_childless_hh,percentiles_81_90,2016,17.3,16.9,16.1
nonelderly_childless_hh,percentiles_81_90,2017,17.2,16.8,16.0
nonelderly_childless_hh,percentiles_91_95,1979,14.6,14.3,13.8
nonelderly_childless_hh,percentiles_91_95,1980,14.4,14.1,13.6
nonelderly_childless_hh,percentiles_91_95,1981,14.5,14.2,13.5
nonelderly_childless_hh,percentiles_91_95,1982,14.7,14.4,13.8
nonelderly_childless_hh,percentiles_91_95,1983,14.2,13.9,13.4
nonelderly_childless_hh,percentiles_91_95,1984,13.7,13.5,13.0
nonelderly_childless_hh,percentiles_91_95,1985,13.7,13.5,13.0
nonelderly_childless_hh,percentiles_91_95,1986,13.9,13.7,13.2
nonelderly_childless_hh,percentiles_91_95,1987,14.3,14.0,13.6
nonelderly_childless_hh,percentiles_91_95,1988,13.5,13.3,12.9
nonelderly_childless_hh,percentiles_91_95,1989,13.5,13.3,12.8
nonelderly_childless_hh,percentiles_91_95,1990,13.3,13.1,12.6
nonelderly_childless_hh,percentiles_91_95,1991,13.4,13.1,12.6
nonelderly_childless_hh,percentiles_91_95,1992,13.6,13.3,12.9
nonelderly_childless_hh,percentiles_91_95,1993,13.7,13.5,13.0
nonelderly_childless_hh,percentiles_91_95,1994,13.6,13.3,12.9
nonelderly_childless_hh,percentiles_91_95,1995,13.8,13.5,13.0
nonelderly_childless_hh,percentiles_91_95,1996,13.1,12.9,12.4
nonelderly_childless_hh,percentiles_91_95,1997,13.1,12.9,12.4
nonelderly_childless_hh,percentiles_91_95,1998,12.7,12.5,12.0
nonelderly_childless_hh,percentiles_91_95,1999,12.6,12.4,11.9
nonelderly_childless_hh,percentiles_91_95,2000,12.4,12.2,11.7
nonelderly_childless_hh,percentiles_91_95,2001,12.9,12.6,12.0
nonelderly_childless_hh,percentiles_91_95,2002,12.8,12.5,11.9
nonelderly_childless_hh,percentiles_91_95,2003,12.8,12.5,11.9
nonelderly_childless_hh,percentiles_91_95,2004,12.7,12.4,11.7
nonelderly_childless_hh,percentiles_91_95,2005,12.3,12.0,11.5
nonelderly_childless_hh,percentiles_91_95,2006,12.1,11.8,11.3
nonelderly_childless_hh,percentiles_91_95,2007,12.2,11.9,11.3
nonelderly_childless_hh,percentiles_91_95,2008,12.4,12.1,11.4
nonelderly_childless_hh,percentiles_91_95,2009,13.0,12.5,11.7
nonelderly_childless_hh,percentiles_91_95,2010,12.4,11.9,11.1
nonelderly_childless_hh,percentiles_91_95,2011,12.8,12.3,11.5
nonelderly_childless_hh,percentiles_91_95,2012,12.5,12.1,11.3
nonelderly_childless_hh,percentiles_91_95,2013,12.5,12.1,11.3
nonelderly_childless_hh,percentiles_91_95,2014,12.7,12.3,11.5
nonelderly_childless_hh,percentiles_91_95,2015,12.7,12.3,11.4
nonelderly_childless_hh,percentiles_91_95,2016,12.6,12.2,11.3
nonelderly_childless_hh,percentiles_91_95,2017,12.5,12.1,11.2
nonelderly_childless_hh,percentiles_96_99,1979,15.3,14.9,14.1
nonelderly_childless_hh,percentiles_96_99,1980,15.6,15.2,14.3
nonelderly_childless_hh,percentiles_96_99,1981,15.8,15.4,14.5
nonelderly_childless_hh,percentiles_96_99,1982,15.6,15.2,14.5
nonelderly_childless_hh,percentiles_96_99,1983,15.9,15.5,14.9
nonelderly_childless_hh,percentiles_96_99,1984,15.6,15.2,14.8
nonelderly_childless_hh,percentiles_96_99,1985,15.7,15.3,14.8
nonelderly_childless_hh,percentiles_96_99,1986,15.8,15.5,15.0
nonelderly_childless_hh,percentiles_96_99,1987,15.4,15.0,14.3
nonelderly_childless_hh,percentiles_96_99,1988,15.1,14.8,14.2
nonelderly_childless_hh,percentiles_96_99,1989,15.3,15.0,14.3
nonelderly_childless_hh,percentiles_96_99,1990,15.1,14.8,14.2
nonelderly_childless_hh,percentiles_96_99,1991,16.0,15.6,14.9
nonelderly_childless_hh,percentiles_96_99,1992,15.5,15.1,14.3
nonelderly_childless_hh,percentiles_96_99,1993,15.7,15.3,14.5
nonelderly_childless_hh,percentiles_96_99,1994,15.5,15.1,14.3
nonelderly_childless_hh,percentiles_96_99,1995,15.5,15.1,14.2
nonelderly_childless_hh,percentiles_96_99,1996,15.5,15.1,14.3
nonelderly_childless_hh,percentiles_96_99,1997,14.9,14.5,13.7
nonelderly_childless_hh,percentiles_96_99,1998,14.9,14.6,13.7
nonelderly_childless_hh,percentiles_96_99,1999,15.6,15.3,14.3
nonelderly_childless_hh,percentiles_96_99,2000,15.0,14.6,13.7
nonelderly_childless_hh,percentiles_96_99,2001,15.6,15.2,14.1
nonelderly_childless_hh,percentiles_96_99,2002,16.2,15.7,14.5
nonelderly_childless_hh,percentiles_96_99,2003,15.8,15.4,14.3
nonelderly_childless_hh,percentiles_96_99,2004,15.4,15.0,13.9
nonelderly_childless_hh,percentiles_96_99,2005,14.8,14.4,13.5
nonelderly_childless_hh,percentiles_96_99,2006,15.3,14.9,13.8
nonelderly_childless_hh,percentiles_96_99,2007,15.0,14.6,13.5
nonelderly_childless_hh,percentiles_96_99,2008,15.2,14.7,13.5
nonelderly_childless_hh,percentiles_96_99,2009,15.7,15.0,13.7
nonelderly_childless_hh,percentiles_96_99,2010,15.8,15.1,13.6
nonelderly_childless_hh,percentiles_96_99,2011,15.5,14.9,13.5
nonelderly_childless_hh,percentiles_96_99,2012,15.3,14.7,13.3
nonelderly_childless_hh,percentiles_96_99,2013,15.4,14.8,13.4
nonelderly_childless_hh,percentiles_96_99,2014,15.4,14.8,13.4
nonelderly_childless_hh,percentiles_96_99,2015,15.0,14.5,13.0
nonelderly_childless_hh,percentiles_96_99,2016,14.5,14.0,12.6
nonelderly_childless_hh,percentiles_96_99,2017,15.0,14.5,13.0
nonelderly_childless_hh,top_1_percent,1979,9.7,9.4,8.0
nonelderly_childless_hh,top_1_percent,1980,9.7,9.4,8.3
nonelderly_childless_hh,top_1_percent,1981,9.5,9.2,8.4
nonelderly_childless_hh,top_1_percent,1982,10.4,10.1,9.4
nonelderly_childless_hh,top_1_percent,1983,10.5,10.2,9.5
nonelderly_childless_hh,top_1_percent,1984,10.6,10.3,9.6
nonelderly_childless_hh,top_1_percent,1985,12.0,11.7,11.1
nonelderly_childless_hh,top_1_percent,1986,13.5,13.1,12.6
nonelderly_childless_hh,top_1_percent,1987,11.4,11.1,10.1
nonelderly_childless_hh,top_1_percent,1988,14.7,14.4,13.3
nonelderly_childless_hh,top_1_percent,1989,13.1,12.8,11.9
nonelderly_childless_hh,top_1_percent,1990,14.4,14.0,13.1
nonelderly_childless_hh,top_1_percent,1991,13.0,12.7,11.6
nonelderly_childless_hh,top_1_percent,1992,14.7,14.2,12.9
nonelderly_childless_hh,top_1_percent,1993,13.6,13.1,11.3
nonelderly_childless_hh,top_1_percent,1994,13.4,13.0,11.1
nonelderly_childless_hh,top_1_percent,1995,13.3,12.9,10.9
nonelderly_childless_hh,top_1_percent,1996,14.5,14.1,12.0
nonelderly_childless_hh,top_1_percent,1997,16.2,15.7,13.6
nonelderly_childless_hh,top_1_percent,1998,16.5,16.1,14.1
nonelderly_childless_hh,top_1_percent,1999,16.9,16.5,14.4
nonelderly_childless_hh,top_1_percent,2000,18.0,17.5,15.4
nonelderly_childless_hh,top_1_percent,2001,15.0,14.5,12.5
nonelderly_childless_hh,top_1_percent,2002,13.3,12.8,11.0
nonelderly_childless_hh,top_1_percent,2003,13.8,13.3,11.5
nonelderly_childless_hh,top_1_percent,2004,15.5,14.9,13.0
nonelderly_childless_hh,top_1_percent,2005,18.4,17.8,15.5
nonelderly_childless_hh,top_1_percent,2006,17.4,16.8,14.8
nonelderly_childless_hh,top_1_percent,2007,16.6,16.0,14.2
nonelderly_childless_hh,top_1_percent,2008,15.1,14.5,12.7
nonelderly_childless_hh,top_1_percent,2009,13.1,12.4,10.6
nonelderly_childless_hh,top_1_percent,2010,13.4,12.7,10.7
nonelderly_childless_hh,top_1_percent,2011,13.6,12.9,11.0
nonelderly_childless_hh,top_1_percent,2012,15.7,15.0,12.9
nonelderly_childless_hh,top_1_percent,2013,13.5,12.9,10.6
nonelderly_childless_hh,top_1_percent,2014,14.3,13.7,11.3
nonelderly_childless_hh,top_1_percent,2015,13.2,12.7,10.4
nonelderly_childless_hh,top_1_percent,2016,14.0,13.5,11.1
nonelderly_childless_hh,top_1_percent,2017,14.5,13.9,11.7
