household_type,income_group,year,num_households,num_people,num_children,num_adults,num_elderly
all_households,all_quintiles,1979,81.1,221.9,64.8,133.0,24.2
all_households,all_quintiles,1980,82.6,224.5,64.5,135.2,24.7
all_households,all_quintiles,1981,83.8,226.0,63.9,136.8,25.3
all_households,all_quintiles,1982,84.3,227.6,63.2,138.5,25.8
all_households,all_quintiles,1983,85.8,229.4,63.3,140.0,26.1
all_households,all_quintiles,1984,87.2,231.3,63.2,141.4,26.6
all_households,all_quintiles,1985,88.8,234.6,64.2,143.2,27.2
all_households,all_quintiles,1986,89.9,237.1,64.4,144.8,27.9
all_households,all_quintiles,1987,91.4,239.8,65.2,146.1,28.5
all_households,all_quintiles,1988,93.1,241.7,65.1,147.7,28.9
all_households,all_quintiles,1989,93.6,243.9,65.7,148.9,29.2
all_households,all_quintiles,1990,94.6,246.7,67.1,149.8,29.9
all_households,all_quintiles,1991,96.0,249.0,67.2,151.4,30.4
all_households,all_quintiles,1992,96.3,250.4,68.4,151.7,30.3
all_households,all_quintiles,1993,97.3,255.0,71.1,153.1,30.7
all_households,all_quintiles,1994,99.1,257.8,71.5,155.0,31.3
all_households,all_quintiles,1995,99.7,258.6,71.3,155.8,31.5
all_households,all_quintiles,1996,101.1,261.9,72.0,158.4,31.6
all_households,all_quintiles,1997,102.6,264.2,72.4,160.0,31.8
all_households,all_quintiles,1998,104.0,266.3,72.0,162.2,32.2
all_households,all_quintiles,1999,104.8,269.6,72.0,165.1,32.4
all_households,all_quintiles,2000,108.3,276.5,73.4,169.5,33.7
all_households,all_quintiles,2001,109.4,277.8,73.5,170.5,33.8
all_households,all_quintiles,2002,111.4,282.1,74.2,173.9,34.0
all_households,all_quintiles,2003,112.1,284.0,74.7,174.6,34.7
all_households,all_quintiles,2004,113.3,288.0,76.1,176.6,35.3
all_households,all_quintiles,2005,114.5,289.3,75.1,178.5,35.7
all_households,all_quintiles,2006,116.1,292.7,75.5,181.1,36.2
all_households,all_quintiles,2007,116.9,292.9,74.4,181.8,36.7
all_households,all_quintiles,2008,117.3,295.1,74.2,183.2,37.7
all_households,all_quintiles,2009,117.6,298.0,73.9,185.4,38.6
all_households,all_quintiles,2010,120.0,301.4,73.5,188.3,39.7
all_households,all_quintiles,2011,121.2,302.5,72.9,188.0,41.6
all_households,all_quintiles,2012,122.5,305.8,73.5,188.9,43.4
all_households,all_quintiles,2013,123.1,306.0,72.4,189.0,44.6
all_households,all_quintiles,2014,124.7,310.4,73.7,190.7,46.1
all_households,all_quintiles,2015,126.1,311.5,72.7,191.2,47.6
all_households,all_quintiles,2016,126.5,311.9,71.7,190.7,49.5
all_households,all_quintiles,2017,127.7,315.2,72.4,191.3,51.5
all_households,lowest_quintile,1979,19.1,43.1,12.6,17.5,13.0
all_households,lowest_quintile,1980,19.4,43.3,12.6,18.1,12.7
all_households,lowest_quintile,1981,19.2,43.3,12.5,18.6,12.1
all_households,lowest_quintile,1982,19.0,43.6,12.7,19.1,11.7
all_households,lowest_quintile,1983,19.1,43.9,13.3,19.4,11.3
all_households,lowest_quintile,1984,19.9,44.3,12.7,20.3,11.3
all_households,lowest_quintile,1985,20.0,44.9,13.4,20.0,11.4
all_households,lowest_quintile,1986,20.3,45.8,13.7,20.7,11.5
all_households,lowest_quintile,1987,20.1,46.4,14.8,19.7,12.0
all_households,lowest_quintile,1988,20.3,46.8,14.9,19.9,12.0
all_households,lowest_quintile,1989,20.3,47.3,15.0,20.3,12.0
all_households,lowest_quintile,1990,20.7,47.8,15.2,20.2,12.4
all_households,lowest_quintile,1991,21.0,48.2,15.0,20.7,12.6
all_households,lowest_quintile,1992,20.7,48.6,15.4,20.9,12.3
all_households,lowest_quintile,1993,21.1,49.4,15.7,21.0,12.7
all_households,lowest_quintile,1994,21.5,50.0,15.9,20.9,13.2
all_households,lowest_quintile,1995,22.3,50.6,15.2,22.2,13.2
all_households,lowest_quintile,1996,22.3,51.2,15.7,23.2,12.3
all_households,lowest_quintile,1997,22.6,51.4,15.3,23.8,12.3
all_households,lowest_quintile,1998,22.9,51.8,15.2,23.9,12.7
all_households,lowest_quintile,1999,23.0,52.6,15.1,24.8,12.7
all_households,lowest_quintile,2000,23.9,54.1,15.6,25.6,12.9
all_households,lowest_quintile,2001,24.1,54.1,15.2,25.8,13.1
all_households,lowest_quintile,2002,24.9,54.5,15.0,25.9,13.6
all_households,lowest_quintile,2003,25.2,55.0,14.7,26.2,14.1
all_households,lowest_quintile,2004,25.7,55.8,14.9,26.8,14.1
all_households,lowest_quintile,2005,26.1,56.2,14.8,27.4,14.0
all_households,lowest_quintile,2006,25.9,56.9,15.5,27.5,13.9
all_households,lowest_quintile,2007,26.6,56.9,15.2,28.2,13.4
all_households,lowest_quintile,2008,26.7,56.9,14.5,28.1,14.3
all_households,lowest_quintile,2009,26.2,57.1,14.6,28.3,14.1
all_households,lowest_quintile,2010,27.1,58.0,14.5,29.4,14.1
all_households,lowest_quintile,2011,27.7,58.3,14.0,29.1,15.2
all_households,lowest_quintile,2012,27.8,59.2,14.3,29.5,15.4
all_households,lowest_quintile,2013,28.1,59.3,14.1,29.7,15.5
all_households,lowest_quintile,2014,28.6,60.1,14.9,29.0,16.2
all_households,lowest_quintile,2015,29.2,60.5,14.6,28.8,17.1
all_households,lowest_quintile,2016,29.8,60.5,13.7,28.6,18.2
all_households,lowest_quintile,2017,29.7,61.1,14.4,28.1,18.6
all_households,second_quintile,1979,15.5,44.4,15.4,24.7,4.2
all_households,second_quintile,1980,15.7,44.9,15.4,25.1,4.4
all_households,second_quintile,1981,16.1,45.2,15.1,25.1,4.9
all_households,second_quintile,1982,16.1,45.5,14.9,25.3,5.3
all_households,second_quintile,1983,16.6,45.9,14.7,25.6,5.6
all_households,second_quintile,1984,16.8,46.2,14.7,26.0,5.5
all_households,second_quintile,1985,17.1,46.9,14.8,26.3,5.8
all_households,second_quintile,1986,17.3,47.4,14.9,26.2,6.3
all_households,second_quintile,1987,17.9,48.0,14.7,26.5,6.7
all_households,second_quintile,1988,18.4,48.3,14.4,26.9,7.0
all_households,second_quintile,1989,18.5,48.8,14.7,27.1,7.0
all_households,second_quintile,1990,18.5,49.3,15.0,27.5,6.9
all_households,second_quintile,1991,18.7,49.8,15.2,27.5,7.1
all_households,second_quintile,1992,19.0,50.1,15.2,27.5,7.3
all_households,second_quintile,1993,19.0,51.0,15.9,27.7,7.5
all_households,second_quintile,1994,19.4,51.6,15.9,28.1,7.6
all_households,second_quintile,1995,19.2,51.7,16.3,28.2,7.3
all_households,second_quintile,1996,19.6,52.4,16.5,28.5,7.4
all_households,second_quintile,1997,19.8,52.8,16.9,28.8,7.2
all_households,second_quintile,1998,20.0,53.3,16.8,29.4,7.1
all_households,second_quintile,1999,20.1,53.9,16.7,30.0,7.1
all_households,second_quintile,2000,20.9,55.3,16.8,30.9,7.6
all_households,second_quintile,2001,21.1,55.6,16.9,30.8,7.9
all_households,second_quintile,2002,21.3,56.4,17.2,31.5,7.8
all_households,second_quintile,2003,21.5,56.8,17.5,31.4,7.8
all_households,second_quintile,2004,21.6,57.6,17.8,32.0,7.8
all_households,second_quintile,2005,21.7,57.9,17.7,32.6,7.6
all_households,second_quintile,2006,22.0,58.5,17.7,33.4,7.5
all_households,second_quintile,2007,22.2,58.6,17.6,33.4,7.6
all_households,second_quintile,2008,22.3,59.0,17.3,33.9,7.8
all_households,second_quintile,2009,22.6,59.6,16.9,34.2,8.5
all_households,second_quintile,2010,22.9,60.3,16.9,34.9,8.5
all_households,second_quintile,2011,23.0,60.5,17.1,35.0,8.4
all_households,second_quintile,2012,23.3,61.2,17.3,34.9,9.0
all_households,second_quintile,2013,23.4,61.2,17.0,35.0,9.2
all_households,second_quintile,2014,23.9,62.1,17.2,35.7,9.2
all_households,second_quintile,2015,24.0,62.3,17.3,35.6,9.4
all_households,second_quintile,2016,24.0,62.4,17.1,35.4,9.9
all_households,second_quintile,2017,24.3,63.0,17.4,35.6,10.1
all_households,middle_quintile,1979,14.6,44.4,15.3,26.7,2.4
all_households,middle_quintile,1980,15.0,44.9,15.2,27.1,2.6
all_households,middle_quintile,1981,15.3,45.2,14.8,27.5,2.8
all_households,middle_quintile,1982,15.5,45.5,14.6,27.7,3.3
all_households,middle_quintile,1983,15.9,45.9,14.5,28.0,3.4
all_households,middle_quintile,1984,16.1,46.3,14.5,28.2,3.6
all_households,middle_quintile,1985,16.3,46.9,14.6,28.5,3.8
all_households,middle_quintile,1986,16.6,47.4,14.5,28.9,4.0
all_households,middle_quintile,1987,17.2,48.0,14.5,29.6,3.9
all_households,middle_quintile,1988,17.3,48.3,14.8,29.8,3.8
all_households,middle_quintile,1989,17.6,48.8,14.6,30.2,4.0
all_households,middle_quintile,1990,17.5,49.3,15.0,30.2,4.1
all_households,middle_quintile,1991,18.1,49.8,14.7,30.6,4.4
all_households,middle_quintile,1992,18.0,50.1,15.0,30.8,4.3
all_households,middle_quintile,1993,18.2,51.0,15.6,31.2,4.2
all_households,middle_quintile,1994,18.7,51.6,15.6,31.7,4.2
all_households,middle_quintile,1995,18.6,51.7,15.6,31.9,4.3
all_households,middle_quintile,1996,19.0,52.4,15.6,32.2,4.6
all_households,middle_quintile,1997,19.3,52.8,15.7,32.4,4.8
all_households,middle_quintile,1998,19.6,53.3,15.6,32.9,4.8
all_households,middle_quintile,1999,19.7,53.9,15.8,33.3,4.8
all_households,middle_quintile,2000,20.4,55.3,15.9,34.3,5.1
all_households,middle_quintile,2001,20.5,55.6,16.1,34.2,5.3
all_households,middle_quintile,2002,20.9,56.4,16.0,35.2,5.3
all_households,middle_quintile,2003,21.0,56.8,16.3,35.3,5.2
all_households,middle_quintile,2004,21.3,57.6,16.6,35.6,5.4
all_households,middle_quintile,2005,21.6,57.9,16.2,36.2,5.5
all_households,middle_quintile,2006,22.2,58.5,16.1,36.7,5.7
all_households,middle_quintile,2007,22.0,58.6,15.8,37.0,5.8
all_households,middle_quintile,2008,22.2,59.0,15.8,37.2,6.0
all_households,middle_quintile,2009,22.2,59.6,15.7,37.5,6.4
all_households,middle_quintile,2010,22.6,60.3,15.6,38.0,6.7
all_households,middle_quintile,2011,23.0,60.5,15.3,38.3,6.9
all_households,middle_quintile,2012,23.2,61.2,15.6,38.3,7.3
all_households,middle_quintile,2013,23.3,61.2,15.3,38.6,7.3
all_households,middle_quintile,2014,23.4,62.1,15.5,39.0,7.6
all_households,middle_quintile,2015,23.9,62.3,15.0,39.4,7.9
all_households,middle_quintile,2016,23.8,62.4,15.1,39.5,7.7
all_households,middle_quintile,2017,24.0,63.0,15.1,39.7,8.2
all_households,fourth_quintile,1979,15.1,44.4,12.7,29.8,1.9
all_households,fourth_quintile,1980,15.3,44.9,12.7,30.2,2.0
all_households,fourth_quintile,1981,15.4,45.2,12.8,30.3,2.2
all_households,fourth_quintile,1982,15.6,45.5,12.6,30.7,2.3
all_households,fourth_quintile,1983,16.1,45.9,12.2,31.1,2.6
all_households,fourth_quintile,1984,16.3,46.2,12.5,31.0,2.7
all_households,fourth_quintile,1985,16.6,46.9,12.4,31.8,2.7
all_households,fourth_quintile,1986,16.8,47.4,12.5,32.2,2.7
all_households,fourth_quintile,1987,17.2,48.0,12.5,32.7,2.7
all_households,fourth_quintile,1988,17.7,48.3,12.3,33.3,2.8
all_households,fourth_quintile,1989,17.8,48.8,12.5,33.4,2.9
all_households,fourth_quintile,1990,18.0,49.3,12.7,33.7,3.0
all_households,fourth_quintile,1991,18.1,49.8,12.8,34.1,2.8
all_households,fourth_quintile,1992,18.2,50.1,13.2,33.9,3.0
all_households,fourth_quintile,1993,18.5,51.0,13.7,34.3,3.0
all_households,fourth_quintile,1994,18.8,51.6,13.6,35.1,2.8
all_households,fourth_quintile,1995,19.0,51.7,13.7,34.9,3.1
all_households,fourth_quintile,1996,19.2,52.4,13.8,35.4,3.1
all_households,fourth_quintile,1997,19.4,52.8,14.0,35.6,3.3
all_households,fourth_quintile,1998,19.8,53.3,13.5,36.4,3.3
all_households,fourth_quintile,1999,20.0,53.9,13.5,36.9,3.5
all_households,fourth_quintile,2000,20.6,55.3,13.8,37.9,3.7
all_households,fourth_quintile,2001,20.9,55.6,13.8,38.2,3.6
all_households,fourth_quintile,2002,21.2,56.4,14.2,38.7,3.5
all_households,fourth_quintile,2003,21.2,56.8,14.4,38.7,3.7
all_households,fourth_quintile,2004,21.4,57.6,14.7,39.2,3.7
all_households,fourth_quintile,2005,21.6,57.9,14.5,39.5,3.9
all_households,fourth_quintile,2006,22.1,58.5,14.1,40.2,4.2
all_households,fourth_quintile,2007,22.1,58.6,14.1,40.0,4.5
all_households,fourth_quintile,2008,22.2,59.0,14.2,40.3,4.6
all_households,fourth_quintile,2009,22.3,59.6,14.2,40.7,4.6
all_households,fourth_quintile,2010,22.8,60.3,14.1,41.2,5.0
all_households,fourth_quintile,2011,23.0,60.5,14.0,41.2,5.3
all_households,fourth_quintile,2012,23.4,61.2,14.0,41.7,5.5
all_households,fourth_quintile,2013,23.3,61.2,13.9,41.4,6.0
all_households,fourth_quintile,2014,23.5,62.1,13.8,42.1,6.2
all_households,fourth_quintile,2015,23.7,62.3,13.6,42.6,6.2
all_households,fourth_quintile,2016,23.8,62.4,13.6,42.4,6.3
all_households,fourth_quintile,2017,24.1,63.0,13.4,42.9,6.8
all_households,highest_quintile,1979,16.4,44.4,8.2,33.5,2.6
all_households,highest_quintile,1980,16.8,44.9,8.1,33.9,2.9
all_households,highest_quintile,1981,17.2,45.2,7.9,34.2,3.1
all_households,highest_quintile,1982,17.4,45.5,7.8,34.5,3.2
all_households,highest_quintile,1983,17.6,45.9,7.9,34.7,3.2
all_households,highest_quintile,1984,17.5,46.3,8.2,34.7,3.3
all_households,highest_quintile,1985,18.2,46.9,8.3,35.3,3.3
all_households,highest_quintile,1986,18.3,47.4,8.3,35.8,3.3
all_households,highest_quintile,1987,18.4,48.0,8.2,36.7,3.1
all_households,highest_quintile,1988,18.8,48.3,8.3,36.9,3.2
all_households,highest_quintile,1989,18.9,48.8,8.5,37.1,3.2
all_households,highest_quintile,1990,19.3,49.3,8.8,37.2,3.4
all_households,highest_quintile,1991,19.5,49.8,9.0,37.6,3.2
all_households,highest_quintile,1992,19.7,50.1,9.3,37.6,3.2
all_households,highest_quintile,1993,19.9,51.0,9.8,37.9,3.2
all_households,highest_quintile,1994,20.0,51.6,10.0,38.3,3.3
all_households,highest_quintile,1995,20.1,51.7,10.3,38.0,3.4
all_households,highest_quintile,1996,20.5,52.4,10.1,38.4,3.9
all_households,highest_quintile,1997,20.9,52.8,10.2,38.7,4.0
all_households,highest_quintile,1998,21.1,53.3,10.4,38.8,4.0
all_households,highest_quintile,1999,21.4,53.9,10.6,39.3,4.0
all_households,highest_quintile,2000,21.9,55.3,11.1,40.1,4.2
all_households,highest_quintile,2001,22.1,55.6,11.1,40.7,3.7
all_households,highest_quintile,2002,22.3,56.4,11.4,41.6,3.5
all_households,highest_quintile,2003,22.4,56.8,11.4,41.8,3.6
all_households,highest_quintile,2004,22.5,57.6,11.8,42.0,3.9
all_households,highest_quintile,2005,22.8,57.9,11.6,41.9,4.3
all_households,highest_quintile,2006,23.2,58.5,11.7,42.2,4.6
all_households,highest_quintile,2007,23.2,58.6,11.4,42.1,5.0
all_households,highest_quintile,2008,23.0,59.0,12.1,42.4,4.5
all_households,highest_quintile,2009,23.2,59.6,12.0,43.2,4.4
all_households,highest_quintile,2010,23.6,60.3,12.0,43.4,4.9
all_households,highest_quintile,2011,23.6,60.5,12.1,43.3,5.2
all_households,highest_quintile,2012,23.9,61.2,12.0,43.5,5.7
all_households,highest_quintile,2013,24.0,61.2,11.9,43.3,6.1
all_households,highest_quintile,2014,24.4,62.1,11.9,43.8,6.4
all_households,highest_quintile,2015,24.4,62.3,12.0,43.8,6.5
all_households,highest_quintile,2016,24.3,62.4,11.9,43.8,6.7
all_households,highest_quintile,2017,24.7,63.0,11.8,44.2,7.1
all_households,percentiles_81_90,1979,8.0,22.2,4.6,16.6,0.9
all_households,percentiles_81_90,1980,8.2,22.4,4.5,16.8,1.1
all_households,percentiles_81_90,1981,8.3,22.6,4.5,17.0,1.2
all_households,percentiles_81_90,1982,8.5,22.8,4.4,17.1,1.2
all_households,percentiles_81_90,1983,8.6,22.9,4.4,17.2,1.3
all_households,percentiles_81_90,1984,8.6,23.1,4.5,17.3,1.4
all_households,percentiles_81_90,1985,8.9,23.5,4.6,17.5,1.3
all_households,percentiles_81_90,1986,8.9,23.7,4.6,17.9,1.2
all_households,percentiles_81_90,1987,9.1,24.0,4.5,18.3,1.1
all_households,percentiles_81_90,1988,9.3,24.2,4.6,18.3,1.3
all_households,percentiles_81_90,1989,9.3,24.4,4.6,18.6,1.3
all_households,percentiles_81_90,1990,9.5,24.7,4.8,18.5,1.4
all_households,percentiles_81_90,1991,9.6,24.9,4.9,18.7,1.3
all_households,percentiles_81_90,1992,9.7,25.0,5.1,18.6,1.3
all_households,percentiles_81_90,1993,9.7,25.5,5.3,18.9,1.3
all_households,percentiles_81_90,1994,9.8,25.8,5.4,19.1,1.3
all_households,percentiles_81_90,1995,9.8,25.9,5.5,18.9,1.4
all_households,percentiles_81_90,1996,10.1,26.2,5.3,19.2,1.6
all_households,percentiles_81_90,1997,10.3,26.4,5.3,19.6,1.5
all_households,percentiles_81_90,1998,10.5,26.6,5.5,19.6,1.6
all_households,percentiles_81_90,1999,10.5,27.0,5.5,19.8,1.6
all_households,percentiles_81_90,2000,10.8,27.7,5.8,20.2,1.7
all_households,percentiles_81_90,2001,10.9,27.8,5.8,20.4,1.6
all_households,percentiles_81_90,2002,10.9,28.2,5.9,20.8,1.6
all_households,percentiles_81_90,2003,11.0,28.4,5.9,21.0,1.5
all_households,percentiles_81_90,2004,11.1,28.8,6.0,21.1,1.7
all_households,percentiles_81_90,2005,11.3,28.9,6.0,21.1,1.8
all_households,percentiles_81_90,2006,11.4,29.3,6.0,21.4,2.0
all_households,percentiles_81_90,2007,11.5,29.3,5.8,21.4,2.2
all_households,percentiles_81_90,2008,11.3,29.5,6.1,21.4,2.0
all_households,percentiles_81_90,2009,11.5,29.8,6.1,21.7,2.0
all_households,percentiles_81_90,2010,11.7,30.1,6.2,21.7,2.2
all_households,percentiles_81_90,2011,11.7,30.3,6.2,21.7,2.3
all_households,percentiles_81_90,2012,11.9,30.6,6.0,22.0,2.6
all_households,percentiles_81_90,2013,12.0,30.6,5.9,21.8,2.8
all_households,percentiles_81_90,2014,12.1,31.0,6.0,22.2,2.8
all_households,percentiles_81_90,2015,12.1,31.2,6.0,22.3,2.9
all_households,percentiles_81_90,2016,12.1,31.2,5.8,22.4,3.1
all_households,percentiles_81_90,2017,12.3,31.5,5.8,22.5,3.2
all_households,percentiles_91_95,1979,4.2,11.1,1.8,8.8,0.5
all_households,percentiles_91_95,1980,4.3,11.2,1.8,8.8,0.6
all_households,percentiles_91_95,1981,4.4,11.3,1.8,8.9,0.7
all_households,percentiles_91_95,1982,4.5,11.4,1.7,9.0,0.7
all_households,percentiles_91_95,1983,4.5,11.5,1.7,9.0,0.7
all_households,percentiles_91_95,1984,4.4,11.6,1.8,9.0,0.8
all_households,percentiles_91_95,1985,4.6,11.7,1.9,9.1,0.7
all_households,percentiles_91_95,1986,4.7,11.9,1.8,9.3,0.7
all_households,percentiles_91_95,1987,4.6,12.0,1.8,9.5,0.7
all_households,percentiles_91_95,1988,4.7,12.1,1.8,9.6,0.7
all_households,percentiles_91_95,1989,4.7,12.2,1.9,9.5,0.7
all_households,percentiles_91_95,1990,4.9,12.3,2.0,9.6,0.8
all_households,percentiles_91_95,1991,4.9,12.4,2.1,9.7,0.7
all_households,percentiles_91_95,1992,5.0,12.5,2.1,9.7,0.7
all_households,percentiles_91_95,1993,5.1,12.7,2.2,9.8,0.8
all_households,percentiles_91_95,1994,5.1,12.9,2.2,9.8,0.8
all_households,percentiles_91_95,1995,5.2,12.9,2.3,9.8,0.8
all_households,percentiles_91_95,1996,5.2,13.1,2.3,9.9,0.9
all_households,percentiles_91_95,1997,5.3,13.2,2.3,9.8,1.1
all_households,percentiles_91_95,1998,5.4,13.3,2.4,10.0,1.0
all_households,percentiles_91_95,1999,5.4,13.5,2.4,10.1,1.0
all_households,percentiles_91_95,2000,5.6,13.8,2.6,10.2,1.0
all_households,percentiles_91_95,2001,5.6,13.9,2.6,10.4,0.9
all_households,percentiles_91_95,2002,5.7,14.1,2.7,10.6,0.8
all_households,percentiles_91_95,2003,5.7,14.2,2.7,10.7,0.8
all_households,percentiles_91_95,2004,5.7,14.4,2.8,10.8,0.9
all_households,percentiles_91_95,2005,5.8,14.5,2.7,10.7,1.0
all_households,percentiles_91_95,2006,5.9,14.6,2.8,10.8,1.1
all_households,percentiles_91_95,2007,5.9,14.6,2.7,10.8,1.2
all_households,percentiles_91_95,2008,5.9,14.8,2.8,10.8,1.1
all_households,percentiles_91_95,2009,5.9,14.9,2.8,11.0,1.1
all_households,percentiles_91_95,2010,5.9,15.1,2.8,11.1,1.2
all_households,percentiles_91_95,2011,6.0,15.1,2.8,11.1,1.2
all_households,percentiles_91_95,2012,6.1,15.3,2.8,11.1,1.4
all_households,percentiles_91_95,2013,6.0,15.3,2.8,11.1,1.4
all_households,percentiles_91_95,2014,6.2,15.5,2.8,11.1,1.6
all_households,percentiles_91_95,2015,6.2,15.6,2.8,11.1,1.6
all_households,percentiles_91_95,2016,6.2,15.6,2.8,11.2,1.6
all_households,percentiles_91_95,2017,6.2,15.8,2.8,11.2,1.7
all_households,percentiles_96_99,1979,3.4,8.9,1.5,6.7,0.8
all_households,percentiles_96_99,1980,3.5,9.0,1.4,6.7,0.8
all_households,percentiles_96_99,1981,3.6,9.0,1.3,6.8,0.9
all_households,percentiles_96_99,1982,3.6,9.1,1.3,6.9,0.9
all_households,percentiles_96_99,1983,3.6,9.2,1.4,6.9,0.9
all_households,percentiles_96_99,1984,3.6,9.2,1.5,7.0,0.8
all_households,percentiles_96_99,1985,3.7,9.4,1.4,7.1,0.9
all_households,percentiles_96_99,1986,3.7,9.5,1.5,7.1,0.9
all_households,percentiles_96_99,1987,3.8,9.6,1.5,7.2,0.9
all_households,percentiles_96_99,1988,3.8,9.7,1.5,7.3,0.9
all_households,percentiles_96_99,1989,3.9,9.8,1.6,7.3,0.9
all_households,percentiles_96_99,1990,4.0,9.9,1.6,7.4,0.9
all_households,percentiles_96_99,1991,4.1,10.0,1.6,7.5,0.8
all_households,percentiles_96_99,1992,4.0,10.0,1.7,7.5,0.9
all_households,percentiles_96_99,1993,4.1,10.2,1.8,7.5,0.8
all_households,percentiles_96_99,1994,4.1,10.3,1.9,7.6,0.9
all_households,percentiles_96_99,1995,4.1,10.3,1.9,7.6,0.9
all_households,percentiles_96_99,1996,4.2,10.5,1.9,7.6,1.0
all_households,percentiles_96_99,1997,4.2,10.6,2.0,7.6,1.0
all_households,percentiles_96_99,1998,4.3,10.7,2.1,7.5,1.0
all_households,percentiles_96_99,1999,4.4,10.8,2.1,7.7,1.0
all_households,percentiles_96_99,2000,4.5,11.1,2.1,7.8,1.1
all_households,percentiles_96_99,2001,4.5,11.1,2.2,8.0,0.9
all_households,percentiles_96_99,2002,4.6,11.3,2.2,8.2,0.9
all_households,percentiles_96_99,2003,4.5,11.4,2.2,8.3,0.9
all_households,percentiles_96_99,2004,4.6,11.5,2.3,8.3,1.0
all_households,percentiles_96_99,2005,4.6,11.6,2.4,8.2,1.1
all_households,percentiles_96_99,2006,4.7,11.7,2.3,8.3,1.1
all_households,percentiles_96_99,2007,4.7,11.7,2.3,8.2,1.2
all_households,percentiles_96_99,2008,4.7,11.8,2.4,8.3,1.0
all_households,percentiles_96_99,2009,4.7,11.9,2.4,8.6,1.0
all_households,percentiles_96_99,2010,4.8,12.1,2.3,8.6,1.1
all_households,percentiles_96_99,2011,4.8,12.1,2.4,8.6,1.2
all_households,percentiles_96_99,2012,4.8,12.2,2.4,8.5,1.3
all_households,percentiles_96_99,2013,4.8,12.2,2.4,8.5,1.4
all_households,percentiles_96_99,2014,4.9,12.4,2.4,8.5,1.5
all_households,percentiles_96_99,2015,4.9,12.5,2.5,8.5,1.5
all_households,percentiles_96_99,2016,4.9,12.5,2.6,8.4,1.5
all_households,percentiles_96_99,2017,4.9,12.6,2.4,8.5,1.6
all_households,top_1_percent,1979,0.8,2.2,0.4,1.5,0.4
all_households,top_1_percent,1980,0.9,2.2,0.4,1.5,0.4
all_households,top_1_percent,1981,0.9,2.3,0.4,1.5,0.4
all_households,top_1_percent,1982,0.9,2.3,0.4,1.5,0.4
all_households,top_1_percent,1983,0.9,2.3,0.4,1.5,0.4
all_households,top_1_percent,1984,0.9,2.3,0.4,1.5,0.4
all_households,top_1_percent,1985,0.9,2.3,0.4,1.5,0.4
all_households,top_1_percent,1986,1.0,2.4,0.4,1.5,0.4
all_households,top_1_percent,1987,0.9,2.4,0.4,1.6,0.3
all_households,top_1_percent,1988,0.9,2.4,0.4,1.7,0.3
all_households,top_1_percent,1989,1.0,2.4,0.4,1.7,0.3
all_households,top_1_percent,1990,1.0,2.5,0.5,1.7,0.3
all_households,top_1_percent,1991,1.0,2.5,0.5,1.7,0.3
all_households,top_1_percent,1992,1.0,2.5,0.4,1.8,0.3
all_households,top_1_percent,1993,1.0,2.6,0.5,1.7,0.3
all_households,top_1_percent,1994,1.0,2.6,0.6,1.7,0.3
all_households,top_1_percent,1995,1.0,2.6,0.6,1.7,0.3
all_households,top_1_percent,1996,1.0,2.6,0.6,1.7,0.4
all_households,top_1_percent,1997,1.0,2.6,0.6,1.7,0.4
all_households,top_1_percent,1998,1.0,2.7,0.6,1.7,0.4
all_households,top_1_percent,1999,1.1,2.7,0.6,1.8,0.4
all_households,top_1_percent,2000,1.1,2.8,0.6,1.8,0.4
all_households,top_1_percent,2001,1.1,2.8,0.6,1.8,0.3
all_households,top_1_percent,2002,1.1,2.8,0.6,1.9,0.3
all_households,top_1_percent,2003,1.1,2.8,0.6,1.9,0.3
all_households,top_1_percent,2004,1.1,2.9,0.6,1.9,0.4
all_households,top_1_percent,2005,1.1,2.9,0.6,1.9,0.4
all_households,top_1_percent,2006,1.1,2.9,0.7,1.8,0.4
all_households,top_1_percent,2007,1.1,2.9,0.7,1.8,0.4
all_households,top_1_percent,2008,1.1,3.0,0.7,1.9,0.4
all_households,top_1_percent,2009,1.1,3.0,0.7,1.9,0.4
all_households,top_1_percent,2010,1.1,3.0,0.7,1.9,0.4
all_households,top_1_percent,2011,1.1,3.0,0.7,1.9,0.4
all_households,top_1_percent,2012,1.2,3.1,0.7,1.9,0.5
all_households,top_1_percent,2013,1.2,3.1,0.7,1.9,0.4
all_households,top_1_percent,2014,1.2,3.1,0.7,1.9,0.5
all_households,top_1_percent,2015,1.2,3.1,0.7,1.9,0.5
all_households,top_1_percent,2016,1.2,3.1,0.7,1.9,0.5
all_households,top_1_percent,2017,1.2,3.2,0.7,1.9,0.5
hh_with_children,all_quintiles,1979,32.9,135.5,64.8,69.4,1.3
hh_with_children,all_quintiles,1980,33.2,135.9,64.5,70.0,1.3
hh_with_children,all_quintiles,1981,33.0,134.5,63.9,69.3,1.3
hh_with_children,all_quintiles,1982,33.0,134.1,63.2,69.5,1.4
hh_with_children,all_quintiles,1983,33.2,133.5,63.3,68.9,1.3
hh_with_children,all_quintiles,1984,33.4,133.5,63.2,68.9,1.4
hh_with_children,all_quintiles,1985,34.0,135.6,64.2,70.0,1.4
hh_with_children,all_quintiles,1986,34.4,136.6,64.4,70.8,1.4
hh_with_children,all_quintiles,1987,34.5,137.2,65.2,70.5,1.4
hh_with_children,all_quintiles,1988,34.8,137.2,65.1,70.7,1.4
hh_with_children,all_quintiles,1989,34.8,138.4,65.7,71.3,1.4
hh_with_children,all_quintiles,1990,35.0,140.2,67.1,71.7,1.5
hh_with_children,all_quintiles,1991,35.4,140.9,67.2,72.2,1.4
hh_with_children,all_quintiles,1992,36.1,142.8,68.4,72.8,1.5
hh_with_children,all_quintiles,1993,37.2,147.8,71.1,75.0,1.7
hh_with_children,all_quintiles,1994,37.5,148.9,71.5,75.9,1.6
hh_with_children,all_quintiles,1995,37.4,148.7,71.3,75.7,1.6
hh_with_children,all_quintiles,1996,38.0,150.3,72.0,76.7,1.7
hh_with_children,all_quintiles,1997,38.2,150.9,72.4,76.7,1.7
hh_with_children,all_quintiles,1998,38.0,150.2,72.0,76.5,1.7
hh_with_children,all_quintiles,1999,38.0,151.6,72.0,77.8,1.8
hh_with_children,all_quintiles,2000,38.9,155.0,73.4,79.7,1.9
hh_with_children,all_quintiles,2001,39.2,155.1,73.5,79.6,2.0
hh_with_children,all_quintiles,2002,39.6,156.6,74.2,80.5,2.0
hh_with_children,all_quintiles,2003,39.7,157.3,74.7,80.7,2.0
hh_with_children,all_quintiles,2004,40.4,160.2,76.1,81.8,2.3
hh_with_children,all_quintiles,2005,40.2,158.8,75.1,81.6,2.1
hh_with_children,all_quintiles,2006,40.4,159.9,75.5,82.2,2.2
hh_with_children,all_quintiles,2007,39.5,157.1,74.4,80.3,2.3
hh_with_children,all_quintiles,2008,39.6,157.7,74.2,81.1,2.4
hh_with_children,all_quintiles,2009,39.5,158.6,73.9,82.3,2.5
hh_with_children,all_quintiles,2010,39.4,158.2,73.5,82.1,2.6
hh_with_children,all_quintiles,2011,39.1,156.4,72.9,80.7,2.7
hh_with_children,all_quintiles,2012,39.2,157.0,73.5,80.7,2.8
hh_with_children,all_quintiles,2013,39.0,156.1,72.4,80.8,2.9
hh_with_children,all_quintiles,2014,39.4,158.6,73.7,81.8,3.1
hh_with_children,all_quintiles,2015,39.0,156.2,72.7,80.4,3.2
hh_with_children,all_quintiles,2016,38.5,154.5,71.7,79.6,3.2
hh_with_children,all_quintiles,2017,38.5,155.5,72.4,79.7,3.4
hh_with_children,lowest_quintile,1979,5.4,22.2,12.6,9.0,0.5
hh_with_children,lowest_quintile,1980,5.7,22.7,12.6,9.6,0.5
hh_with_children,lowest_quintile,1981,5.6,22.6,12.5,9.6,0.5
hh_with_children,lowest_quintile,1982,5.9,23.3,12.7,10.1,0.5
hh_with_children,lowest_quintile,1983,6.1,24.1,13.3,10.4,0.4
hh_with_children,lowest_quintile,1984,6.1,23.5,12.7,10.4,0.4
hh_with_children,lowest_quintile,1985,6.4,24.4,13.4,10.5,0.4
hh_with_children,lowest_quintile,1986,6.6,25.1,13.7,10.9,0.5
hh_with_children,lowest_quintile,1987,6.8,26.3,14.8,11.1,0.5
hh_with_children,lowest_quintile,1988,6.8,26.5,14.9,11.2,0.5
hh_with_children,lowest_quintile,1989,6.7,26.8,15.0,11.3,0.5
hh_with_children,lowest_quintile,1990,6.6,26.7,15.2,11.1,0.5
hh_with_children,lowest_quintile,1991,6.7,26.8,15.0,11.4,0.5
hh_with_children,lowest_quintile,1992,6.8,27.5,15.4,11.6,0.5
hh_with_children,lowest_quintile,1993,6.8,28.0,15.7,11.7,0.6
hh_with_children,lowest_quintile,1994,6.8,28.1,15.9,11.7,0.5
hh_with_children,lowest_quintile,1995,6.8,27.2,15.2,11.6,0.4
hh_with_children,lowest_quintile,1996,7.2,28.8,15.7,12.6,0.5
hh_with_children,lowest_quintile,1997,7.1,28.4,15.3,12.5,0.6
hh_with_children,lowest_quintile,1998,7.1,28.0,15.2,12.3,0.5
hh_with_children,lowest_quintile,1999,6.9,27.9,15.1,12.3,0.5
hh_with_children,lowest_quintile,2000,7.3,29.3,15.6,13.1,0.5
hh_with_children,lowest_quintile,2001,7.3,28.6,15.2,12.8,0.6
hh_with_children,lowest_quintile,2002,7.0,28.0,15.0,12.4,0.6
hh_with_children,lowest_quintile,2003,7.0,27.8,14.7,12.6,0.5
hh_with_children,lowest_quintile,2004,7.1,28.1,14.9,12.5,0.6
hh_with_children,lowest_quintile,2005,7.3,28.2,14.8,12.8,0.6
hh_with_children,lowest_quintile,2006,7.6,29.6,15.5,13.5,0.5
hh_with_children,lowest_quintile,2007,7.5,28.9,15.2,13.0,0.6
hh_with_children,lowest_quintile,2008,7.1,27.6,14.5,12.5,0.6
hh_with_children,lowest_quintile,2009,7.0,28.1,14.6,12.9,0.6
hh_with_children,lowest_quintile,2010,7.1,28.1,14.5,12.9,0.6
hh_with_children,lowest_quintile,2011,6.9,26.9,14.0,12.1,0.7
hh_with_children,lowest_quintile,2012,7.0,27.7,14.3,12.6,0.8
hh_with_children,lowest_quintile,2013,7.0,27.4,14.1,12.6,0.7
hh_with_children,lowest_quintile,2014,7.0,28.1,14.9,12.4,0.7
hh_with_children,lowest_quintile,2015,6.9,27.3,14.6,12.0,0.7
hh_with_children,lowest_quintile,2016,6.6,26.0,13.7,11.4,0.8
hh_with_children,lowest_quintile,2017,6.7,26.7,14.4,11.6,0.8
hh_with_children,second_quintile,1979,7.4,30.5,15.4,14.8,0.3
hh_with_children,second_quintile,1980,7.4,30.7,15.4,15.0,0.3
hh_with_children,second_quintile,1981,7.3,30.2,15.1,14.7,0.3
hh_with_children,second_quintile,1982,7.2,30.0,14.9,14.7,0.3
hh_with_children,second_quintile,1983,7.2,29.6,14.7,14.6,0.3
hh_with_children,second_quintile,1984,7.2,29.5,14.7,14.5,0.3
hh_with_children,second_quintile,1985,7.3,29.9,14.8,14.7,0.3
hh_with_children,second_quintile,1986,7.4,30.2,14.9,15.0,0.3
hh_with_children,second_quintile,1987,7.2,29.6,14.7,14.6,0.3
hh_with_children,second_quintile,1988,7.4,29.4,14.4,14.6,0.3
hh_with_children,second_quintile,1989,7.4,29.9,14.7,14.9,0.3
hh_with_children,second_quintile,1990,7.7,30.7,15.0,15.4,0.3
hh_with_children,second_quintile,1991,7.7,30.9,15.2,15.4,0.3
hh_with_children,second_quintile,1992,8.0,31.2,15.2,15.6,0.4
hh_with_children,second_quintile,1993,8.2,32.1,15.9,15.9,0.4
hh_with_children,second_quintile,1994,8.2,32.5,15.9,16.2,0.4
hh_with_children,second_quintile,1995,8.3,33.1,16.3,16.4,0.4
hh_with_children,second_quintile,1996,8.5,33.4,16.5,16.5,0.4
hh_with_children,second_quintile,1997,8.5,33.5,16.9,16.2,0.4
hh_with_children,second_quintile,1998,8.5,33.6,16.8,16.3,0.4
hh_with_children,second_quintile,1999,8.5,33.7,16.7,16.5,0.4
hh_with_children,second_quintile,2000,8.5,33.8,16.8,16.5,0.5
hh_with_children,second_quintile,2001,8.7,34.1,16.9,16.8,0.5
hh_with_children,second_quintile,2002,8.7,34.4,17.2,16.8,0.4
hh_with_children,second_quintile,2003,8.8,35.0,17.5,17.0,0.4
hh_with_children,second_quintile,2004,9.0,35.8,17.8,17.4,0.6
hh_with_children,second_quintile,2005,8.9,35.5,17.7,17.3,0.5
hh_with_children,second_quintile,2006,9.0,35.7,17.7,17.5,0.5
hh_with_children,second_quintile,2007,8.9,35.4,17.6,17.3,0.5
hh_with_children,second_quintile,2008,8.7,35.0,17.3,17.2,0.6
hh_with_children,second_quintile,2009,8.6,34.8,16.9,17.3,0.5
hh_with_children,second_quintile,2010,8.6,34.7,16.9,17.2,0.6
hh_with_children,second_quintile,2011,8.6,34.8,17.1,17.2,0.5
hh_with_children,second_quintile,2012,8.7,35.2,17.3,17.3,0.6
hh_with_children,second_quintile,2013,8.6,34.8,17.0,17.1,0.6
hh_with_children,second_quintile,2014,8.8,35.4,17.2,17.4,0.8
hh_with_children,second_quintile,2015,8.9,35.5,17.3,17.4,0.8
hh_with_children,second_quintile,2016,8.8,35.3,17.1,17.4,0.8
hh_with_children,second_quintile,2017,8.8,35.7,17.4,17.4,0.8
hh_with_children,middle_quintile,1979,7.7,31.9,15.3,16.4,0.2
hh_with_children,middle_quintile,1980,7.7,31.9,15.2,16.5,0.2
hh_with_children,middle_quintile,1981,7.7,31.4,14.8,16.4,0.2
hh_with_children,middle_quintile,1982,7.6,31.0,14.6,16.2,0.2
hh_with_children,middle_quintile,1983,7.5,30.6,14.5,15.9,0.2
hh_with_children,middle_quintile,1984,7.5,30.5,14.5,15.8,0.2
hh_with_children,middle_quintile,1985,7.6,31.0,14.6,16.1,0.3
hh_with_children,middle_quintile,1986,7.6,30.8,14.5,16.1,0.3
hh_with_children,middle_quintile,1987,7.7,30.9,14.5,16.1,0.2
hh_with_children,middle_quintile,1988,7.8,31.3,14.8,16.3,0.2
hh_with_children,middle_quintile,1989,7.8,31.1,14.6,16.3,0.2
hh_with_children,middle_quintile,1990,7.8,31.8,15.0,16.5,0.3
hh_with_children,middle_quintile,1991,7.8,31.2,14.7,16.3,0.3
hh_with_children,middle_quintile,1992,8.0,31.7,15.0,16.4,0.3
hh_with_children,middle_quintile,1993,8.3,33.1,15.6,17.2,0.3
hh_with_children,middle_quintile,1994,8.4,33.1,15.6,17.2,0.3
hh_with_children,middle_quintile,1995,8.3,33.0,15.6,17.1,0.3
hh_with_children,middle_quintile,1996,8.3,33.1,15.6,17.2,0.3
hh_with_children,middle_quintile,1997,8.4,33.3,15.7,17.3,0.3
hh_with_children,middle_quintile,1998,8.3,33.1,15.6,17.1,0.3
hh_with_children,middle_quintile,1999,8.4,33.8,15.8,17.6,0.4
hh_with_children,middle_quintile,2000,8.5,34.0,15.9,17.8,0.3
hh_with_children,middle_quintile,2001,8.6,34.4,16.1,17.9,0.4
hh_with_children,middle_quintile,2002,8.6,34.3,16.0,17.9,0.4
hh_with_children,middle_quintile,2003,8.8,34.8,16.3,18.2,0.4
hh_with_children,middle_quintile,2004,8.8,35.1,16.6,18.1,0.4
hh_with_children,middle_quintile,2005,8.7,34.8,16.2,18.2,0.4
hh_with_children,middle_quintile,2006,8.7,34.6,16.1,18.0,0.5
hh_with_children,middle_quintile,2007,8.4,34.0,15.8,17.7,0.5
hh_with_children,middle_quintile,2008,8.4,34.2,15.8,17.9,0.5
hh_with_children,middle_quintile,2009,8.4,34.3,15.7,18.0,0.5
hh_with_children,middle_quintile,2010,8.3,34.1,15.6,18.0,0.6
hh_with_children,middle_quintile,2011,8.4,33.8,15.3,17.9,0.6
hh_with_children,middle_quintile,2012,8.3,33.8,15.6,17.6,0.6
hh_with_children,middle_quintile,2013,8.3,33.5,15.3,17.6,0.6
hh_with_children,middle_quintile,2014,8.5,34.6,15.5,18.4,0.7
hh_with_children,middle_quintile,2015,8.2,33.4,15.0,17.8,0.6
hh_with_children,middle_quintile,2016,8.2,33.7,15.1,17.9,0.6
hh_with_children,middle_quintile,2017,8.2,33.6,15.1,17.8,0.7
hh_with_children,fourth_quintile,1979,7.2,29.2,12.7,16.4,0.2
hh_with_children,fourth_quintile,1980,7.1,28.9,12.7,16.1,0.2
hh_with_children,fourth_quintile,1981,7.1,29.1,12.8,16.1,0.2
hh_with_children,fourth_quintile,1982,7.1,28.9,12.6,16.2,0.2
hh_with_children,fourth_quintile,1983,7.0,28.1,12.2,15.7,0.2
hh_with_children,fourth_quintile,1984,7.1,28.3,12.5,15.6,0.2
hh_with_children,fourth_quintile,1985,7.2,28.6,12.4,16.0,0.2
hh_with_children,fourth_quintile,1986,7.3,28.8,12.5,16.2,0.2
hh_with_children,fourth_quintile,1987,7.3,28.8,12.5,16.0,0.2
hh_with_children,fourth_quintile,1988,7.3,28.5,12.3,16.0,0.2
hh_with_children,fourth_quintile,1989,7.3,28.8,12.5,16.1,0.2
hh_with_children,fourth_quintile,1990,7.3,29.0,12.7,16.1,0.2
hh_with_children,fourth_quintile,1991,7.4,29.2,12.8,16.2,0.2
hh_with_children,fourth_quintile,1992,7.5,29.6,13.2,16.2,0.2
hh_with_children,fourth_quintile,1993,7.7,30.5,13.7,16.6,0.2
hh_with_children,fourth_quintile,1994,7.8,30.7,13.6,16.9,0.2
hh_with_children,fourth_quintile,1995,7.7,30.4,13.7,16.5,0.3
hh_with_children,fourth_quintile,1996,7.8,30.9,13.8,16.8,0.2
hh_with_children,fourth_quintile,1997,7.8,31.0,14.0,16.9,0.2
hh_with_children,fourth_quintile,1998,7.7,30.6,13.5,16.8,0.3
hh_with_children,fourth_quintile,1999,7.8,30.9,13.5,17.1,0.3
hh_with_children,fourth_quintile,2000,7.8,31.3,13.8,17.2,0.3
hh_with_children,fourth_quintile,2001,7.8,31.3,13.8,17.2,0.3
hh_with_children,fourth_quintile,2002,8.2,32.2,14.2,17.7,0.3
hh_with_children,fourth_quintile,2003,8.1,32.4,14.4,17.7,0.3
hh_with_children,fourth_quintile,2004,8.3,32.9,14.7,17.9,0.3
hh_with_children,fourth_quintile,2005,8.3,32.8,14.5,18.0,0.3
hh_with_children,fourth_quintile,2006,8.1,32.1,14.1,17.6,0.3
hh_with_children,fourth_quintile,2007,7.9,31.8,14.1,17.3,0.4
hh_with_children,fourth_quintile,2008,8.0,32.2,14.2,17.6,0.4
hh_with_children,fourth_quintile,2009,8.1,32.6,14.2,18.0,0.4
hh_with_children,fourth_quintile,2010,8.0,32.2,14.1,17.7,0.5
hh_with_children,fourth_quintile,2011,8.0,32.1,14.0,17.6,0.5
hh_with_children,fourth_quintile,2012,7.9,31.9,14.0,17.5,0.4
hh_with_children,fourth_quintile,2013,7.9,31.9,13.9,17.5,0.6
hh_with_children,fourth_quintile,2014,7.9,32.0,13.8,17.7,0.5
hh_with_children,fourth_quintile,2015,7.8,31.5,13.6,17.4,0.5
hh_with_children,fourth_quintile,2016,7.8,31.5,13.6,17.3,0.5
hh_with_children,fourth_quintile,2017,7.7,31.3,13.4,17.3,0.6
hh_with_children,highest_quintile,1979,5.0,20.8,8.2,12.4,0.2
hh_with_children,highest_quintile,1980,5.0,20.6,8.1,12.3,0.2
hh_with_children,highest_quintile,1981,4.9,19.9,7.9,11.8,0.1
hh_with_children,highest_quintile,1982,4.9,19.6,7.8,11.6,0.1
hh_with_children,highest_quintile,1983,5.1,19.9,7.9,11.8,0.1
hh_with_children,highest_quintile,1984,5.2,20.4,8.2,12.0,0.2
hh_with_children,highest_quintile,1985,5.3,20.5,8.3,12.0,0.1
hh_with_children,highest_quintile,1986,5.3,20.7,8.3,12.2,0.1
hh_with_children,highest_quintile,1987,5.3,20.7,8.2,12.3,0.2
hh_with_children,highest_quintile,1988,5.3,20.6,8.3,12.2,0.1
hh_with_children,highest_quintile,1989,5.4,21.0,8.5,12.3,0.1
hh_with_children,highest_quintile,1990,5.4,21.2,8.8,12.2,0.2
hh_with_children,highest_quintile,1991,5.6,21.8,9.0,12.6,0.2
hh_with_children,highest_quintile,1992,5.7,22.1,9.3,12.7,0.2
hh_with_children,highest_quintile,1993,6.0,23.3,9.8,13.3,0.2
hh_with_children,highest_quintile,1994,6.1,23.7,10.0,13.5,0.2
hh_with_children,highest_quintile,1995,6.2,24.4,10.3,13.8,0.2
hh_with_children,highest_quintile,1996,6.0,23.6,10.1,13.3,0.2
hh_with_children,highest_quintile,1997,6.2,24.0,10.2,13.5,0.2
hh_with_children,highest_quintile,1998,6.2,24.3,10.4,13.6,0.2
hh_with_children,highest_quintile,1999,6.3,24.7,10.6,13.9,0.2
hh_with_children,highest_quintile,2000,6.6,26.0,11.1,14.7,0.2
hh_with_children,highest_quintile,2001,6.6,25.9,11.1,14.6,0.2
hh_with_children,highest_quintile,2002,6.9,26.8,11.4,15.2,0.2
hh_with_children,highest_quintile,2003,6.7,26.5,11.4,14.8,0.2
hh_with_children,highest_quintile,2004,7.0,27.5,11.8,15.5,0.3
hh_with_children,highest_quintile,2005,6.9,26.9,11.6,15.0,0.3
hh_with_children,highest_quintile,2006,6.9,27.2,11.7,15.2,0.3
hh_with_children,highest_quintile,2007,6.7,26.3,11.4,14.6,0.3
hh_with_children,highest_quintile,2008,7.1,27.8,12.1,15.4,0.3
hh_with_children,highest_quintile,2009,7.1,28.0,12.0,15.6,0.3
hh_with_children,highest_quintile,2010,7.2,28.2,12.0,15.9,0.3
hh_with_children,highest_quintile,2011,7.1,27.9,12.1,15.5,0.4
hh_with_children,highest_quintile,2012,7.0,27.7,12.0,15.4,0.4
hh_with_children,highest_quintile,2013,7.0,27.9,11.9,15.6,0.4
hh_with_children,highest_quintile,2014,7.0,27.8,11.9,15.5,0.4
hh_with_children,highest_quintile,2015,7.1,27.9,12.0,15.5,0.5
hh_with_children,highest_quintile,2016,7.0,27.6,11.9,15.3,0.4
hh_with_children,highest_quintile,2017,6.9,27.5,11.8,15.3,0.4
hh_with_children,percentiles_81_90,1979,2.8,11.6,4.6,6.9,0.1
hh_with_children,percentiles_81_90,1980,2.8,11.5,4.5,6.9,0.1
hh_with_children,percentiles_81_90,1981,2.8,11.3,4.5,6.7,0.1
hh_with_children,percentiles_81_90,1982,2.8,11.2,4.4,6.7,0.1
hh_with_children,percentiles_81_90,1983,2.9,11.2,4.4,6.7,0.1
hh_with_children,percentiles_81_90,1984,2.9,11.2,4.5,6.6,0.1
hh_with_children,percentiles_81_90,1985,2.9,11.3,4.6,6.6,0.1
hh_with_children,percentiles_81_90,1986,2.9,11.5,4.6,6.8,0.1
hh_with_children,percentiles_81_90,1987,2.9,11.4,4.5,6.7,0.1
hh_with_children,percentiles_81_90,1988,2.9,11.4,4.6,6.7,0.1
hh_with_children,percentiles_81_90,1989,2.9,11.4,4.6,6.7,0.1
hh_with_children,percentiles_81_90,1990,2.9,11.5,4.8,6.7,0.1
hh_with_children,percentiles_81_90,1991,3.1,11.9,4.9,6.9,0.1
hh_with_children,percentiles_81_90,1992,3.1,12.2,5.1,7.0,0.1
hh_with_children,percentiles_81_90,1993,3.2,12.6,5.3,7.2,0.1
hh_with_children,percentiles_81_90,1994,3.3,12.8,5.4,7.3,0.1
hh_with_children,percentiles_81_90,1995,3.4,13.3,5.5,7.6,0.1
hh_with_children,percentiles_81_90,1996,3.2,12.5,5.3,7.1,0.1
hh_with_children,percentiles_81_90,1997,3.2,12.6,5.3,7.2,0.1
hh_with_children,percentiles_81_90,1998,3.3,12.8,5.5,7.2,0.1
hh_with_children,percentiles_81_90,1999,3.3,13.0,5.5,7.4,0.1
hh_with_children,percentiles_81_90,2000,3.5,13.7,5.8,7.8,0.1
hh_with_children,percentiles_81_90,2001,3.5,13.6,5.8,7.7,0.1
hh_with_children,percentiles_81_90,2002,3.6,14.0,5.9,8.0,0.1
hh_with_children,percentiles_81_90,2003,3.5,13.7,5.9,7.7,0.1
hh_with_children,percentiles_81_90,2004,3.6,14.2,6.0,8.0,0.1
hh_with_children,percentiles_81_90,2005,3.6,13.8,6.0,7.8,0.1
hh_with_children,percentiles_81_90,2006,3.6,14.0,6.0,7.9,0.2
hh_with_children,percentiles_81_90,2007,3.5,13.6,5.8,7.6,0.2
hh_with_children,percentiles_81_90,2008,3.7,14.4,6.1,8.1,0.2
hh_with_children,percentiles_81_90,2009,3.7,14.4,6.1,8.1,0.2
hh_with_children,percentiles_81_90,2010,3.7,14.6,6.2,8.3,0.2
hh_with_children,percentiles_81_90,2011,3.7,14.5,6.2,8.0,0.2
hh_with_children,percentiles_81_90,2012,3.6,14.1,6.0,7.9,0.2
hh_with_children,percentiles_81_90,2013,3.6,14.0,5.9,7.8,0.2
hh_with_children,percentiles_81_90,2014,3.6,14.2,6.0,8.0,0.2
hh_with_children,percentiles_81_90,2015,3.6,14.0,6.0,7.8,0.2
hh_with_children,percentiles_81_90,2016,3.5,13.7,5.8,7.7,0.2
hh_with_children,percentiles_81_90,2017,3.5,13.8,5.8,7.8,0.2
hh_with_children,percentiles_91_95,1979,1.1,4.6,1.8,2.8,0.0
hh_with_children,percentiles_91_95,1980,1.2,4.7,1.8,2.8,0.0
hh_with_children,percentiles_91_95,1981,1.1,4.5,1.8,2.7,0.0
hh_with_children,percentiles_91_95,1982,1.1,4.3,1.7,2.6,0.0
hh_with_children,percentiles_91_95,1983,1.1,4.4,1.7,2.6,0.0
hh_with_children,percentiles_91_95,1984,1.2,4.6,1.8,2.8,0.0
hh_with_children,percentiles_91_95,1985,1.2,4.8,1.9,2.8,0.0
hh_with_children,percentiles_91_95,1986,1.2,4.6,1.8,2.7,0.0
hh_with_children,percentiles_91_95,1987,1.2,4.6,1.8,2.8,0.0
hh_with_children,percentiles_91_95,1988,1.2,4.6,1.8,2.7,0.0
hh_with_children,percentiles_91_95,1989,1.2,4.8,1.9,2.8,0.0
hh_with_children,percentiles_91_95,1990,1.2,4.9,2.0,2.8,0.0
hh_with_children,percentiles_91_95,1991,1.3,5.1,2.1,3.0,0.0
hh_with_children,percentiles_91_95,1992,1.3,5.0,2.1,2.9,0.0
hh_with_children,percentiles_91_95,1993,1.4,5.3,2.2,3.0,0.0
hh_with_children,percentiles_91_95,1994,1.4,5.5,2.2,3.2,0.1
hh_with_children,percentiles_91_95,1995,1.4,5.5,2.3,3.1,0.0
hh_with_children,percentiles_91_95,1996,1.4,5.5,2.3,3.2,0.1
hh_with_children,percentiles_91_95,1997,1.5,5.6,2.3,3.2,0.1
hh_with_children,percentiles_91_95,1998,1.4,5.6,2.4,3.2,0.0
hh_with_children,percentiles_91_95,1999,1.5,5.8,2.4,3.3,0.0
hh_with_children,percentiles_91_95,2000,1.6,6.1,2.6,3.5,0.0
hh_with_children,percentiles_91_95,2001,1.6,6.1,2.6,3.5,0.1
hh_with_children,percentiles_91_95,2002,1.7,6.4,2.7,3.7,0.0
hh_with_children,percentiles_91_95,2003,1.6,6.3,2.7,3.6,0.1
hh_with_children,percentiles_91_95,2004,1.7,6.6,2.8,3.8,0.1
hh_with_children,percentiles_91_95,2005,1.7,6.4,2.7,3.6,0.1
hh_with_children,percentiles_91_95,2006,1.7,6.5,2.8,3.7,0.0
hh_with_children,percentiles_91_95,2007,1.5,6.1,2.7,3.4,0.1
hh_with_children,percentiles_91_95,2008,1.7,6.5,2.8,3.7,0.1
hh_with_children,percentiles_91_95,2009,1.7,6.6,2.8,3.8,0.1
hh_with_children,percentiles_91_95,2010,1.7,6.7,2.8,3.8,0.1
hh_with_children,percentiles_91_95,2011,1.7,6.6,2.8,3.7,0.1
hh_with_children,percentiles_91_95,2012,1.7,6.5,2.8,3.6,0.1
hh_with_children,percentiles_91_95,2013,1.7,6.8,2.8,3.9,0.1
hh_with_children,percentiles_91_95,2014,1.7,6.6,2.8,3.6,0.1
hh_with_children,percentiles_91_95,2015,1.7,6.6,2.8,3.7,0.1
hh_with_children,percentiles_91_95,2016,1.7,6.7,2.8,3.7,0.1
hh_with_children,percentiles_91_95,2017,1.7,6.6,2.8,3.7,0.1
hh_with_children,percentiles_96_99,1979,0.9,3.6,1.5,2.1,0.0
hh_with_children,percentiles_96_99,1980,0.8,3.4,1.4,2.0,0.0
hh_with_children,percentiles_96_99,1981,0.8,3.2,1.3,1.9,0.0
hh_with_children,percentiles_96_99,1982,0.8,3.3,1.3,1.9,0.0
hh_with_children,percentiles_96_99,1983,0.8,3.4,1.4,2.0,0.0
hh_with_children,percentiles_96_99,1984,0.9,3.6,1.5,2.1,0.0
hh_with_children,percentiles_96_99,1985,0.9,3.4,1.4,2.0,0.0
hh_with_children,percentiles_96_99,1986,0.9,3.6,1.5,2.1,0.0
hh_with_children,percentiles_96_99,1987,0.9,3.7,1.5,2.2,0.0
hh_with_children,percentiles_96_99,1988,0.9,3.7,1.5,2.1,0.0
hh_with_children,percentiles_96_99,1989,1.0,3.7,1.6,2.2,0.0
hh_with_children,percentiles_96_99,1990,1.0,3.8,1.6,2.1,0.0
hh_with_children,percentiles_96_99,1991,0.9,3.8,1.6,2.1,0.0
hh_with_children,percentiles_96_99,1992,1.0,4.0,1.7,2.3,0.0
hh_with_children,percentiles_96_99,1993,1.1,4.3,1.8,2.4,0.0
hh_with_children,percentiles_96_99,1994,1.1,4.3,1.9,2.4,0.0
hh_with_children,percentiles_96_99,1995,1.1,4.4,1.9,2.4,0.0
hh_with_children,percentiles_96_99,1996,1.1,4.4,1.9,2.4,0.1
hh_with_children,percentiles_96_99,1997,1.2,4.5,2.0,2.5,0.1
hh_with_children,percentiles_96_99,1998,1.2,4.7,2.1,2.6,0.1
hh_with_children,percentiles_96_99,1999,1.2,4.7,2.1,2.5,0.0
hh_with_children,percentiles_96_99,2000,1.3,4.9,2.1,2.7,0.1
hh_with_children,percentiles_96_99,2001,1.2,4.9,2.2,2.7,0.0
hh_with_children,percentiles_96_99,2002,1.3,5.0,2.2,2.7,0.0
hh_with_children,percentiles_96_99,2003,1.3,5.0,2.2,2.8,0.0
hh_with_children,percentiles_96_99,2004,1.3,5.3,2.3,2.9,0.1
hh_with_children,percentiles_96_99,2005,1.4,5.4,2.4,3.0,0.1
hh_with_children,percentiles_96_99,2006,1.3,5.2,2.3,2.9,0.1
hh_with_children,percentiles_96_99,2007,1.3,5.2,2.3,2.8,0.1
hh_with_children,percentiles_96_99,2008,1.4,5.4,2.4,2.9,0.1
hh_with_children,percentiles_96_99,2009,1.3,5.3,2.4,2.9,0.1
hh_with_children,percentiles_96_99,2010,1.4,5.4,2.3,3.0,0.1
hh_with_children,percentiles_96_99,2011,1.4,5.4,2.4,3.0,0.1
hh_with_children,percentiles_96_99,2012,1.4,5.5,2.4,3.0,0.1
hh_with_children,percentiles_96_99,2013,1.4,5.5,2.4,3.0,0.1
hh_with_children,percentiles_96_99,2014,1.4,5.5,2.4,3.0,0.1
hh_with_children,percentiles_96_99,2015,1.4,5.7,2.5,3.1,0.1
hh_with_children,percentiles_96_99,2016,1.4,5.7,2.6,3.1,0.1
hh_with_children,percentiles_96_99,2017,1.4,5.5,2.4,2.9,0.1
hh_with_children,top_1_percent,1979,0.2,0.9,0.4,0.5,0.0
hh_with_children,top_1_percent,1980,0.2,1.0,0.4,0.6,0.0
hh_with_children,top_1_percent,1981,0.2,0.9,0.4,0.5,0.0
hh_with_children,top_1_percent,1982,0.2,0.9,0.4,0.5,0.0
hh_with_children,top_1_percent,1983,0.2,0.9,0.4,0.5,0.0
hh_with_children,top_1_percent,1984,0.2,1.0,0.4,0.6,0.0
hh_with_children,top_1_percent,1985,0.2,0.9,0.4,0.5,0.0
hh_with_children,top_1_percent,1986,0.2,1.0,0.4,0.5,0.0
hh_with_children,top_1_percent,1987,0.3,1.1,0.4,0.6,0.0
hh_with_children,top_1_percent,1988,0.2,1.0,0.4,0.6,0.0
hh_with_children,top_1_percent,1989,0.3,1.1,0.4,0.6,0.0
hh_with_children,top_1_percent,1990,0.3,1.0,0.5,0.6,0.0
hh_with_children,top_1_percent,1991,0.3,1.1,0.5,0.6,0.0
hh_with_children,top_1_percent,1992,0.3,1.0,0.4,0.6,0.0
hh_with_children,top_1_percent,1993,0.3,1.1,0.5,0.6,0.0
hh_with_children,top_1_percent,1994,0.3,1.2,0.6,0.6,0.0
hh_with_children,top_1_percent,1995,0.3,1.2,0.6,0.6,0.0
hh_with_children,top_1_percent,1996,0.3,1.2,0.6,0.6,0.0
hh_with_children,top_1_percent,1997,0.3,1.2,0.6,0.6,0.0
hh_with_children,top_1_percent,1998,0.3,1.2,0.6,0.7,0.0
hh_with_children,top_1_percent,1999,0.3,1.2,0.6,0.6,0.0
hh_with_children,top_1_percent,2000,0.3,1.3,0.6,0.7,0.0
hh_with_children,top_1_percent,2001,0.3,1.3,0.6,0.7,0.0
hh_with_children,top_1_percent,2002,0.3,1.4,0.6,0.7,0.0
hh_with_children,top_1_percent,2003,0.3,1.4,0.6,0.7,0.0
hh_with_children,top_1_percent,2004,0.4,1.4,0.6,0.8,0.0
hh_with_children,top_1_percent,2005,0.3,1.4,0.6,0.7,0.0
hh_with_children,top_1_percent,2006,0.4,1.5,0.7,0.8,0.0
hh_with_children,top_1_percent,2007,0.4,1.4,0.7,0.8,0.0
hh_with_children,top_1_percent,2008,0.4,1.5,0.7,0.8,0.0
hh_with_children,top_1_percent,2009,0.4,1.5,0.7,0.8,0.0
hh_with_children,top_1_percent,2010,0.4,1.5,0.7,0.8,0.0
hh_with_children,top_1_percent,2011,0.4,1.5,0.7,0.8,0.0
hh_with_children,top_1_percent,2012,0.4,1.6,0.7,0.8,0.0
hh_with_children,top_1_percent,2013,0.4,1.6,0.7,0.8,0.0
hh_with_children,top_1_percent,2014,0.4,1.5,0.7,0.8,0.0
hh_with_children,top_1_percent,2015,0.4,1.6,0.7,0.8,0.0
hh_with_children,top_1_percent,2016,0.4,1.5,0.7,0.8,0.0
hh_with_children,top_1_percent,2017,0.4,1.5,0.7,0.8,0.0
elderly_headed_hh,all_quintiles,1979,16.5,27.1,0.0,5.1,22.0
elderly_headed_hh,all_quintiles,1980,16.8,27.6,0.0,5.1,22.5
elderly_headed_hh,all_quintiles,1981,17.2,28.3,0.0,5.2,23.1
elderly_headed_hh,all_quintiles,1982,17.6,28.9,0.0,5.4,23.6
elderly_headed_hh,all_quintiles,1983,17.8,29.4,0.0,5.5,23.9
elderly_headed_hh,all_quintiles,1984,18.1,29.8,0.0,5.6,24.3
elderly_headed_hh,all_quintiles,1985,18.5,30.5,0.0,5.8,24.8
elderly_headed_hh,all_quintiles,1986,19.0,31.2,0.0,5.7,25.6
elderly_headed_hh,all_quintiles,1987,19.4,32.0,0.0,5.8,26.2
elderly_headed_hh,all_quintiles,1988,19.7,32.4,0.0,5.8,26.6
elderly_headed_hh,all_quintiles,1989,20.1,32.8,0.0,5.9,26.9
elderly_headed_hh,all_quintiles,1990,20.4,33.4,0.0,6.0,27.4
elderly_headed_hh,all_quintiles,1991,20.8,33.9,0.0,6.0,27.9
elderly_headed_hh,all_quintiles,1992,20.4,33.5,0.0,5.8,27.7
elderly_headed_hh,all_quintiles,1993,20.6,33.8,0.0,5.8,28.1
elderly_headed_hh,all_quintiles,1994,21.2,34.6,0.0,5.9,28.7
elderly_headed_hh,all_quintiles,1995,21.4,34.8,0.0,6.0,28.9
elderly_headed_hh,all_quintiles,1996,21.3,34.6,0.0,5.8,28.8
elderly_headed_hh,all_quintiles,1997,21.5,35.0,0.0,6.0,29.0
elderly_headed_hh,all_quintiles,1998,21.6,35.4,0.0,6.0,29.3
elderly_headed_hh,all_quintiles,1999,21.8,35.7,0.0,6.2,29.5
elderly_headed_hh,all_quintiles,2000,22.6,36.9,0.0,6.4,30.4
elderly_headed_hh,all_quintiles,2001,22.6,36.7,0.0,6.3,30.4
elderly_headed_hh,all_quintiles,2002,22.8,36.9,0.0,6.2,30.7
elderly_headed_hh,all_quintiles,2003,23.3,37.8,0.0,6.4,31.4
elderly_headed_hh,all_quintiles,2004,23.3,37.9,0.0,6.4,31.5
elderly_headed_hh,all_quintiles,2005,23.7,38.7,0.0,6.7,32.1
elderly_headed_hh,all_quintiles,2006,24.0,39.0,0.0,6.5,32.4
elderly_headed_hh,all_quintiles,2007,24.4,39.6,0.0,6.9,32.7
elderly_headed_hh,all_quintiles,2008,25.2,41.2,0.0,7.4,33.7
elderly_headed_hh,all_quintiles,2009,25.5,42.2,0.0,7.7,34.5
elderly_headed_hh,all_quintiles,2010,26.0,43.0,0.0,7.8,35.3
elderly_headed_hh,all_quintiles,2011,27.2,45.4,0.0,8.3,37.1
elderly_headed_hh,all_quintiles,2012,28.3,47.5,0.0,8.8,38.7
elderly_headed_hh,all_quintiles,2013,29.2,48.8,0.0,9.1,39.7
elderly_headed_hh,all_quintiles,2014,30.3,50.3,0.0,9.2,41.0
elderly_headed_hh,all_quintiles,2015,31.3,52.3,0.0,9.7,42.6
elderly_headed_hh,all_quintiles,2016,32.3,54.0,0.0,10.0,44.1
elderly_headed_hh,all_quintiles,2017,33.4,55.9,0.0,10.2,45.7
elderly_headed_hh,lowest_quintile,1979,9.3,14.1,0.0,1.7,12.3
elderly_headed_hh,lowest_quintile,1980,9.2,13.7,0.0,1.7,12.0
elderly_headed_hh,lowest_quintile,1981,8.8,13.1,0.0,1.6,11.5
elderly_headed_hh,lowest_quintile,1982,8.5,12.6,0.0,1.5,11.1
elderly_headed_hh,lowest_quintile,1983,8.1,12.2,0.0,1.6,10.7
elderly_headed_hh,lowest_quintile,1984,8.3,12.2,0.0,1.5,10.7
elderly_headed_hh,lowest_quintile,1985,8.5,12.4,0.0,1.7,10.8
elderly_headed_hh,lowest_quintile,1986,8.5,12.3,0.0,1.5,10.8
elderly_headed_hh,lowest_quintile,1987,8.7,12.8,0.0,1.5,11.3
elderly_headed_hh,lowest_quintile,1988,8.8,12.9,0.0,1.5,11.4
elderly_headed_hh,lowest_quintile,1989,8.9,13.0,0.0,1.6,11.4
elderly_headed_hh,lowest_quintile,1990,9.3,13.5,0.0,1.7,11.8
elderly_headed_hh,lowest_quintile,1991,9.3,13.6,0.0,1.7,11.9
elderly_headed_hh,lowest_quintile,1992,9.0,13.2,0.0,1.5,11.7
elderly_headed_hh,lowest_quintile,1993,9.2,13.6,0.0,1.6,12.0
elderly_headed_hh,lowest_quintile,1994,9.8,14.2,0.0,1.7,12.5
elderly_headed_hh,lowest_quintile,1995,9.8,14.2,0.0,1.6,12.5
elderly_headed_hh,lowest_quintile,1996,9.2,13.1,0.0,1.4,11.7
elderly_headed_hh,lowest_quintile,1997,9.1,13.3,0.0,1.7,11.5
elderly_headed_hh,lowest_quintile,1998,9.1,13.4,0.0,1.5,12.0
elderly_headed_hh,lowest_quintile,1999,9.2,13.7,0.0,1.7,12.0
elderly_headed_hh,lowest_quintile,2000,9.4,13.9,0.0,1.8,12.1
elderly_headed_hh,lowest_quintile,2001,9.6,13.9,0.0,1.7,12.2
elderly_headed_hh,lowest_quintile,2002,10.0,14.5,0.0,1.7,12.7
elderly_headed_hh,lowest_quintile,2003,10.4,15.0,0.0,1.8,13.2
elderly_headed_hh,lowest_quintile,2004,10.3,15.0,0.0,1.8,13.2
elderly_headed_hh,lowest_quintile,2005,10.3,14.7,0.0,1.6,13.1
elderly_headed_hh,lowest_quintile,2006,10.2,14.5,0.0,1.5,13.0
elderly_headed_hh,lowest_quintile,2007,10.0,13.9,0.0,1.5,12.5
elderly_headed_hh,lowest_quintile,2008,10.8,15.4,0.0,2.0,13.4
elderly_headed_hh,lowest_quintile,2009,10.5,15.1,0.0,2.0,13.1
elderly_headed_hh,lowest_quintile,2010,10.3,14.8,0.0,1.7,13.1
elderly_headed_hh,lowest_quintile,2011,11.0,16.1,0.0,2.0,14.1
elderly_headed_hh,lowest_quintile,2012,11.1,16.3,0.0,2.1,14.1
elderly_headed_hh,lowest_quintile,2013,11.4,16.6,0.0,2.2,14.4
elderly_headed_hh,lowest_quintile,2014,12.0,17.2,0.0,2.2,15.0
elderly_headed_hh,lowest_quintile,2015,12.6,18.3,0.0,2.5,15.8
elderly_headed_hh,lowest_quintile,2016,13.3,19.4,0.0,2.6,16.8
elderly_headed_hh,lowest_quintile,2017,13.6,19.8,0.0,2.5,17.3
elderly_headed_hh,second_quintile,1979,2.8,4.9,0.0,1.1,3.8
elderly_headed_hh,second_quintile,1980,2.9,5.1,0.0,1.1,4.0
elderly_headed_hh,second_quintile,1981,3.2,5.6,0.0,1.1,4.5
elderly_headed_hh,second_quintile,1982,3.5,5.9,0.0,1.2,4.8
elderly_headed_hh,second_quintile,1983,3.8,6.4,0.0,1.2,5.2
elderly_headed_hh,second_quintile,1984,3.7,6.3,0.0,1.2,5.1
elderly_headed_hh,second_quintile,1985,3.8,6.5,0.0,1.2,5.2
elderly_headed_hh,second_quintile,1986,4.2,7.1,0.0,1.3,5.8
elderly_headed_hh,second_quintile,1987,4.5,7.7,0.0,1.4,6.3
elderly_headed_hh,second_quintile,1988,4.6,8.0,0.0,1.5,6.5
elderly_headed_hh,second_quintile,1989,4.6,7.8,0.0,1.4,6.5
elderly_headed_hh,second_quintile,1990,4.5,7.7,0.0,1.4,6.3
elderly_headed_hh,second_quintile,1991,4.7,8.1,0.0,1.4,6.6
elderly_headed_hh,second_quintile,1992,4.8,8.1,0.0,1.4,6.8
elderly_headed_hh,second_quintile,1993,4.8,8.3,0.0,1.5,6.9
elderly_headed_hh,second_quintile,1994,5.0,8.4,0.0,1.3,7.0
elderly_headed_hh,second_quintile,1995,4.7,8.1,0.0,1.4,6.7
elderly_headed_hh,second_quintile,1996,4.8,8.1,0.0,1.3,6.8
elderly_headed_hh,second_quintile,1997,4.7,7.9,0.0,1.3,6.6
elderly_headed_hh,second_quintile,1998,4.6,7.8,0.0,1.3,6.5
elderly_headed_hh,second_quintile,1999,4.6,7.7,0.0,1.2,6.5
elderly_headed_hh,second_quintile,2000,4.9,8.3,0.0,1.4,6.9
elderly_headed_hh,second_quintile,2001,5.1,8.5,0.0,1.4,7.1
elderly_headed_hh,second_quintile,2002,5.0,8.3,0.0,1.3,7.0
elderly_headed_hh,second_quintile,2003,5.0,8.4,0.0,1.2,7.1
elderly_headed_hh,second_quintile,2004,4.9,8.2,0.0,1.3,7.0
elderly_headed_hh,second_quintile,2005,4.7,8.1,0.0,1.3,6.8
elderly_headed_hh,second_quintile,2006,4.7,8.0,0.0,1.4,6.6
elderly_headed_hh,second_quintile,2007,4.8,8.3,0.0,1.5,6.8
elderly_headed_hh,second_quintile,2008,4.9,8.4,0.0,1.5,7.0
elderly_headed_hh,second_quintile,2009,5.3,9.1,0.0,1.5,7.6
elderly_headed_hh,second_quintile,2010,5.3,9.0,0.0,1.5,7.5
elderly_headed_hh,second_quintile,2011,5.3,9.2,0.0,1.6,7.5
elderly_headed_hh,second_quintile,2012,5.5,9.6,0.0,1.6,8.0
elderly_headed_hh,second_quintile,2013,5.7,9.8,0.0,1.8,8.1
elderly_headed_hh,second_quintile,2014,5.7,9.8,0.0,1.8,8.0
elderly_headed_hh,second_quintile,2015,5.8,10.0,0.0,1.8,8.2
elderly_headed_hh,second_quintile,2016,6.0,10.4,0.0,1.8,8.7
elderly_headed_hh,second_quintile,2017,6.1,10.6,0.0,1.8,8.8
elderly_headed_hh,middle_quintile,1979,1.5,2.7,0.0,0.7,2.0
elderly_headed_hh,middle_quintile,1980,1.7,3.0,0.0,0.8,2.2
elderly_headed_hh,middle_quintile,1981,1.8,3.3,0.0,0.8,2.5
elderly_headed_hh,middle_quintile,1982,2.1,3.9,0.0,1.0,2.9
elderly_headed_hh,middle_quintile,1983,2.2,3.9,0.0,0.9,3.0
elderly_headed_hh,middle_quintile,1984,2.3,4.1,0.0,0.9,3.2
elderly_headed_hh,middle_quintile,1985,2.4,4.3,0.0,1.0,3.4
elderly_headed_hh,middle_quintile,1986,2.5,4.6,0.0,1.1,3.5
elderly_headed_hh,middle_quintile,1987,2.5,4.5,0.0,1.1,3.4
elderly_headed_hh,middle_quintile,1988,2.5,4.4,0.0,1.0,3.4
elderly_headed_hh,middle_quintile,1989,2.6,4.6,0.0,1.0,3.6
elderly_headed_hh,middle_quintile,1990,2.6,4.8,0.0,1.1,3.7
elderly_headed_hh,middle_quintile,1991,2.8,5.1,0.0,1.1,4.0
elderly_headed_hh,middle_quintile,1992,2.7,4.9,0.0,1.1,3.8
elderly_headed_hh,middle_quintile,1993,2.6,4.6,0.0,1.0,3.7
elderly_headed_hh,middle_quintile,1994,2.7,4.8,0.0,1.0,3.7
elderly_headed_hh,middle_quintile,1995,2.7,4.9,0.0,1.1,3.8
elderly_headed_hh,middle_quintile,1996,2.9,5.1,0.0,1.1,4.0
elderly_headed_hh,middle_quintile,1997,3.0,5.4,0.0,1.1,4.3
elderly_headed_hh,middle_quintile,1998,3.1,5.4,0.0,1.2,4.2
elderly_headed_hh,middle_quintile,1999,3.1,5.4,0.0,1.2,4.2
elderly_headed_hh,middle_quintile,2000,3.2,5.7,0.0,1.2,4.5
elderly_headed_hh,middle_quintile,2001,3.3,5.7,0.0,1.1,4.6
elderly_headed_hh,middle_quintile,2002,3.3,5.8,0.0,1.3,4.6
elderly_headed_hh,middle_quintile,2003,3.2,5.7,0.0,1.2,4.5
elderly_headed_hh,middle_quintile,2004,3.3,5.9,0.0,1.3,4.6
elderly_headed_hh,middle_quintile,2005,3.4,6.2,0.0,1.4,4.8
elderly_headed_hh,middle_quintile,2006,3.5,6.3,0.0,1.4,4.9
elderly_headed_hh,middle_quintile,2007,3.5,6.3,0.0,1.4,4.9
elderly_headed_hh,middle_quintile,2008,3.7,6.7,0.0,1.5,5.2
elderly_headed_hh,middle_quintile,2009,3.9,7.0,0.0,1.5,5.5
elderly_headed_hh,middle_quintile,2010,4.1,7.3,0.0,1.6,5.7
elderly_headed_hh,middle_quintile,2011,4.2,7.6,0.0,1.6,6.0
elderly_headed_hh,middle_quintile,2012,4.4,8.1,0.0,1.8,6.3
elderly_headed_hh,middle_quintile,2013,4.4,7.9,0.0,1.7,6.2
elderly_headed_hh,middle_quintile,2014,4.6,8.3,0.0,1.8,6.5
elderly_headed_hh,middle_quintile,2015,4.8,8.8,0.0,1.9,6.9
elderly_headed_hh,middle_quintile,2016,4.7,8.6,0.0,1.8,6.8
elderly_headed_hh,middle_quintile,2017,4.9,9.0,0.0,1.9,7.1
elderly_headed_hh,fourth_quintile,1979,1.1,2.2,0.0,0.6,1.6
elderly_headed_hh,fourth_quintile,1980,1.2,2.3,0.0,0.6,1.7
elderly_headed_hh,fourth_quintile,1981,1.3,2.4,0.0,0.6,1.8
elderly_headed_hh,fourth_quintile,1982,1.5,2.6,0.0,0.7,1.9
elderly_headed_hh,fourth_quintile,1983,1.7,3.0,0.0,0.8,2.2
elderly_headed_hh,fourth_quintile,1984,1.7,3.2,0.0,0.9,2.3
elderly_headed_hh,fourth_quintile,1985,1.7,3.2,0.0,0.8,2.3
elderly_headed_hh,fourth_quintile,1986,1.7,3.2,0.0,0.8,2.4
elderly_headed_hh,fourth_quintile,1987,1.7,3.2,0.0,0.9,2.3
elderly_headed_hh,fourth_quintile,1988,1.7,3.2,0.0,0.8,2.4
elderly_headed_hh,fourth_quintile,1989,1.8,3.3,0.0,0.8,2.5
elderly_headed_hh,fourth_quintile,1990,1.8,3.3,0.0,0.8,2.5
elderly_headed_hh,fourth_quintile,1991,1.8,3.2,0.0,0.8,2.4
elderly_headed_hh,fourth_quintile,1992,1.8,3.3,0.0,0.8,2.5
elderly_headed_hh,fourth_quintile,1993,1.8,3.3,0.0,0.8,2.5
elderly_headed_hh,fourth_quintile,1994,1.7,3.3,0.0,0.9,2.4
elderly_headed_hh,fourth_quintile,1995,1.9,3.5,0.0,0.8,2.6
elderly_headed_hh,fourth_quintile,1996,1.9,3.6,0.0,0.9,2.7
elderly_headed_hh,fourth_quintile,1997,2.0,3.7,0.0,0.8,2.9
elderly_headed_hh,fourth_quintile,1998,2.0,3.7,0.0,0.9,2.8
elderly_headed_hh,fourth_quintile,1999,2.1,4.0,0.0,1.0,3.0
elderly_headed_hh,fourth_quintile,2000,2.2,4.1,0.0,0.9,3.1
elderly_headed_hh,fourth_quintile,2001,2.2,4.1,0.0,1.0,3.0
elderly_headed_hh,fourth_quintile,2002,2.1,3.8,0.0,0.9,2.9
elderly_headed_hh,fourth_quintile,2003,2.2,4.1,0.0,1.0,3.1
elderly_headed_hh,fourth_quintile,2004,2.2,4.0,0.0,1.0,3.1
elderly_headed_hh,fourth_quintile,2005,2.3,4.4,0.0,1.1,3.3
elderly_headed_hh,fourth_quintile,2006,2.5,4.6,0.0,1.1,3.5
elderly_headed_hh,fourth_quintile,2007,2.7,4.9,0.0,1.2,3.7
elderly_headed_hh,fourth_quintile,2008,2.8,5.1,0.0,1.3,3.9
elderly_headed_hh,fourth_quintile,2009,2.7,5.2,0.0,1.3,3.9
elderly_headed_hh,fourth_quintile,2010,3.0,5.6,0.0,1.4,4.2
elderly_headed_hh,fourth_quintile,2011,3.2,6.0,0.0,1.6,4.5
elderly_headed_hh,fourth_quintile,2012,3.3,6.2,0.0,1.5,4.7
elderly_headed_hh,fourth_quintile,2013,3.6,6.7,0.0,1.7,5.0
elderly_headed_hh,fourth_quintile,2014,3.7,7.0,0.0,1.7,5.3
elderly_headed_hh,fourth_quintile,2015,3.7,7.0,0.0,1.7,5.3
elderly_headed_hh,fourth_quintile,2016,3.8,7.1,0.0,1.8,5.4
elderly_headed_hh,fourth_quintile,2017,4.1,7.7,0.0,1.9,5.8
elderly_headed_hh,highest_quintile,1979,1.7,3.2,0.0,0.9,2.3
elderly_headed_hh,highest_quintile,1980,1.8,3.4,0.0,0.9,2.5
elderly_headed_hh,highest_quintile,1981,2.0,3.7,0.0,1.0,2.7
elderly_headed_hh,highest_quintile,1982,2.0,3.7,0.0,1.0,2.8
elderly_headed_hh,highest_quintile,1983,2.0,3.8,0.0,1.0,2.8
elderly_headed_hh,highest_quintile,1984,2.1,3.9,0.0,1.0,2.9
elderly_headed_hh,highest_quintile,1985,2.1,3.9,0.0,1.0,2.9
elderly_headed_hh,highest_quintile,1986,2.1,3.8,0.0,0.9,2.9
elderly_headed_hh,highest_quintile,1987,1.9,3.6,0.0,0.9,2.7
elderly_headed_hh,highest_quintile,1988,1.9,3.6,0.0,0.9,2.8
elderly_headed_hh,highest_quintile,1989,2.1,3.9,0.0,1.0,2.9
elderly_headed_hh,highest_quintile,1990,2.1,4.0,0.0,1.0,3.0
elderly_headed_hh,highest_quintile,1991,2.0,3.7,0.0,0.9,2.8
elderly_headed_hh,highest_quintile,1992,2.0,3.8,0.0,0.9,2.9
elderly_headed_hh,highest_quintile,1993,2.0,3.7,0.0,0.9,2.8
elderly_headed_hh,highest_quintile,1994,2.0,3.8,0.0,0.9,2.9
elderly_headed_hh,highest_quintile,1995,2.2,4.0,0.0,0.9,3.0
elderly_headed_hh,highest_quintile,1996,2.4,4.4,0.0,1.1,3.4
elderly_headed_hh,highest_quintile,1997,2.4,4.4,0.0,1.0,3.5
elderly_headed_hh,highest_quintile,1998,2.6,4.7,0.0,1.1,3.6
elderly_headed_hh,highest_quintile,1999,2.6,4.6,0.0,1.0,3.6
elderly_headed_hh,highest_quintile,2000,2.6,4.7,0.0,1.0,3.7
elderly_headed_hh,highest_quintile,2001,2.3,4.2,0.0,1.0,3.2
elderly_headed_hh,highest_quintile,2002,2.2,4.0,0.0,0.9,3.0
elderly_headed_hh,highest_quintile,2003,2.2,4.1,0.0,1.0,3.1
elderly_headed_hh,highest_quintile,2004,2.4,4.4,0.0,1.1,3.4
elderly_headed_hh,highest_quintile,2005,2.7,5.0,0.0,1.2,3.8
elderly_headed_hh,highest_quintile,2006,2.9,5.3,0.0,1.2,4.1
elderly_headed_hh,highest_quintile,2007,3.1,5.7,0.0,1.3,4.5
elderly_headed_hh,highest_quintile,2008,2.8,5.1,0.0,1.2,3.9
elderly_headed_hh,highest_quintile,2009,2.7,5.1,0.0,1.3,3.8
elderly_headed_hh,highest_quintile,2010,3.0,5.7,0.0,1.4,4.3
elderly_headed_hh,highest_quintile,2011,3.2,5.9,0.0,1.4,4.5
elderly_headed_hh,highest_quintile,2012,3.5,6.6,0.0,1.6,5.0
elderly_headed_hh,highest_quintile,2013,3.7,7.0,0.0,1.6,5.4
elderly_headed_hh,highest_quintile,2014,3.9,7.3,0.0,1.6,5.7
elderly_headed_hh,highest_quintile,2015,4.0,7.5,0.0,1.7,5.8
elderly_headed_hh,highest_quintile,2016,4.0,7.8,0.0,1.9,5.9
elderly_headed_hh,highest_quintile,2017,4.3,8.2,0.0,2.0,6.3
elderly_headed_hh,percentiles_81_90,1979,0.6,1.1,0.0,0.4,0.8
elderly_headed_hh,percentiles_81_90,1980,0.7,1.2,0.0,0.3,0.9
elderly_headed_hh,percentiles_81_90,1981,0.7,1.4,0.0,0.4,1.0
elderly_headed_hh,percentiles_81_90,1982,0.7,1.4,0.0,0.4,1.0
elderly_headed_hh,percentiles_81_90,1983,0.8,1.5,0.0,0.4,1.1
elderly_headed_hh,percentiles_81_90,1984,0.8,1.6,0.0,0.4,1.2
elderly_headed_hh,percentiles_81_90,1985,0.8,1.6,0.0,0.4,1.1
elderly_headed_hh,percentiles_81_90,1986,0.8,1.4,0.0,0.4,1.0
elderly_headed_hh,percentiles_81_90,1987,0.7,1.3,0.0,0.4,1.0
elderly_headed_hh,percentiles_81_90,1988,0.8,1.5,0.0,0.4,1.1
elderly_headed_hh,percentiles_81_90,1989,0.8,1.5,0.0,0.4,1.1
elderly_headed_hh,percentiles_81_90,1990,0.8,1.6,0.0,0.4,1.2
elderly_headed_hh,percentiles_81_90,1991,0.8,1.5,0.0,0.4,1.1
elderly_headed_hh,percentiles_81_90,1992,0.8,1.5,0.0,0.4,1.1
elderly_headed_hh,percentiles_81_90,1993,0.8,1.5,0.0,0.4,1.1
elderly_headed_hh,percentiles_81_90,1994,0.8,1.5,0.0,0.4,1.1
elderly_headed_hh,percentiles_81_90,1995,0.9,1.6,0.0,0.4,1.2
elderly_headed_hh,percentiles_81_90,1996,1.0,1.8,0.0,0.4,1.4
elderly_headed_hh,percentiles_81_90,1997,0.9,1.7,0.0,0.4,1.3
elderly_headed_hh,percentiles_81_90,1998,1.0,1.9,0.0,0.5,1.4
elderly_headed_hh,percentiles_81_90,1999,1.0,1.9,0.0,0.5,1.4
elderly_headed_hh,percentiles_81_90,2000,1.0,1.9,0.0,0.4,1.5
elderly_headed_hh,percentiles_81_90,2001,1.0,1.9,0.0,0.5,1.3
elderly_headed_hh,percentiles_81_90,2002,0.9,1.8,0.0,0.5,1.3
elderly_headed_hh,percentiles_81_90,2003,0.9,1.7,0.0,0.5,1.3
elderly_headed_hh,percentiles_81_90,2004,1.0,1.9,0.0,0.5,1.4
elderly_headed_hh,percentiles_81_90,2005,1.2,2.2,0.0,0.5,1.6
elderly_headed_hh,percentiles_81_90,2006,1.2,2.2,0.0,0.5,1.7
elderly_headed_hh,percentiles_81_90,2007,1.3,2.4,0.0,0.6,1.8
elderly_headed_hh,percentiles_81_90,2008,1.2,2.2,0.0,0.5,1.7
elderly_headed_hh,percentiles_81_90,2009,1.2,2.3,0.0,0.6,1.7
elderly_headed_hh,percentiles_81_90,2010,1.4,2.6,0.0,0.6,1.9
elderly_headed_hh,percentiles_81_90,2011,1.4,2.6,0.0,0.6,2.0
elderly_headed_hh,percentiles_81_90,2012,1.6,3.0,0.0,0.8,2.2
elderly_headed_hh,percentiles_81_90,2013,1.7,3.3,0.0,0.8,2.5
elderly_headed_hh,percentiles_81_90,2014,1.7,3.2,0.0,0.8,2.5
elderly_headed_hh,percentiles_81_90,2015,1.8,3.3,0.0,0.8,2.5
elderly_headed_hh,percentiles_81_90,2016,1.8,3.6,0.0,1.0,2.6
elderly_headed_hh,percentiles_81_90,2017,2.0,3.8,0.0,1.0,2.8
elderly_headed_hh,percentiles_91_95,1979,0.3,0.7,0.0,0.2,0.5
elderly_headed_hh,percentiles_91_95,1980,0.4,0.7,0.0,0.2,0.5
elderly_headed_hh,percentiles_91_95,1981,0.4,0.8,0.0,0.2,0.6
elderly_headed_hh,percentiles_91_95,1982,0.4,0.8,0.0,0.2,0.6
elderly_headed_hh,percentiles_91_95,1983,0.4,0.8,0.0,0.2,0.6
elderly_headed_hh,percentiles_91_95,1984,0.5,0.9,0.0,0.3,0.7
elderly_headed_hh,percentiles_91_95,1985,0.4,0.8,0.0,0.2,0.6
elderly_headed_hh,percentiles_91_95,1986,0.5,0.8,0.0,0.2,0.7
elderly_headed_hh,percentiles_91_95,1987,0.4,0.8,0.0,0.2,0.6
elderly_headed_hh,percentiles_91_95,1988,0.4,0.8,0.0,0.2,0.6
elderly_headed_hh,percentiles_91_95,1989,0.4,0.8,0.0,0.2,0.6
elderly_headed_hh,percentiles_91_95,1990,0.5,1.0,0.0,0.3,0.7
elderly_headed_hh,percentiles_91_95,1991,0.5,0.9,0.0,0.2,0.6
elderly_headed_hh,percentiles_91_95,1992,0.5,0.9,0.0,0.2,0.7
elderly_headed_hh,percentiles_91_95,1993,0.5,0.9,0.0,0.2,0.7
elderly_headed_hh,percentiles_91_95,1994,0.5,0.9,0.0,0.2,0.7
elderly_headed_hh,percentiles_91_95,1995,0.5,1.0,0.0,0.3,0.7
elderly_headed_hh,percentiles_91_95,1996,0.6,1.1,0.0,0.3,0.8
elderly_headed_hh,percentiles_91_95,1997,0.6,1.2,0.0,0.3,0.9
elderly_headed_hh,percentiles_91_95,1998,0.7,1.2,0.0,0.3,0.9
elderly_headed_hh,percentiles_91_95,1999,0.6,1.1,0.0,0.2,0.9
elderly_headed_hh,percentiles_91_95,2000,0.6,1.2,0.0,0.3,0.9
elderly_headed_hh,percentiles_91_95,2001,0.5,1.0,0.0,0.2,0.7
elderly_headed_hh,percentiles_91_95,2002,0.5,0.9,0.0,0.2,0.7
elderly_headed_hh,percentiles_91_95,2003,0.5,1.0,0.0,0.3,0.7
elderly_headed_hh,percentiles_91_95,2004,0.5,1.0,0.0,0.2,0.8
elderly_headed_hh,percentiles_91_95,2005,0.6,1.2,0.0,0.3,0.9
elderly_headed_hh,percentiles_91_95,2006,0.7,1.3,0.0,0.3,1.0
elderly_headed_hh,percentiles_91_95,2007,0.8,1.4,0.0,0.3,1.1
elderly_headed_hh,percentiles_91_95,2008,0.7,1.3,0.0,0.3,1.0
elderly_headed_hh,percentiles_91_95,2009,0.6,1.2,0.0,0.3,0.9
elderly_headed_hh,percentiles_91_95,2010,0.7,1.4,0.0,0.4,1.0
elderly_headed_hh,percentiles_91_95,2011,0.8,1.5,0.0,0.4,1.1
elderly_headed_hh,percentiles_91_95,2012,0.9,1.6,0.0,0.4,1.2
elderly_headed_hh,percentiles_91_95,2013,0.9,1.6,0.0,0.4,1.2
elderly_headed_hh,percentiles_91_95,2014,1.0,1.8,0.0,0.4,1.4
elderly_headed_hh,percentiles_91_95,2015,1.0,1.8,0.0,0.4,1.4
elderly_headed_hh,percentiles_91_95,2016,1.0,1.9,0.0,0.5,1.4
elderly_headed_hh,percentiles_91_95,2017,1.0,1.9,0.0,0.4,1.5
elderly_headed_hh,percentiles_96_99,1979,0.5,0.9,0.0,0.2,0.7
elderly_headed_hh,percentiles_96_99,1980,0.5,1.0,0.0,0.2,0.8
elderly_headed_hh,percentiles_96_99,1981,0.6,1.1,0.0,0.3,0.8
elderly_headed_hh,percentiles_96_99,1982,0.6,1.0,0.0,0.2,0.8
elderly_headed_hh,percentiles_96_99,1983,0.6,1.0,0.0,0.2,0.8
elderly_headed_hh,percentiles_96_99,1984,0.5,0.9,0.0,0.2,0.7
elderly_headed_hh,percentiles_96_99,1985,0.6,1.0,0.0,0.3,0.8
elderly_headed_hh,percentiles_96_99,1986,0.6,1.1,0.0,0.3,0.8
elderly_headed_hh,percentiles_96_99,1987,0.6,1.0,0.0,0.2,0.8
elderly_headed_hh,percentiles_96_99,1988,0.6,1.0,0.0,0.2,0.8
elderly_headed_hh,percentiles_96_99,1989,0.6,1.1,0.0,0.3,0.8
elderly_headed_hh,percentiles_96_99,1990,0.6,1.0,0.0,0.2,0.8
elderly_headed_hh,percentiles_96_99,1991,0.6,1.0,0.0,0.2,0.8
elderly_headed_hh,percentiles_96_99,1992,0.6,1.0,0.0,0.2,0.8
elderly_headed_hh,percentiles_96_99,1993,0.5,0.9,0.0,0.2,0.7
elderly_headed_hh,percentiles_96_99,1994,0.5,1.0,0.0,0.2,0.8
elderly_headed_hh,percentiles_96_99,1995,0.6,1.0,0.0,0.2,0.8
elderly_headed_hh,percentiles_96_99,1996,0.6,1.1,0.0,0.2,0.9
elderly_headed_hh,percentiles_96_99,1997,0.7,1.2,0.0,0.2,0.9
elderly_headed_hh,percentiles_96_99,1998,0.6,1.2,0.0,0.2,0.9
elderly_headed_hh,percentiles_96_99,1999,0.7,1.2,0.0,0.2,1.0
elderly_headed_hh,percentiles_96_99,2000,0.7,1.2,0.0,0.2,1.0
elderly_headed_hh,percentiles_96_99,2001,0.6,1.0,0.0,0.2,0.8
elderly_headed_hh,percentiles_96_99,2002,0.5,1.0,0.0,0.2,0.8
elderly_headed_hh,percentiles_96_99,2003,0.5,1.0,0.0,0.2,0.8
elderly_headed_hh,percentiles_96_99,2004,0.6,1.1,0.0,0.2,0.9
elderly_headed_hh,percentiles_96_99,2005,0.7,1.2,0.0,0.3,0.9
elderly_headed_hh,percentiles_96_99,2006,0.7,1.3,0.0,0.3,1.0
elderly_headed_hh,percentiles_96_99,2007,0.8,1.4,0.0,0.3,1.1
elderly_headed_hh,percentiles_96_99,2008,0.7,1.2,0.0,0.3,0.9
elderly_headed_hh,percentiles_96_99,2009,0.6,1.1,0.0,0.3,0.9
elderly_headed_hh,percentiles_96_99,2010,0.7,1.2,0.0,0.3,1.0
elderly_headed_hh,percentiles_96_99,2011,0.7,1.4,0.0,0.3,1.0
elderly_headed_hh,percentiles_96_99,2012,0.8,1.5,0.0,0.3,1.2
elderly_headed_hh,percentiles_96_99,2013,0.9,1.6,0.0,0.3,1.3
elderly_headed_hh,percentiles_96_99,2014,0.9,1.7,0.0,0.3,1.4
elderly_headed_hh,percentiles_96_99,2015,0.9,1.7,0.0,0.4,1.3
elderly_headed_hh,percentiles_96_99,2016,0.9,1.8,0.0,0.4,1.4
elderly_headed_hh,percentiles_96_99,2017,1.0,1.9,0.0,0.4,1.5
elderly_headed_hh,top_1_percent,1979,0.2,0.4,0.0,0.1,0.3
elderly_headed_hh,top_1_percent,1980,0.2,0.4,0.0,0.1,0.4
elderly_headed_hh,top_1_percent,1981,0.2,0.4,0.0,0.1,0.4
elderly_headed_hh,top_1_percent,1982,0.3,0.5,0.0,0.1,0.4
elderly_headed_hh,top_1_percent,1983,0.2,0.4,0.0,0.1,0.4
elderly_headed_hh,top_1_percent,1984,0.3,0.5,0.0,0.1,0.4
elderly_headed_hh,top_1_percent,1985,0.3,0.5,0.0,0.1,0.4
elderly_headed_hh,top_1_percent,1986,0.3,0.5,0.0,0.1,0.4
elderly_headed_hh,top_1_percent,1987,0.2,0.4,0.0,0.1,0.3
elderly_headed_hh,top_1_percent,1988,0.2,0.4,0.0,0.1,0.3
elderly_headed_hh,top_1_percent,1989,0.2,0.4,0.0,0.1,0.3
elderly_headed_hh,top_1_percent,1990,0.2,0.4,0.0,0.1,0.3
elderly_headed_hh,top_1_percent,1991,0.2,0.4,0.0,0.1,0.3
elderly_headed_hh,top_1_percent,1992,0.2,0.4,0.0,0.1,0.3
elderly_headed_hh,top_1_percent,1993,0.2,0.4,0.0,0.1,0.3
elderly_headed_hh,top_1_percent,1994,0.2,0.4,0.0,0.1,0.3
elderly_headed_hh,top_1_percent,1995,0.2,0.4,0.0,0.1,0.3
elderly_headed_hh,top_1_percent,1996,0.2,0.4,0.0,0.1,0.4
elderly_headed_hh,top_1_percent,1997,0.2,0.4,0.0,0.1,0.3
elderly_headed_hh,top_1_percent,1998,0.2,0.4,0.0,0.1,0.3
elderly_headed_hh,top_1_percent,1999,0.2,0.4,0.0,0.1,0.3
elderly_headed_hh,top_1_percent,2000,0.2,0.4,0.0,0.1,0.3
elderly_headed_hh,top_1_percent,2001,0.2,0.4,0.0,0.1,0.3
elderly_headed_hh,top_1_percent,2002,0.2,0.4,0.0,0.1,0.3
elderly_headed_hh,top_1_percent,2003,0.2,0.4,0.0,0.1,0.3
elderly_headed_hh,top_1_percent,2004,0.2,0.4,0.0,0.1,0.4
elderly_headed_hh,top_1_percent,2005,0.2,0.4,0.0,0.1,0.4
elderly_headed_hh,top_1_percent,2006,0.3,0.5,0.0,0.1,0.4
elderly_headed_hh,top_1_percent,2007,0.3,0.5,0.0,0.1,0.4
elderly_headed_hh,top_1_percent,2008,0.2,0.4,0.0,0.1,0.4
elderly_headed_hh,top_1_percent,2009,0.2,0.4,0.0,0.1,0.3
elderly_headed_hh,top_1_percent,2010,0.2,0.5,0.0,0.1,0.4
elderly_headed_hh,top_1_percent,2011,0.3,0.5,0.0,0.1,0.4
elderly_headed_hh,top_1_percent,2012,0.3,0.5,0.0,0.1,0.4
elderly_headed_hh,top_1_percent,2013,0.3,0.5,0.0,0.1,0.4
elderly_headed_hh,top_1_percent,2014,0.3,0.6,0.0,0.1,0.5
elderly_headed_hh,top_1_percent,2015,0.3,0.6,0.0,0.1,0.5
elderly_headed_hh,top_1_percent,2016,0.3,0.6,0.0,0.1,0.5
elderly_headed_hh,top_1_percent,2017,0.3,0.6,0.0,0.1,0.5
nonelderly_childless_hh,all_quintiles,1979,31.7,59.3,0.0,58.5,0.8
nonelderly_childless_hh,all_quintiles,1980,32.6,61.1,0.0,60.1,0.9
nonelderly_childless_hh,all_quintiles,1981,33.6,63.3,0.0,62.3,0.9
nonelderly_childless_hh,all_quintiles,1982,33.7,64.5,0.0,63.7,0.9
nonelderly_childless_hh,all_quintiles,1983,34.8,66.4,0.0,65.5,0.9
nonelderly_childless_hh,all_quintiles,1984,35.7,67.9,0.0,66.9,0.9
nonelderly_childless_hh,all_quintiles,1985,36.2,68.5,0.0,67.5,1.0
nonelderly_childless_hh,all_quintiles,1986,36.5,69.3,0.0,68.4,0.9
nonelderly_childless_hh,all_quintiles,1987,37.5,70.7,0.0,69.7,0.9
nonelderly_childless_hh,all_quintiles,1988,38.6,72.1,0.0,71.2,1.0
nonelderly_childless_hh,all_quintiles,1989,38.8,72.7,0.0,71.8,0.9
nonelderly_childless_hh,all_quintiles,1990,39.2,73.0,0.0,72.0,1.0
nonelderly_childless_hh,all_quintiles,1991,39.8,74.2,0.0,73.2,1.0
nonelderly_childless_hh,all_quintiles,1992,39.7,74.1,0.0,73.1,1.0
nonelderly_childless_hh,all_quintiles,1993,39.5,73.3,0.0,72.3,1.0
nonelderly_childless_hh,all_quintiles,1994,40.4,74.3,0.0,73.3,1.0
nonelderly_childless_hh,all_quintiles,1995,40.9,75.1,0.0,74.1,1.0
nonelderly_childless_hh,all_quintiles,1996,41.8,77.0,0.0,75.9,1.1
nonelderly_childless_hh,all_quintiles,1997,43.0,78.4,0.0,77.3,1.1
nonelderly_childless_hh,all_quintiles,1998,44.4,80.8,0.0,79.6,1.1
nonelderly_childless_hh,all_quintiles,1999,45.0,82.3,0.0,81.1,1.2
nonelderly_childless_hh,all_quintiles,2000,46.7,84.7,0.0,83.4,1.3
nonelderly_childless_hh,all_quintiles,2001,47.6,86.0,0.0,84.6,1.3
nonelderly_childless_hh,all_quintiles,2002,49.0,88.6,0.0,87.2,1.4
nonelderly_childless_hh,all_quintiles,2003,49.1,88.9,0.0,87.5,1.4
nonelderly_childless_hh,all_quintiles,2004,49.6,89.9,0.0,88.4,1.5
nonelderly_childless_hh,all_quintiles,2005,50.6,91.7,0.0,90.2,1.5
nonelderly_childless_hh,all_quintiles,2006,51.8,93.8,0.0,92.3,1.6
nonelderly_childless_hh,all_quintiles,2007,53.0,96.2,0.0,94.6,1.7
nonelderly_childless_hh,all_quintiles,2008,52.5,96.2,0.0,94.7,1.6
nonelderly_childless_hh,all_quintiles,2009,52.6,97.1,0.0,95.4,1.7
nonelderly_childless_hh,all_quintiles,2010,54.6,100.2,0.0,98.4,1.8
nonelderly_childless_hh,all_quintiles,2011,54.9,100.7,0.0,99.0,1.7
nonelderly_childless_hh,all_quintiles,2012,55.1,101.4,0.0,99.4,2.0
nonelderly_childless_hh,all_quintiles,2013,54.9,101.2,0.0,99.2,2.0
nonelderly_childless_hh,all_quintiles,2014,55.1,101.5,0.0,99.6,2.0
nonelderly_childless_hh,all_quintiles,2015,55.7,103.0,0.0,101.1,1.9
nonelderly_childless_hh,all_quintiles,2016,55.7,103.3,0.0,101.1,2.2
nonelderly_childless_hh,all_quintiles,2017,55.8,103.8,0.0,101.4,2.4
nonelderly_childless_hh,lowest_quintile,1979,4.4,6.9,0.0,6.7,0.2
nonelderly_childless_hh,lowest_quintile,1980,4.5,7.0,0.0,6.8,0.2
nonelderly_childless_hh,lowest_quintile,1981,4.7,7.6,0.0,7.4,0.2
nonelderly_childless_hh,lowest_quintile,1982,4.7,7.7,0.0,7.5,0.2
nonelderly_childless_hh,lowest_quintile,1983,4.8,7.6,0.0,7.5,0.2
nonelderly_childless_hh,lowest_quintile,1984,5.5,8.6,0.0,8.4,0.2
nonelderly_childless_hh,lowest_quintile,1985,5.0,8.0,0.0,7.8,0.2
nonelderly_childless_hh,lowest_quintile,1986,5.2,8.4,0.0,8.3,0.2
nonelderly_childless_hh,lowest_quintile,1987,4.6,7.2,0.0,7.1,0.2
nonelderly_childless_hh,lowest_quintile,1988,4.7,7.3,0.0,7.2,0.2
nonelderly_childless_hh,lowest_quintile,1989,4.7,7.5,0.0,7.4,0.1
nonelderly_childless_hh,lowest_quintile,1990,4.8,7.5,0.0,7.4,0.1
nonelderly_childless_hh,lowest_quintile,1991,5.0,7.8,0.0,7.6,0.2
nonelderly_childless_hh,lowest_quintile,1992,4.9,8.0,0.0,7.8,0.2
nonelderly_childless_hh,lowest_quintile,1993,5.0,7.9,0.0,7.8,0.2
nonelderly_childless_hh,lowest_quintile,1994,4.9,7.7,0.0,7.5,0.2
nonelderly_childless_hh,lowest_quintile,1995,5.7,9.2,0.0,9.0,0.2
nonelderly_childless_hh,lowest_quintile,1996,5.9,9.4,0.0,9.1,0.2
nonelderly_childless_hh,lowest_quintile,1997,6.3,9.8,0.0,9.5,0.2
nonelderly_childless_hh,lowest_quintile,1998,6.7,10.4,0.0,10.2,0.2
nonelderly_childless_hh,lowest_quintile,1999,6.9,10.9,0.0,10.7,0.2
nonelderly_childless_hh,lowest_quintile,2000,7.2,10.9,0.0,10.7,0.2
nonelderly_childless_hh,lowest_quintile,2001,7.2,11.5,0.0,11.2,0.3
nonelderly_childless_hh,lowest_quintile,2002,7.9,12.0,0.0,11.7,0.3
nonelderly_childless_hh,lowest_quintile,2003,7.8,12.1,0.0,11.8,0.3
nonelderly_childless_hh,lowest_quintile,2004,8.3,12.8,0.0,12.5,0.3
nonelderly_childless_hh,lowest_quintile,2005,8.5,13.3,0.0,13.0,0.3
nonelderly_childless_hh,lowest_quintile,2006,8.1,12.9,0.0,12.5,0.4
nonelderly_childless_hh,lowest_quintile,2007,9.1,14.1,0.0,13.7,0.4
nonelderly_childless_hh,lowest_quintile,2008,8.8,14.0,0.0,13.6,0.4
nonelderly_childless_hh,lowest_quintile,2009,8.6,13.8,0.0,13.4,0.4
nonelderly_childless_hh,lowest_quintile,2010,9.7,15.2,0.0,14.8,0.4
nonelderly_childless_hh,lowest_quintile,2011,9.8,15.3,0.0,14.9,0.4
nonelderly_childless_hh,lowest_quintile,2012,9.6,15.2,0.0,14.7,0.5
nonelderly_childless_hh,lowest_quintile,2013,9.7,15.4,0.0,14.9,0.4
nonelderly_childless_hh,lowest_quintile,2014,9.6,14.9,0.0,14.4,0.5
nonelderly_childless_hh,lowest_quintile,2015,9.6,14.8,0.0,14.3,0.5
nonelderly_childless_hh,lowest_quintile,2016,9.8,15.1,0.0,14.6,0.5
nonelderly_childless_hh,lowest_quintile,2017,9.4,14.6,0.0,14.0,0.6
nonelderly_childless_hh,second_quintile,1979,5.3,9.0,0.0,8.8,0.2
nonelderly_childless_hh,second_quintile,1980,5.4,9.2,0.0,9.0,0.2
nonelderly_childless_hh,second_quintile,1981,5.5,9.5,0.0,9.3,0.2
nonelderly_childless_hh,second_quintile,1982,5.5,9.6,0.0,9.4,0.2
nonelderly_childless_hh,second_quintile,1983,5.7,9.9,0.0,9.8,0.2
nonelderly_childless_hh,second_quintile,1984,5.9,10.5,0.0,10.3,0.2
nonelderly_childless_hh,second_quintile,1985,6.0,10.6,0.0,10.4,0.2
nonelderly_childless_hh,second_quintile,1986,5.7,10.1,0.0,9.9,0.2
nonelderly_childless_hh,second_quintile,1987,6.2,10.7,0.0,10.5,0.2
nonelderly_childless_hh,second_quintile,1988,6.4,10.9,0.0,10.7,0.2
nonelderly_childless_hh,second_quintile,1989,6.4,11.0,0.0,10.9,0.2
nonelderly_childless_hh,second_quintile,1990,6.3,11.0,0.0,10.8,0.2
nonelderly_childless_hh,second_quintile,1991,6.2,10.9,0.0,10.7,0.2
nonelderly_childless_hh,second_quintile,1992,6.3,10.8,0.0,10.6,0.2
nonelderly_childless_hh,second_quintile,1993,6.0,10.5,0.0,10.3,0.2
nonelderly_childless_hh,second_quintile,1994,6.2,10.7,0.0,10.5,0.2
nonelderly_childless_hh,second_quintile,1995,6.1,10.6,0.0,10.4,0.2
nonelderly_childless_hh,second_quintile,1996,6.3,10.9,0.0,10.7,0.2
nonelderly_childless_hh,second_quintile,1997,6.5,11.4,0.0,11.2,0.2
nonelderly_childless_hh,second_quintile,1998,6.8,11.9,0.0,11.7,0.2
nonelderly_childless_hh,second_quintile,1999,7.0,12.5,0.0,12.3,0.2
nonelderly_childless_hh,second_quintile,2000,7.4,13.2,0.0,13.0,0.3
nonelderly_childless_hh,second_quintile,2001,7.4,12.9,0.0,12.6,0.3
nonelderly_childless_hh,second_quintile,2002,7.6,13.6,0.0,13.4,0.3
nonelderly_childless_hh,second_quintile,2003,7.6,13.4,0.0,13.2,0.3
nonelderly_childless_hh,second_quintile,2004,7.7,13.5,0.0,13.3,0.3
nonelderly_childless_hh,second_quintile,2005,8.1,14.3,0.0,14.0,0.3
nonelderly_childless_hh,second_quintile,2006,8.3,14.8,0.0,14.5,0.3
nonelderly_childless_hh,second_quintile,2007,8.6,14.9,0.0,14.6,0.4
nonelderly_childless_hh,second_quintile,2008,8.7,15.6,0.0,15.3,0.3
nonelderly_childless_hh,second_quintile,2009,8.7,15.7,0.0,15.4,0.4
nonelderly_childless_hh,second_quintile,2010,9.1,16.6,0.0,16.2,0.4
nonelderly_childless_hh,second_quintile,2011,9.1,16.5,0.0,16.2,0.3
nonelderly_childless_hh,second_quintile,2012,9.0,16.3,0.0,15.9,0.4
nonelderly_childless_hh,second_quintile,2013,9.1,16.6,0.0,16.1,0.4
nonelderly_childless_hh,second_quintile,2014,9.4,16.9,0.0,16.5,0.4
nonelderly_childless_hh,second_quintile,2015,9.4,16.9,0.0,16.5,0.4
nonelderly_childless_hh,second_quintile,2016,9.2,16.7,0.0,16.2,0.4
nonelderly_childless_hh,second_quintile,2017,9.3,16.8,0.0,16.3,0.5
nonelderly_childless_hh,middle_quintile,1979,5.4,9.8,0.0,9.6,0.2
nonelderly_childless_hh,middle_quintile,1980,5.6,10.0,0.0,9.9,0.2
nonelderly_childless_hh,middle_quintile,1981,5.8,10.5,0.0,10.3,0.2
nonelderly_childless_hh,middle_quintile,1982,5.8,10.7,0.0,10.5,0.1
nonelderly_childless_hh,middle_quintile,1983,6.2,11.4,0.0,11.3,0.1
nonelderly_childless_hh,middle_quintile,1984,6.2,11.6,0.0,11.4,0.2
nonelderly_childless_hh,middle_quintile,1985,6.3,11.6,0.0,11.5,0.2
nonelderly_childless_hh,middle_quintile,1986,6.5,11.9,0.0,11.8,0.2
nonelderly_childless_hh,middle_quintile,1987,6.9,12.6,0.0,12.4,0.2
nonelderly_childless_hh,middle_quintile,1988,7.1,12.7,0.0,12.5,0.2
nonelderly_childless_hh,middle_quintile,1989,7.3,13.0,0.0,12.9,0.2
nonelderly_childless_hh,middle_quintile,1990,7.0,12.7,0.0,12.5,0.2
nonelderly_childless_hh,middle_quintile,1991,7.4,13.5,0.0,13.3,0.2
nonelderly_childless_hh,middle_quintile,1992,7.4,13.5,0.0,13.3,0.2
nonelderly_childless_hh,middle_quintile,1993,7.3,13.3,0.0,13.1,0.2
nonelderly_childless_hh,middle_quintile,1994,7.6,13.7,0.0,13.4,0.2
nonelderly_childless_hh,middle_quintile,1995,7.7,13.8,0.0,13.6,0.2
nonelderly_childless_hh,middle_quintile,1996,7.8,14.2,0.0,14.0,0.2
nonelderly_childless_hh,middle_quintile,1997,7.9,14.2,0.0,14.0,0.2
nonelderly_childless_hh,middle_quintile,1998,8.3,14.8,0.0,14.6,0.2
nonelderly_childless_hh,middle_quintile,1999,8.2,14.7,0.0,14.5,0.2
nonelderly_childless_hh,middle_quintile,2000,8.7,15.6,0.0,15.4,0.2
nonelderly_childless_hh,middle_quintile,2001,8.6,15.5,0.0,15.2,0.3
nonelderly_childless_hh,middle_quintile,2002,9.0,16.3,0.0,16.0,0.3
nonelderly_childless_hh,middle_quintile,2003,9.0,16.2,0.0,15.9,0.3
nonelderly_childless_hh,middle_quintile,2004,9.2,16.6,0.0,16.3,0.3
nonelderly_childless_hh,middle_quintile,2005,9.5,16.9,0.0,16.6,0.3
nonelderly_childless_hh,middle_quintile,2006,10.0,17.7,0.0,17.3,0.3
nonelderly_childless_hh,middle_quintile,2007,10.1,18.2,0.0,17.9,0.4
nonelderly_childless_hh,middle_quintile,2008,10.0,18.1,0.0,17.8,0.3
nonelderly_childless_hh,middle_quintile,2009,9.8,18.3,0.0,18.0,0.3
nonelderly_childless_hh,middle_quintile,2010,10.2,18.8,0.0,18.4,0.4
nonelderly_childless_hh,middle_quintile,2011,10.4,19.1,0.0,18.8,0.4
nonelderly_childless_hh,middle_quintile,2012,10.5,19.3,0.0,18.9,0.4
nonelderly_childless_hh,middle_quintile,2013,10.6,19.8,0.0,19.3,0.4
nonelderly_childless_hh,middle_quintile,2014,10.4,19.2,0.0,18.8,0.4
nonelderly_childless_hh,middle_quintile,2015,10.8,20.0,0.0,19.7,0.4
nonelderly_childless_hh,middle_quintile,2016,10.8,20.1,0.0,19.7,0.4
nonelderly_childless_hh,middle_quintile,2017,10.9,20.4,0.0,19.9,0.5
nonelderly_childless_hh,fourth_quintile,1979,6.8,13.0,0.0,12.8,0.2
nonelderly_childless_hh,fourth_quintile,1980,7.0,13.7,0.0,13.5,0.2
nonelderly_childless_hh,fourth_quintile,1981,7.0,13.7,0.0,13.5,0.2
nonelderly_childless_hh,fourth_quintile,1982,7.0,14.0,0.0,13.8,0.2
nonelderly_childless_hh,fourth_quintile,1983,7.4,14.8,0.0,14.6,0.2
nonelderly_childless_hh,fourth_quintile,1984,7.5,14.7,0.0,14.5,0.2
nonelderly_childless_hh,fourth_quintile,1985,7.7,15.2,0.0,15.0,0.2
nonelderly_childless_hh,fourth_quintile,1986,7.8,15.4,0.0,15.2,0.2
nonelderly_childless_hh,fourth_quintile,1987,8.2,16.0,0.0,15.8,0.2
nonelderly_childless_hh,fourth_quintile,1988,8.7,16.7,0.0,16.5,0.2
nonelderly_childless_hh,fourth_quintile,1989,8.6,16.6,0.0,16.4,0.2
nonelderly_childless_hh,fourth_quintile,1990,8.9,17.1,0.0,16.8,0.2
nonelderly_childless_hh,fourth_quintile,1991,8.9,17.3,0.0,17.1,0.2
nonelderly_childless_hh,fourth_quintile,1992,8.9,17.1,0.0,16.9,0.2
nonelderly_childless_hh,fourth_quintile,1993,9.0,17.2,0.0,16.9,0.2
nonelderly_childless_hh,fourth_quintile,1994,9.3,17.6,0.0,17.4,0.2
nonelderly_childless_hh,fourth_quintile,1995,9.4,17.8,0.0,17.6,0.2
nonelderly_childless_hh,fourth_quintile,1996,9.5,17.9,0.0,17.7,0.2
nonelderly_childless_hh,fourth_quintile,1997,9.6,18.1,0.0,17.9,0.2
nonelderly_childless_hh,fourth_quintile,1998,10.0,18.9,0.0,18.7,0.2
nonelderly_childless_hh,fourth_quintile,1999,10.1,19.0,0.0,18.8,0.2
nonelderly_childless_hh,fourth_quintile,2000,10.5,20.0,0.0,19.7,0.3
nonelderly_childless_hh,fourth_quintile,2001,10.9,20.2,0.0,20.0,0.3
nonelderly_childless_hh,fourth_quintile,2002,10.9,20.4,0.0,20.1,0.3
nonelderly_childless_hh,fourth_quintile,2003,10.9,20.3,0.0,20.0,0.3
nonelderly_childless_hh,fourth_quintile,2004,10.9,20.7,0.0,20.4,0.3
nonelderly_childless_hh,fourth_quintile,2005,11.0,20.6,0.0,20.4,0.3
nonelderly_childless_hh,fourth_quintile,2006,11.5,21.8,0.0,21.5,0.3
nonelderly_childless_hh,fourth_quintile,2007,11.5,21.9,0.0,21.6,0.3
nonelderly_childless_hh,fourth_quintile,2008,11.4,21.7,0.0,21.4,0.3
nonelderly_childless_hh,fourth_quintile,2009,11.4,21.8,0.0,21.5,0.3
nonelderly_childless_hh,fourth_quintile,2010,11.8,22.4,0.0,22.1,0.3
nonelderly_childless_hh,fourth_quintile,2011,11.8,22.4,0.0,22.1,0.3
nonelderly_childless_hh,fourth_quintile,2012,12.1,23.1,0.0,22.7,0.4
nonelderly_childless_hh,fourth_quintile,2013,11.8,22.5,0.0,22.1,0.4
nonelderly_childless_hh,fourth_quintile,2014,11.9,23.0,0.0,22.6,0.4
nonelderly_childless_hh,fourth_quintile,2015,12.2,23.8,0.0,23.4,0.3
nonelderly_childless_hh,fourth_quintile,2016,12.2,23.8,0.0,23.4,0.4
nonelderly_childless_hh,fourth_quintile,2017,12.4,24.1,0.0,23.6,0.4
nonelderly_childless_hh,highest_quintile,1979,9.7,20.5,0.0,20.3,0.2
nonelderly_childless_hh,highest_quintile,1980,10.0,20.9,0.0,20.7,0.2
nonelderly_childless_hh,highest_quintile,1981,10.3,21.6,0.0,21.4,0.2
nonelderly_childless_hh,highest_quintile,1982,10.5,22.2,0.0,21.9,0.2
nonelderly_childless_hh,highest_quintile,1983,10.5,22.2,0.0,22.0,0.3
nonelderly_childless_hh,highest_quintile,1984,10.3,22.0,0.0,21.7,0.2
nonelderly_childless_hh,highest_quintile,1985,10.9,22.5,0.0,22.3,0.2
nonelderly_childless_hh,highest_quintile,1986,10.9,22.9,0.0,22.7,0.2
nonelderly_childless_hh,highest_quintile,1987,11.3,23.7,0.0,23.5,0.2
nonelderly_childless_hh,highest_quintile,1988,11.6,24.1,0.0,23.8,0.2
nonelderly_childless_hh,highest_quintile,1989,11.5,23.9,0.0,23.7,0.2
nonelderly_childless_hh,highest_quintile,1990,11.8,24.2,0.0,23.9,0.2
nonelderly_childless_hh,highest_quintile,1991,12.0,24.3,0.0,24.1,0.2
nonelderly_childless_hh,highest_quintile,1992,12.0,24.1,0.0,24.0,0.2
nonelderly_childless_hh,highest_quintile,1993,11.9,24.0,0.0,23.8,0.2
nonelderly_childless_hh,highest_quintile,1994,11.9,24.1,0.0,23.9,0.2
nonelderly_childless_hh,highest_quintile,1995,11.7,23.4,0.0,23.2,0.2
nonelderly_childless_hh,highest_quintile,1996,12.1,24.4,0.0,24.1,0.3
nonelderly_childless_hh,highest_quintile,1997,12.3,24.4,0.0,24.2,0.2
nonelderly_childless_hh,highest_quintile,1998,12.4,24.3,0.0,24.0,0.2
nonelderly_childless_hh,highest_quintile,1999,12.5,24.6,0.0,24.4,0.3
nonelderly_childless_hh,highest_quintile,2000,12.7,24.6,0.0,24.4,0.3
nonelderly_childless_hh,highest_quintile,2001,13.2,25.4,0.0,25.2,0.3
nonelderly_childless_hh,highest_quintile,2002,13.3,25.6,0.0,25.4,0.2
nonelderly_childless_hh,highest_quintile,2003,13.4,26.2,0.0,26.0,0.2
nonelderly_childless_hh,highest_quintile,2004,13.1,25.6,0.0,25.4,0.2
nonelderly_childless_hh,highest_quintile,2005,13.2,25.9,0.0,25.7,0.3
nonelderly_childless_hh,highest_quintile,2006,13.4,26.1,0.0,25.8,0.3
nonelderly_childless_hh,highest_quintile,2007,13.4,26.5,0.0,26.2,0.3
nonelderly_childless_hh,highest_quintile,2008,13.2,26.2,0.0,25.9,0.3
nonelderly_childless_hh,highest_quintile,2009,13.4,26.5,0.0,26.3,0.3
nonelderly_childless_hh,highest_quintile,2010,13.4,26.4,0.0,26.1,0.3
nonelderly_childless_hh,highest_quintile,2011,13.3,26.7,0.0,26.4,0.3
nonelderly_childless_hh,highest_quintile,2012,13.4,26.9,0.0,26.5,0.3
nonelderly_childless_hh,highest_quintile,2013,13.2,26.3,0.0,26.1,0.3
nonelderly_childless_hh,highest_quintile,2014,13.4,26.9,0.0,26.6,0.3
nonelderly_childless_hh,highest_quintile,2015,13.3,26.9,0.0,26.6,0.3
nonelderly_childless_hh,highest_quintile,2016,13.3,27.0,0.0,26.6,0.4
nonelderly_childless_hh,highest_quintile,2017,13.5,27.4,0.0,27.0,0.4
nonelderly_childless_hh,percentiles_81_90,1979,4.6,9.5,0.0,9.4,0.1
nonelderly_childless_hh,percentiles_81_90,1980,4.7,9.7,0.0,9.6,0.1
nonelderly_childless_hh,percentiles_81_90,1981,4.8,10.0,0.0,9.9,0.1
nonelderly_childless_hh,percentiles_81_90,1982,4.9,10.2,0.0,10.0,0.1
nonelderly_childless_hh,percentiles_81_90,1983,4.9,10.3,0.0,10.1,0.1
nonelderly_childless_hh,percentiles_81_90,1984,4.9,10.4,0.0,10.2,0.1
nonelderly_childless_hh,percentiles_81_90,1985,5.2,10.6,0.0,10.5,0.1
nonelderly_childless_hh,percentiles_81_90,1986,5.2,10.8,0.0,10.7,0.1
nonelderly_childless_hh,percentiles_81_90,1987,5.5,11.3,0.0,11.2,0.1
nonelderly_childless_hh,percentiles_81_90,1988,5.6,11.3,0.0,11.2,0.1
nonelderly_childless_hh,percentiles_81_90,1989,5.6,11.5,0.0,11.4,0.1
nonelderly_childless_hh,percentiles_81_90,1990,5.7,11.6,0.0,11.5,0.1
nonelderly_childless_hh,percentiles_81_90,1991,5.7,11.5,0.0,11.4,0.1
nonelderly_childless_hh,percentiles_81_90,1992,5.8,11.3,0.0,11.2,0.1
nonelderly_childless_hh,percentiles_81_90,1993,5.7,11.3,0.0,11.2,0.1
nonelderly_childless_hh,percentiles_81_90,1994,5.8,11.6,0.0,11.4,0.1
nonelderly_childless_hh,percentiles_81_90,1995,5.6,11.0,0.0,10.9,0.1
nonelderly_childless_hh,percentiles_81_90,1996,5.9,11.9,0.0,11.7,0.2
nonelderly_childless_hh,percentiles_81_90,1997,6.1,12.1,0.0,12.0,0.1
nonelderly_childless_hh,percentiles_81_90,1998,6.1,12.0,0.0,11.9,0.1
nonelderly_childless_hh,percentiles_81_90,1999,6.1,12.0,0.0,11.9,0.1
nonelderly_childless_hh,percentiles_81_90,2000,6.2,12.1,0.0,12.0,0.1
nonelderly_childless_hh,percentiles_81_90,2001,6.4,12.3,0.0,12.2,0.1
nonelderly_childless_hh,percentiles_81_90,2002,6.4,12.4,0.0,12.3,0.1
nonelderly_childless_hh,percentiles_81_90,2003,6.6,12.9,0.0,12.8,0.1
nonelderly_childless_hh,percentiles_81_90,2004,6.5,12.7,0.0,12.6,0.1
nonelderly_childless_hh,percentiles_81_90,2005,6.6,12.9,0.0,12.8,0.1
nonelderly_childless_hh,percentiles_81_90,2006,6.7,13.1,0.0,12.9,0.1
nonelderly_childless_hh,percentiles_81_90,2007,6.7,13.3,0.0,13.2,0.2
nonelderly_childless_hh,percentiles_81_90,2008,6.5,13.0,0.0,12.8,0.1
nonelderly_childless_hh,percentiles_81_90,2009,6.6,13.1,0.0,12.9,0.1
nonelderly_childless_hh,percentiles_81_90,2010,6.6,13.0,0.0,12.8,0.1
nonelderly_childless_hh,percentiles_81_90,2011,6.6,13.2,0.0,13.0,0.2
nonelderly_childless_hh,percentiles_81_90,2012,6.7,13.5,0.0,13.3,0.2
nonelderly_childless_hh,percentiles_81_90,2013,6.7,13.3,0.0,13.2,0.2
nonelderly_childless_hh,percentiles_81_90,2014,6.7,13.6,0.0,13.4,0.1
nonelderly_childless_hh,percentiles_81_90,2015,6.8,13.8,0.0,13.7,0.2
nonelderly_childless_hh,percentiles_81_90,2016,6.8,13.9,0.0,13.7,0.2
nonelderly_childless_hh,percentiles_81_90,2017,6.9,13.9,0.0,13.7,0.2
nonelderly_childless_hh,percentiles_91_95,1979,2.7,5.8,0.0,5.8,0.0
nonelderly_childless_hh,percentiles_91_95,1980,2.7,5.8,0.0,5.8,0.0
nonelderly_childless_hh,percentiles_91_95,1981,2.8,6.0,0.0,6.0,0.0
nonelderly_childless_hh,percentiles_91_95,1982,3.0,6.3,0.0,6.2,0.1
nonelderly_childless_hh,percentiles_91_95,1983,2.9,6.3,0.0,6.2,0.1
nonelderly_childless_hh,percentiles_91_95,1984,2.8,6.0,0.0,5.9,0.1
nonelderly_childless_hh,percentiles_91_95,1985,2.9,6.1,0.0,6.0,0.1
nonelderly_childless_hh,percentiles_91_95,1986,3.0,6.4,0.0,6.4,0.0
nonelderly_childless_hh,percentiles_91_95,1987,3.0,6.6,0.0,6.5,0.1
nonelderly_childless_hh,percentiles_91_95,1988,3.2,6.7,0.0,6.6,0.1
nonelderly_childless_hh,percentiles_91_95,1989,3.1,6.5,0.0,6.5,0.1
nonelderly_childless_hh,percentiles_91_95,1990,3.2,6.5,0.0,6.5,0.1
nonelderly_childless_hh,percentiles_91_95,1991,3.2,6.5,0.0,6.5,0.1
nonelderly_childless_hh,percentiles_91_95,1992,3.2,6.7,0.0,6.6,0.0
nonelderly_childless_hh,percentiles_91_95,1993,3.2,6.6,0.0,6.5,0.1
nonelderly_childless_hh,percentiles_91_95,1994,3.2,6.5,0.0,6.5,0.0
nonelderly_childless_hh,percentiles_91_95,1995,3.2,6.5,0.0,6.4,0.1
nonelderly_childless_hh,percentiles_91_95,1996,3.2,6.5,0.0,6.4,0.1
nonelderly_childless_hh,percentiles_91_95,1997,3.2,6.4,0.0,6.3,0.1
nonelderly_childless_hh,percentiles_91_95,1998,3.3,6.5,0.0,6.5,0.1
nonelderly_childless_hh,percentiles_91_95,1999,3.3,6.6,0.0,6.5,0.1
nonelderly_childless_hh,percentiles_91_95,2000,3.4,6.6,0.0,6.5,0.1
nonelderly_childless_hh,percentiles_91_95,2001,3.5,6.8,0.0,6.7,0.1
nonelderly_childless_hh,percentiles_91_95,2002,3.5,6.8,0.0,6.7,0.0
nonelderly_childless_hh,percentiles_91_95,2003,3.5,6.9,0.0,6.8,0.1
nonelderly_childless_hh,percentiles_91_95,2004,3.5,6.8,0.0,6.7,0.1
nonelderly_childless_hh,percentiles_91_95,2005,3.5,6.9,0.0,6.8,0.1
nonelderly_childless_hh,percentiles_91_95,2006,3.5,6.9,0.0,6.8,0.1
nonelderly_childless_hh,percentiles_91_95,2007,3.6,7.1,0.0,7.0,0.1
nonelderly_childless_hh,percentiles_91_95,2008,3.5,7.0,0.0,6.9,0.1
nonelderly_childless_hh,percentiles_91_95,2009,3.5,7.0,0.0,6.9,0.1
nonelderly_childless_hh,percentiles_91_95,2010,3.5,7.0,0.0,6.9,0.1
nonelderly_childless_hh,percentiles_91_95,2011,3.5,7.1,0.0,7.0,0.1
nonelderly_childless_hh,percentiles_91_95,2012,3.6,7.1,0.0,7.1,0.1
nonelderly_childless_hh,percentiles_91_95,2013,3.4,6.9,0.0,6.8,0.1
nonelderly_childless_hh,percentiles_91_95,2014,3.6,7.2,0.0,7.1,0.1
nonelderly_childless_hh,percentiles_91_95,2015,3.5,7.1,0.0,7.0,0.1
nonelderly_childless_hh,percentiles_91_95,2016,3.5,7.1,0.0,7.0,0.1
nonelderly_childless_hh,percentiles_91_95,2017,3.6,7.2,0.0,7.1,0.1
nonelderly_childless_hh,percentiles_96_99,1979,2.0,4.3,0.0,4.3,0.0
nonelderly_childless_hh,percentiles_96_99,1980,2.1,4.6,0.0,4.5,0.1
nonelderly_childless_hh,percentiles_96_99,1981,2.2,4.7,0.0,4.7,0.0
nonelderly_childless_hh,percentiles_96_99,1982,2.2,4.8,0.0,4.7,0.1
nonelderly_childless_hh,percentiles_96_99,1983,2.2,4.8,0.0,4.7,0.0
nonelderly_childless_hh,percentiles_96_99,1984,2.2,4.7,0.0,4.7,0.0
nonelderly_childless_hh,percentiles_96_99,1985,2.3,4.9,0.0,4.9,0.1
nonelderly_childless_hh,percentiles_96_99,1986,2.2,4.8,0.0,4.8,0.0
nonelderly_childless_hh,percentiles_96_99,1987,2.3,4.9,0.0,4.8,0.0
nonelderly_childless_hh,percentiles_96_99,1988,2.3,5.0,0.0,5.0,0.0
nonelderly_childless_hh,percentiles_96_99,1989,2.3,4.9,0.0,4.9,0.0
nonelderly_childless_hh,percentiles_96_99,1990,2.4,5.0,0.0,5.0,0.0
nonelderly_childless_hh,percentiles_96_99,1991,2.6,5.2,0.0,5.2,0.0
nonelderly_childless_hh,percentiles_96_99,1992,2.5,5.0,0.0,5.0,0.0
nonelderly_childless_hh,percentiles_96_99,1993,2.5,5.0,0.0,4.9,0.0
nonelderly_childless_hh,percentiles_96_99,1994,2.5,5.0,0.0,5.0,0.0
nonelderly_childless_hh,percentiles_96_99,1995,2.4,4.9,0.0,4.9,0.0
nonelderly_childless_hh,percentiles_96_99,1996,2.5,5.0,0.0,4.9,0.0
nonelderly_childless_hh,percentiles_96_99,1997,2.4,4.8,0.0,4.8,0.0
nonelderly_childless_hh,percentiles_96_99,1998,2.4,4.8,0.0,4.7,0.1
nonelderly_childless_hh,percentiles_96_99,1999,2.5,4.9,0.0,4.9,0.1
nonelderly_childless_hh,percentiles_96_99,2000,2.6,4.9,0.0,4.9,0.1
nonelderly_childless_hh,percentiles_96_99,2001,2.7,5.2,0.0,5.2,0.0
nonelderly_childless_hh,percentiles_96_99,2002,2.8,5.4,0.0,5.3,0.0
nonelderly_childless_hh,percentiles_96_99,2003,2.7,5.3,0.0,5.3,0.0
nonelderly_childless_hh,percentiles_96_99,2004,2.6,5.1,0.0,5.1,0.0
nonelderly_childless_hh,percentiles_96_99,2005,2.6,5.0,0.0,4.9,0.1
nonelderly_childless_hh,percentiles_96_99,2006,2.7,5.1,0.0,5.1,0.0
nonelderly_childless_hh,percentiles_96_99,2007,2.6,5.1,0.0,5.1,0.0
nonelderly_childless_hh,percentiles_96_99,2008,2.7,5.2,0.0,5.2,0.0
nonelderly_childless_hh,percentiles_96_99,2009,2.8,5.5,0.0,5.4,0.0
nonelderly_childless_hh,percentiles_96_99,2010,2.7,5.4,0.0,5.4,0.1
nonelderly_childless_hh,percentiles_96_99,2011,2.7,5.4,0.0,5.3,0.0
nonelderly_childless_hh,percentiles_96_99,2012,2.6,5.2,0.0,5.2,0.0
nonelderly_childless_hh,percentiles_96_99,2013,2.6,5.2,0.0,5.1,0.0
nonelderly_childless_hh,percentiles_96_99,2014,2.6,5.2,0.0,5.1,0.1
nonelderly_childless_hh,percentiles_96_99,2015,2.5,5.1,0.0,5.0,0.1
nonelderly_childless_hh,percentiles_96_99,2016,2.5,5.0,0.0,4.9,0.1
nonelderly_childless_hh,percentiles_96_99,2017,2.5,5.2,0.0,5.2,0.1
nonelderly_childless_hh,top_1_percent,1979,0.4,0.8,0.0,0.8,0.0
nonelderly_childless_hh,top_1_percent,1980,0.4,0.9,0.0,0.8,0.0
nonelderly_childless_hh,top_1_percent,1981,0.4,0.9,0.0,0.9,0.0
nonelderly_childless_hh,top_1_percent,1982,0.4,0.9,0.0,0.9,0.0
nonelderly_childless_hh,top_1_percent,1983,0.4,0.9,0.0,0.9,0.0
nonelderly_childless_hh,top_1_percent,1984,0.4,0.8,0.0,0.8,0.0
nonelderly_childless_hh,top_1_percent,1985,0.4,0.9,0.0,0.9,0.0
nonelderly_childless_hh,top_1_percent,1986,0.4,0.9,0.0,0.9,0.0
nonelderly_childless_hh,top_1_percent,1987,0.5,1.0,0.0,0.9,0.0
nonelderly_childless_hh,top_1_percent,1988,0.5,1.0,0.0,1.0,0.0
nonelderly_childless_hh,top_1_percent,1989,0.5,1.0,0.0,1.0,0.0
nonelderly_childless_hh,top_1_percent,1990,0.5,1.0,0.0,1.0,0.0
nonelderly_childless_hh,top_1_percent,1991,0.5,1.1,0.0,1.1,0.0
nonelderly_childless_hh,top_1_percent,1992,0.5,1.1,0.0,1.1,0.0
nonelderly_childless_hh,top_1_percent,1993,0.5,1.1,0.0,1.1,0.0
nonelderly_childless_hh,top_1_percent,1994,0.5,1.0,0.0,1.0,0.0
nonelderly_childless_hh,top_1_percent,1995,0.5,1.0,0.0,1.0,0.0
nonelderly_childless_hh,top_1_percent,1996,0.5,1.0,0.0,1.0,0.0
nonelderly_childless_hh,top_1_percent,1997,0.5,1.0,0.0,1.0,0.0
nonelderly_childless_hh,top_1_percent,1998,0.5,1.0,0.0,1.0,0.0
nonelderly_childless_hh,top_1_percent,1999,0.5,1.0,0.0,1.0,0.0
nonelderly_childless_hh,top_1_percent,2000,0.6,1.1,0.0,1.0,0.0
nonelderly_childless_hh,top_1_percent,2001,0.6,1.1,0.0,1.1,0.0
nonelderly_childless_hh,top_1_percent,2002,0.6,1.1,0.0,1.1,0.0
nonelderly_childless_hh,top_1_percent,2003,0.6,1.1,0.0,1.1,0.0
nonelderly_childless_hh,top_1_percent,2004,0.5,1.0,0.0,1.0,0.0
nonelderly_childless_hh,top_1_percent,2005,0.5,1.1,0.0,1.1,0.0
nonelderly_childless_hh,top_1_percent,2006,0.5,1.0,0.0,1.0,0.0
nonelderly_childless_hh,top_1_percent,2007,0.5,1.0,0.0,1.0,0.0
nonelderly_childless_hh,top_1_percent,2008,0.5,1.0,0.0,1.0,0.0
nonelderly_childless_hh,top_1_percent,2009,0.5,1.0,0.0,1.0,0.0
nonelderly_childless_hh,top_1_percent,2010,0.5,1.0,0.0,1.0,0.0
nonelderly_childless_hh,top_1_percent,2011,0.5,1.0,0.0,1.0,0.0
nonelderly_childless_hh,top_1_percent,2012,0.5,1.0,0.0,1.0,0.0
nonelderly_childless_hh,top_1_percent,2013,0.5,1.0,0.0,1.0,0.0
nonelderly_childless_hh,top_1_percent,2014,0.5,1.0,0.0,1.0,0.0
nonelderly_childless_hh,top_1_percent,2015,0.5,0.9,0.0,0.9,0.0
nonelderly_childless_hh,top_1_percent,2016,0.5,1.0,0.0,1.0,0.0
nonelderly_childless_hh,top_1_percent,2017,0.5,1.0,0.0,1.0,0.0
